

Microchip MPLAB XC8 Assembler V3.10 build 20250813170317 
                                                                                               Wed May  6 14:50:57 2026

Microchip MPLAB XC8 C Compiler v3.10 (Free license) build 20250813170317 Og1 
     1                           	processor	18F4580
     2                           	fnconf	rparam,??,?,0
     3                           	pagewidth 120
     4                           	opt	flic
     5                           	psect	idataCOMRAM,global,class=CODE,space=0,delta=1,noexec
     6                           	psect	idataBANK0,global,class=CODE,space=0,delta=1,noexec
     7                           	psect	mediumconst,global,reloc=2,class=MEDIUMCONST,space=0,delta=1,noexec
     8                           	psect	cinit,global,reloc=2,class=CODE,space=0,delta=1
     9                           	psect	bssCOMRAM,global,class=COMRAM,space=1,delta=1,lowdata,noexec
    10                           	psect	dataCOMRAM,global,class=COMRAM,space=1,delta=1,lowdata,noexec
    11                           	psect	bssBANK0,global,class=BANK0,space=1,delta=1,lowdata,noexec
    12                           	psect	dataBANK0,global,class=BANK0,space=1,delta=1,lowdata,noexec
    13                           	psect	cstackCOMRAM,global,class=COMRAM,space=1,delta=1,lowdata,noexec
    14                           	psect	text0,global,reloc=2,class=CODE,space=0,delta=1
    15                           	psect	text1,global,reloc=2,class=CODE,space=0,delta=1
    16                           	psect	text2,global,reloc=2,class=CODE,space=0,delta=1
    17                           	psect	text3,global,reloc=2,class=CODE,space=0,delta=1
    18                           	psect	text4,global,reloc=2,class=CODE,space=0,delta=1
    19                           	psect	text5,global,reloc=2,class=CODE,space=0,delta=1
    20                           	psect	text6,global,reloc=2,class=CODE,space=0,delta=1
    21                           	psect	text7,global,reloc=2,class=CODE,space=0,delta=1,group=1
    22                           	psect	text8,global,reloc=2,class=CODE,space=0,delta=1,group=1
    23                           	psect	text9,global,reloc=2,class=CODE,space=0,delta=1,group=1
    24                           	psect	text10,global,reloc=2,class=CODE,space=0,delta=1
    25                           	psect	text11,global,reloc=2,class=CODE,space=0,delta=1
    26                           	psect	text12,global,reloc=2,class=CODE,space=0,delta=1,group=1
    27                           	psect	text13,global,reloc=2,class=CODE,space=0,delta=1,group=1
    28                           	psect	text14,global,reloc=2,class=CODE,space=0,delta=1
    29                           	psect	text15,global,reloc=2,class=CODE,space=0,delta=1
    30                           	psect	text16,global,reloc=2,class=CODE,space=0,delta=1
    31                           	psect	text17,global,reloc=2,class=CODE,space=0,delta=1
    32                           	psect	text18,global,reloc=2,class=CODE,space=0,delta=1
    33                           	psect	text19,global,reloc=2,class=CODE,space=0,delta=1
    34                           	psect	text20,global,reloc=2,class=CODE,space=0,delta=1
    35                           	psect	text21,global,reloc=2,class=CODE,space=0,delta=1
    36                           	psect	text22,global,reloc=2,class=CODE,space=0,delta=1
    37                           	psect	text23,global,reloc=2,class=CODE,space=0,delta=1
    38                           	psect	text24,global,reloc=2,class=CODE,space=0,delta=1
    39                           	psect	text25,global,reloc=2,class=CODE,space=0,delta=1
    40                           	psect	text26,global,reloc=2,class=CODE,space=0,delta=1
    41                           	psect	text27,global,reloc=2,class=CODE,space=0,delta=1
    42                           	psect	text28,global,reloc=2,class=CODE,space=0,delta=1
    43                           	psect	text29,global,reloc=2,class=CODE,space=0,delta=1
    44                           	psect	text30,global,reloc=2,class=CODE,space=0,delta=1
    45                           	psect	text31,global,reloc=2,class=CODE,space=0,delta=1
    46                           	psect	text32,global,reloc=2,class=CODE,space=0,delta=1
    47                           	psect	text33,global,reloc=2,class=CODE,space=0,delta=1
    48                           	psect	text34,global,reloc=2,class=CODE,space=0,delta=1
    49                           	psect	text35,global,reloc=2,class=CODE,space=0,delta=1
    50                           	psect	text36,global,reloc=2,class=CODE,space=0,delta=1
    51                           	psect	text37,global,reloc=2,class=CODE,space=0,delta=1
    52                           	psect	text38,global,reloc=2,class=CODE,space=0,delta=1
    53                           	psect	text39,global,reloc=2,class=CODE,space=0,delta=1
    54                           	psect	text40,global,reloc=2,class=CODE,space=0,delta=1
    55                           	psect	text41,global,reloc=2,class=CODE,space=0,delta=1
    56                           	psect	intcode,global,reloc=2,class=CODE,space=0,delta=1
    57                           	psect	intcode_body,global,reloc=2,class=CODE,space=0,delta=1
    58                           	psect	intsave_regs,global,class=BIGRAM,space=1,delta=1,noexec
    59                           	psect	rparam,global,class=COMRAM,space=1,delta=1,noexec
    60                           	psect	idloc,global,abs,ovrld,class=IDLOC,space=5,delta=1,noexec
    61                           	psect	config,global,abs,ovrld,class=CONFIG,space=4,delta=1,noexec
    62                           	dabs	1,0x1,1
    63   000000                     
    64                           ; Version 2.20
    65                           ; Generated 12/02/2020 GMT
    66                           ; 
    67                           ; Copyright © 2020, Microchip Technology Inc. and its subsidiaries ("Microchip")
    68                           ; All rights reserved.
    69                           ; 
    70                           ; This software is developed by Microchip Technology Inc. and its subsidiaries ("Microch
      +                          ip").
    71                           ; 
    72                           ; Redistribution and use in source and binary forms, with or without modification, are
    73                           ; permitted provided that the following conditions are met:
    74                           ; 
    75                           ;     1. Redistributions of source code must retain the above copyright notice, this lis
      +                          t of
    76                           ;        conditions and the following disclaimer.
    77                           ; 
    78                           ;     2. Redistributions in binary form must reproduce the above copyright notice, this 
      +                          list
    79                           ;        of conditions and the following disclaimer in the documentation and/or other
    80                           ;        materials provided with the distribution.
    81                           ; 
    82                           ;     3. Microchip's name may not be used to endorse or promote products derived from th
      +                          is
    83                           ;        software without specific prior written permission.
    84                           ; 
    85                           ; THIS SOFTWARE IS PROVIDED BY MICROCHIP "AS IS" AND ANY EXPRESS OR IMPLIED WARRANTIES,
    86                           ; INCLUDING, BUT NOT LIMITED TO, THE IMPLIED WARRANTIES OF MERCHANTABILITY AND FITNESS F
      +                          OR
    87                           ; PURPOSE ARE DISCLAIMED.  IN NO EVENT SHALL MICROCHIP BE LIABLE FOR ANY DIRECT, INDIREC
      +                          T,
    88                           ; INCIDENTAL, SPECIAL, EXEMPLARY, OR CONSEQUENTIAL DAMAGES (INCLUDING BUT NOT LIMITED TO
    89                           ; PROCUREMENT OF SUBSTITUTE GOODS OR SERVICES; LOSS OF USE, DATA OR PROFITS; OR BUSINESS
    90                           ; INTERRUPTION) HOWSOEVER CAUSED AND ON ANY THEORY OF LIABILITY, WHETHER IN CONTRACT, ST
      +                          RICT
    91                           ; LIABILITY, OR TORT (INCLUDING NEGLIGENCE OR OTHERWISE) ARISING IN ANY WAY OUT OF THE U
      +                          SE OF
    92                           ; THIS SOFTWARE, EVEN IF ADVISED OF THE POSSIBILITY OF SUCH DAMAGE.
    93                           ; 
    94                           ; 
    95                           ; Code-generator required, PIC18F4580 Definitions
    96                           ; 
    97                           ; SFR Addresses
    98   000FE0                     bsr             equ	4064
    99   000FE9                     fsr0            equ	4073
   100   000FEA                     fsr0h           equ	4074
   101   000FE9                     fsr0l           equ	4073
   102   000FE1                     fsr1            equ	4065
   103   000FE2                     fsr1h           equ	4066
   104   000FE1                     fsr1l           equ	4065
   105   000FD9                     fsr2            equ	4057
   106   000FDA                     fsr2h           equ	4058
   107   000FD9                     fsr2l           equ	4057
   108   000FEF                     indf0           equ	4079
   109   000FE7                     indf1           equ	4071
   110   000FDF                     indf2           equ	4063
   111   000FF2                     intcon          equ	4082
   112   000000                     nvmcon          equ	0
   113   000FF9                     pcl             equ	4089
   114   000FFA                     pclath          equ	4090
   115   000FFB                     pclatu          equ	4091
   116   000FEB                     plusw0          equ	4075
   117   000FE3                     plusw1          equ	4067
   118   000FDB                     plusw2          equ	4059
   119   000FED                     postdec0        equ	4077
   120   000FE5                     postdec1        equ	4069
   121   000FDD                     postdec2        equ	4061
   122   000FEE                     postinc0        equ	4078
   123   000FE6                     postinc1        equ	4070
   124   000FDE                     postinc2        equ	4062
   125   000FEC                     preinc0         equ	4076
   126   000FE4                     preinc1         equ	4068
   127   000FDC                     preinc2         equ	4060
   128   000FF3                     prod            equ	4083
   129   000FF4                     prodh           equ	4084
   130   000FF3                     prodl           equ	4083
   131   000FD8                     status          equ	4056
   132   000FF5                     tablat          equ	4085
   133   000FF6                     tblptr          equ	4086
   134   000FF7                     tblptrh         equ	4087
   135   000FF6                     tblptrl         equ	4086
   136   000FF8                     tblptru         equ	4088
   137   000FFD                     tosl            equ	4093
   138   000FE8                     wreg            equ	4072
   139   000D60                     RXF6SIDH        equ	3424	;# 
   140   000D61                     RXF6SIDL        equ	3425	;# 
   141   000D62                     RXF6EIDH        equ	3426	;# 
   142   000D63                     RXF6EIDL        equ	3427	;# 
   143   000D64                     RXF7SIDH        equ	3428	;# 
   144   000D65                     RXF7SIDL        equ	3429	;# 
   145   000D66                     RXF7EIDH        equ	3430	;# 
   146   000D67                     RXF7EIDL        equ	3431	;# 
   147   000D68                     RXF8SIDH        equ	3432	;# 
   148   000D69                     RXF8SIDL        equ	3433	;# 
   149   000D6A                     RXF8EIDH        equ	3434	;# 
   150   000D6B                     RXF8EIDL        equ	3435	;# 
   151   000D70                     RXF9SIDH        equ	3440	;# 
   152   000D71                     RXF9SIDL        equ	3441	;# 
   153   000D72                     RXF9EIDH        equ	3442	;# 
   154   000D73                     RXF9EIDL        equ	3443	;# 
   155   000D74                     RXF10SIDH       equ	3444	;# 
   156   000D75                     RXF10SIDL       equ	3445	;# 
   157   000D76                     RXF10EIDH       equ	3446	;# 
   158   000D77                     RXF10EIDL       equ	3447	;# 
   159   000D78                     RXF11SIDH       equ	3448	;# 
   160   000D79                     RXF11SIDL       equ	3449	;# 
   161   000D7A                     RXF11EIDH       equ	3450	;# 
   162   000D7B                     RXF11EIDL       equ	3451	;# 
   163   000D80                     RXF12SIDH       equ	3456	;# 
   164   000D81                     RXF12SIDL       equ	3457	;# 
   165   000D82                     RXF12EIDH       equ	3458	;# 
   166   000D83                     RXF12EIDL       equ	3459	;# 
   167   000D84                     RXF13SIDH       equ	3460	;# 
   168   000D85                     RXF13SIDL       equ	3461	;# 
   169   000D86                     RXF13EIDH       equ	3462	;# 
   170   000D87                     RXF13EIDL       equ	3463	;# 
   171   000D88                     RXF14SIDH       equ	3464	;# 
   172   000D89                     RXF14SIDL       equ	3465	;# 
   173   000D8A                     RXF14EIDH       equ	3466	;# 
   174   000D8B                     RXF14EIDL       equ	3467	;# 
   175   000D90                     RXF15SIDH       equ	3472	;# 
   176   000D91                     RXF15SIDL       equ	3473	;# 
   177   000D92                     RXF15EIDH       equ	3474	;# 
   178   000D93                     RXF15EIDL       equ	3475	;# 
   179   000DD4                     RXFCON0         equ	3540	;# 
   180   000DD5                     RXFCON1         equ	3541	;# 
   181   000DD8                     SDFLC           equ	3544	;# 
   182   000DE0                     RXFBCON0        equ	3552	;# 
   183   000DE1                     RXFBCON1        equ	3553	;# 
   184   000DE2                     RXFBCON2        equ	3554	;# 
   185   000DE3                     RXFBCON3        equ	3555	;# 
   186   000DE4                     RXFBCON4        equ	3556	;# 
   187   000DE5                     RXFBCON5        equ	3557	;# 
   188   000DE6                     RXFBCON6        equ	3558	;# 
   189   000DE7                     RXFBCON7        equ	3559	;# 
   190   000DF0                     MSEL0           equ	3568	;# 
   191   000DF1                     MSEL1           equ	3569	;# 
   192   000DF2                     MSEL2           equ	3570	;# 
   193   000DF3                     MSEL3           equ	3571	;# 
   194   000DF8                     BSEL0           equ	3576	;# 
   195   000DFA                     BIE0            equ	3578	;# 
   196   000DFC                     TXBIE           equ	3580	;# 
   197   000E20                     B0CON           equ	3616	;# 
   198   000E21                     B0SIDH          equ	3617	;# 
   199   000E22                     B0SIDL          equ	3618	;# 
   200   000E23                     B0EIDH          equ	3619	;# 
   201   000E24                     B0EIDL          equ	3620	;# 
   202   000E25                     B0DLC           equ	3621	;# 
   203   000E26                     B0D0            equ	3622	;# 
   204   000E27                     B0D1            equ	3623	;# 
   205   000E28                     B0D2            equ	3624	;# 
   206   000E29                     B0D3            equ	3625	;# 
   207   000E2A                     B0D4            equ	3626	;# 
   208   000E2B                     B0D5            equ	3627	;# 
   209   000E2C                     B0D6            equ	3628	;# 
   210   000E2D                     B0D7            equ	3629	;# 
   211   000E2E                     CANSTAT_RO9     equ	3630	;# 
   212   000E2F                     CANCON_RO9      equ	3631	;# 
   213   000E30                     B1CON           equ	3632	;# 
   214   000E31                     B1SIDH          equ	3633	;# 
   215   000E32                     B1SIDL          equ	3634	;# 
   216   000E33                     B1EIDH          equ	3635	;# 
   217   000E34                     B1EIDL          equ	3636	;# 
   218   000E35                     B1DLC           equ	3637	;# 
   219   000E36                     B1D0            equ	3638	;# 
   220   000E37                     B1D1            equ	3639	;# 
   221   000E38                     B1D2            equ	3640	;# 
   222   000E39                     B1D3            equ	3641	;# 
   223   000E3A                     B1D4            equ	3642	;# 
   224   000E3B                     B1D5            equ	3643	;# 
   225   000E3C                     B1D6            equ	3644	;# 
   226   000E3D                     B1D7            equ	3645	;# 
   227   000E3E                     CANSTAT_RO8     equ	3646	;# 
   228   000E3F                     CANCON_RO8      equ	3647	;# 
   229   000E40                     B2CON           equ	3648	;# 
   230   000E41                     B2SIDH          equ	3649	;# 
   231   000E42                     B2SIDL          equ	3650	;# 
   232   000E43                     B2EIDH          equ	3651	;# 
   233   000E44                     B2EIDL          equ	3652	;# 
   234   000E45                     B2DLC           equ	3653	;# 
   235   000E46                     B2D0            equ	3654	;# 
   236   000E47                     B2D1            equ	3655	;# 
   237   000E48                     B2D2            equ	3656	;# 
   238   000E49                     B2D3            equ	3657	;# 
   239   000E4A                     B2D4            equ	3658	;# 
   240   000E4B                     B2D5            equ	3659	;# 
   241   000E4C                     B2D6            equ	3660	;# 
   242   000E4D                     B2D7            equ	3661	;# 
   243   000E4E                     CANSTAT_RO7     equ	3662	;# 
   244   000E4F                     CANCON_RO7      equ	3663	;# 
   245   000E50                     B3CON           equ	3664	;# 
   246   000E51                     B3SIDH          equ	3665	;# 
   247   000E52                     B3SIDL          equ	3666	;# 
   248   000E53                     B3EIDH          equ	3667	;# 
   249   000E54                     B3EIDL          equ	3668	;# 
   250   000E55                     B3DLC           equ	3669	;# 
   251   000E56                     B3D0            equ	3670	;# 
   252   000E57                     B3D1            equ	3671	;# 
   253   000E58                     B3D2            equ	3672	;# 
   254   000E59                     B3D3            equ	3673	;# 
   255   000E5A                     B3D4            equ	3674	;# 
   256   000E5B                     B3D5            equ	3675	;# 
   257   000E5C                     B3D6            equ	3676	;# 
   258   000E5D                     B3D7            equ	3677	;# 
   259   000E5E                     CANSTAT_RO6     equ	3678	;# 
   260   000E5F                     CANCON_RO6      equ	3679	;# 
   261   000E60                     B4CON           equ	3680	;# 
   262   000E61                     B4SIDH          equ	3681	;# 
   263   000E62                     B4SIDL          equ	3682	;# 
   264   000E63                     B4EIDH          equ	3683	;# 
   265   000E64                     B4EIDL          equ	3684	;# 
   266   000E65                     B4DLC           equ	3685	;# 
   267   000E66                     B4D0            equ	3686	;# 
   268   000E67                     B4D1            equ	3687	;# 
   269   000E68                     B4D2            equ	3688	;# 
   270   000E69                     B4D3            equ	3689	;# 
   271   000E6A                     B4D4            equ	3690	;# 
   272   000E6B                     B4D5            equ	3691	;# 
   273   000E6C                     B4D6            equ	3692	;# 
   274   000E6D                     B4D7            equ	3693	;# 
   275   000E6E                     CANSTAT_RO5     equ	3694	;# 
   276   000E6F                     CANCON_RO5      equ	3695	;# 
   277   000E70                     B5CON           equ	3696	;# 
   278   000E71                     B5SIDH          equ	3697	;# 
   279   000E72                     B5SIDL          equ	3698	;# 
   280   000E73                     B5EIDH          equ	3699	;# 
   281   000E74                     B5EIDL          equ	3700	;# 
   282   000E75                     B5DLC           equ	3701	;# 
   283   000E76                     B5D0            equ	3702	;# 
   284   000E77                     B5D1            equ	3703	;# 
   285   000E78                     B5D2            equ	3704	;# 
   286   000E79                     B5D3            equ	3705	;# 
   287   000E7A                     B5D4            equ	3706	;# 
   288   000E7B                     B5D5            equ	3707	;# 
   289   000E7C                     B5D6            equ	3708	;# 
   290   000E7D                     B5D7            equ	3709	;# 
   291   000E7E                     CANSTAT_RO4     equ	3710	;# 
   292   000E7F                     CANCON_RO4      equ	3711	;# 
   293   000F00                     RXF0SIDH        equ	3840	;# 
   294   000F01                     RXF0SIDL        equ	3841	;# 
   295   000F02                     RXF0EIDH        equ	3842	;# 
   296   000F03                     RXF0EIDL        equ	3843	;# 
   297   000F04                     RXF1SIDH        equ	3844	;# 
   298   000F05                     RXF1SIDL        equ	3845	;# 
   299   000F06                     RXF1EIDH        equ	3846	;# 
   300   000F07                     RXF1EIDL        equ	3847	;# 
   301   000F08                     RXF2SIDH        equ	3848	;# 
   302   000F09                     RXF2SIDL        equ	3849	;# 
   303   000F0A                     RXF2EIDH        equ	3850	;# 
   304   000F0B                     RXF2EIDL        equ	3851	;# 
   305   000F0C                     RXF3SIDH        equ	3852	;# 
   306   000F0D                     RXF3SIDL        equ	3853	;# 
   307   000F0E                     RXF3EIDH        equ	3854	;# 
   308   000F0F                     RXF3EIDL        equ	3855	;# 
   309   000F10                     RXF4SIDH        equ	3856	;# 
   310   000F11                     RXF4SIDL        equ	3857	;# 
   311   000F12                     RXF4EIDH        equ	3858	;# 
   312   000F13                     RXF4EIDL        equ	3859	;# 
   313   000F14                     RXF5SIDH        equ	3860	;# 
   314   000F15                     RXF5SIDL        equ	3861	;# 
   315   000F16                     RXF5EIDH        equ	3862	;# 
   316   000F17                     RXF5EIDL        equ	3863	;# 
   317   000F18                     RXM0SIDH        equ	3864	;# 
   318   000F19                     RXM0SIDL        equ	3865	;# 
   319   000F1A                     RXM0EIDH        equ	3866	;# 
   320   000F1B                     RXM0EIDL        equ	3867	;# 
   321   000F1C                     RXM1SIDH        equ	3868	;# 
   322   000F1D                     RXM1SIDL        equ	3869	;# 
   323   000F1E                     RXM1EIDH        equ	3870	;# 
   324   000F1F                     RXM1EIDL        equ	3871	;# 
   325   000F20                     TXB2CON         equ	3872	;# 
   326   000F21                     TXB2SIDH        equ	3873	;# 
   327   000F22                     TXB2SIDL        equ	3874	;# 
   328   000F23                     TXB2EIDH        equ	3875	;# 
   329   000F24                     TXB2EIDL        equ	3876	;# 
   330   000F25                     TXB2DLC         equ	3877	;# 
   331   000F26                     TXB2D0          equ	3878	;# 
   332   000F27                     TXB2D1          equ	3879	;# 
   333   000F28                     TXB2D2          equ	3880	;# 
   334   000F29                     TXB2D3          equ	3881	;# 
   335   000F2A                     TXB2D4          equ	3882	;# 
   336   000F2B                     TXB2D5          equ	3883	;# 
   337   000F2C                     TXB2D6          equ	3884	;# 
   338   000F2D                     TXB2D7          equ	3885	;# 
   339   000F2E                     CANSTAT_RO3     equ	3886	;# 
   340   000F2F                     CANCON_RO3      equ	3887	;# 
   341   000F30                     TXB1CON         equ	3888	;# 
   342   000F31                     TXB1SIDH        equ	3889	;# 
   343   000F32                     TXB1SIDL        equ	3890	;# 
   344   000F33                     TXB1EIDH        equ	3891	;# 
   345   000F34                     TXB1EIDL        equ	3892	;# 
   346   000F35                     TXB1DLC         equ	3893	;# 
   347   000F36                     TXB1D0          equ	3894	;# 
   348   000F37                     TXB1D1          equ	3895	;# 
   349   000F38                     TXB1D2          equ	3896	;# 
   350   000F39                     TXB1D3          equ	3897	;# 
   351   000F3A                     TXB1D4          equ	3898	;# 
   352   000F3B                     TXB1D5          equ	3899	;# 
   353   000F3C                     TXB1D6          equ	3900	;# 
   354   000F3D                     TXB1D7          equ	3901	;# 
   355   000F3E                     CANSTAT_RO2     equ	3902	;# 
   356   000F3F                     CANCON_RO2      equ	3903	;# 
   357   000F40                     TXB0CON         equ	3904	;# 
   358   000F41                     TXB0SIDH        equ	3905	;# 
   359   000F42                     TXB0SIDL        equ	3906	;# 
   360   000F43                     TXB0EIDH        equ	3907	;# 
   361   000F44                     TXB0EIDL        equ	3908	;# 
   362   000F45                     TXB0DLC         equ	3909	;# 
   363   000F46                     TXB0D0          equ	3910	;# 
   364   000F47                     TXB0D1          equ	3911	;# 
   365   000F48                     TXB0D2          equ	3912	;# 
   366   000F49                     TXB0D3          equ	3913	;# 
   367   000F4A                     TXB0D4          equ	3914	;# 
   368   000F4B                     TXB0D5          equ	3915	;# 
   369   000F4C                     TXB0D6          equ	3916	;# 
   370   000F4D                     TXB0D7          equ	3917	;# 
   371   000F4E                     CANSTAT_RO1     equ	3918	;# 
   372   000F4F                     CANCON_RO1      equ	3919	;# 
   373   000F50                     RXB1CON         equ	3920	;# 
   374   000F51                     RXB1SIDH        equ	3921	;# 
   375   000F52                     RXB1SIDL        equ	3922	;# 
   376   000F53                     RXB1EIDH        equ	3923	;# 
   377   000F54                     RXB1EIDL        equ	3924	;# 
   378   000F55                     RXB1DLC         equ	3925	;# 
   379   000F56                     RXB1D0          equ	3926	;# 
   380   000F57                     RXB1D1          equ	3927	;# 
   381   000F58                     RXB1D2          equ	3928	;# 
   382   000F59                     RXB1D3          equ	3929	;# 
   383   000F5A                     RXB1D4          equ	3930	;# 
   384   000F5B                     RXB1D5          equ	3931	;# 
   385   000F5C                     RXB1D6          equ	3932	;# 
   386   000F5D                     RXB1D7          equ	3933	;# 
   387   000F5E                     CANSTAT_RO0     equ	3934	;# 
   388   000F5F                     CANCON_RO0      equ	3935	;# 
   389   000F60                     RXB0CON         equ	3936	;# 
   390   000F61                     RXB0SIDH        equ	3937	;# 
   391   000F62                     RXB0SIDL        equ	3938	;# 
   392   000F63                     RXB0EIDH        equ	3939	;# 
   393   000F64                     RXB0EIDL        equ	3940	;# 
   394   000F65                     RXB0DLC         equ	3941	;# 
   395   000F66                     RXB0D0          equ	3942	;# 
   396   000F67                     RXB0D1          equ	3943	;# 
   397   000F68                     RXB0D2          equ	3944	;# 
   398   000F69                     RXB0D3          equ	3945	;# 
   399   000F6A                     RXB0D4          equ	3946	;# 
   400   000F6B                     RXB0D5          equ	3947	;# 
   401   000F6C                     RXB0D6          equ	3948	;# 
   402   000F6D                     RXB0D7          equ	3949	;# 
   403   000F6E                     CANSTAT         equ	3950	;# 
   404   000F6F                     CANCON          equ	3951	;# 
   405   000F70                     BRGCON1         equ	3952	;# 
   406   000F71                     BRGCON2         equ	3953	;# 
   407   000F72                     BRGCON3         equ	3954	;# 
   408   000F73                     CIOCON          equ	3955	;# 
   409   000F74                     COMSTAT         equ	3956	;# 
   410   000F75                     RXERRCNT        equ	3957	;# 
   411   000F76                     TXERRCNT        equ	3958	;# 
   412   000F77                     ECANCON         equ	3959	;# 
   413   000F80                     PORTA           equ	3968	;# 
   414   000F81                     PORTB           equ	3969	;# 
   415   000F82                     PORTC           equ	3970	;# 
   416   000F83                     PORTD           equ	3971	;# 
   417   000F84                     PORTE           equ	3972	;# 
   418   000F89                     LATA            equ	3977	;# 
   419   000F8A                     LATB            equ	3978	;# 
   420   000F8B                     LATC            equ	3979	;# 
   421   000F8C                     LATD            equ	3980	;# 
   422   000F8D                     LATE            equ	3981	;# 
   423   000F92                     TRISA           equ	3986	;# 
   424   000F92                     DDRA            equ	3986	;# 
   425   000F93                     TRISB           equ	3987	;# 
   426   000F93                     DDRB            equ	3987	;# 
   427   000F94                     TRISC           equ	3988	;# 
   428   000F94                     DDRC            equ	3988	;# 
   429   000F95                     TRISD           equ	3989	;# 
   430   000F95                     DDRD            equ	3989	;# 
   431   000F96                     TRISE           equ	3990	;# 
   432   000F96                     DDRE            equ	3990	;# 
   433   000F9B                     OSCTUNE         equ	3995	;# 
   434   000F9D                     PIE1            equ	3997	;# 
   435   000F9E                     PIR1            equ	3998	;# 
   436   000F9F                     IPR1            equ	3999	;# 
   437   000FA0                     PIE2            equ	4000	;# 
   438   000FA1                     PIR2            equ	4001	;# 
   439   000FA2                     IPR2            equ	4002	;# 
   440   000FA3                     PIE3            equ	4003	;# 
   441   000FA4                     PIR3            equ	4004	;# 
   442   000FA5                     IPR3            equ	4005	;# 
   443   000FA6                     EECON1          equ	4006	;# 
   444   000FA7                     EECON2          equ	4007	;# 
   445   000FA8                     EEDATA          equ	4008	;# 
   446   000FA9                     EEADR           equ	4009	;# 
   447   000FAB                     RCSTA           equ	4011	;# 
   448   000FAB                     RCSTA1          equ	4011	;# 
   449   000FAC                     TXSTA           equ	4012	;# 
   450   000FAC                     TXSTA1          equ	4012	;# 
   451   000FAD                     TXREG           equ	4013	;# 
   452   000FAD                     TXREG1          equ	4013	;# 
   453   000FAE                     RCREG           equ	4014	;# 
   454   000FAE                     RCREG1          equ	4014	;# 
   455   000FAF                     SPBRG           equ	4015	;# 
   456   000FAF                     SPBRG1          equ	4015	;# 
   457   000FB0                     SPBRGH          equ	4016	;# 
   458   000FB1                     T3CON           equ	4017	;# 
   459   000FB2                     TMR3            equ	4018	;# 
   460   000FB2                     TMR3L           equ	4018	;# 
   461   000FB3                     TMR3H           equ	4019	;# 
   462   000FB4                     CMCON           equ	4020	;# 
   463   000FB5                     CVRCON          equ	4021	;# 
   464   000FB6                     ECCP1AS         equ	4022	;# 
   465   000FB7                     ECCP1DEL        equ	4023	;# 
   466   000FB8                     BAUDCON         equ	4024	;# 
   467   000FB8                     BAUDCTL         equ	4024	;# 
   468   000FBA                     ECCP1CON        equ	4026	;# 
   469   000FBB                     ECCPR1          equ	4027	;# 
   470   000FBB                     ECCPR1L         equ	4027	;# 
   471   000FBC                     ECCPR1H         equ	4028	;# 
   472   000FBD                     CCP1CON         equ	4029	;# 
   473   000FBE                     CCPR1           equ	4030	;# 
   474   000FBE                     CCPR1L          equ	4030	;# 
   475   000FBF                     CCPR1H          equ	4031	;# 
   476   000FC0                     ADCON2          equ	4032	;# 
   477   000FC1                     ADCON1          equ	4033	;# 
   478   000FC2                     ADCON0          equ	4034	;# 
   479   000FC3                     ADRES           equ	4035	;# 
   480   000FC3                     ADRESL          equ	4035	;# 
   481   000FC4                     ADRESH          equ	4036	;# 
   482   000FC5                     SSPCON2         equ	4037	;# 
   483   000FC6                     SSPCON1         equ	4038	;# 
   484   000FC7                     SSPSTAT         equ	4039	;# 
   485   000FC8                     SSPADD          equ	4040	;# 
   486   000FC9                     SSPBUF          equ	4041	;# 
   487   000FCA                     T2CON           equ	4042	;# 
   488   000FCB                     PR2             equ	4043	;# 
   489   000FCB                     MEMCON          equ	4043	;# 
   490   000FCC                     TMR2            equ	4044	;# 
   491   000FCD                     T1CON           equ	4045	;# 
   492   000FCE                     TMR1            equ	4046	;# 
   493   000FCE                     TMR1L           equ	4046	;# 
   494   000FCF                     TMR1H           equ	4047	;# 
   495   000FD0                     RCON            equ	4048	;# 
   496   000FD1                     WDTCON          equ	4049	;# 
   497   000FD2                     HLVDCON         equ	4050	;# 
   498   000FD2                     LVDCON          equ	4050	;# 
   499   000FD3                     OSCCON          equ	4051	;# 
   500   000FD5                     T0CON           equ	4053	;# 
   501   000FD6                     TMR0            equ	4054	;# 
   502   000FD6                     TMR0L           equ	4054	;# 
   503   000FD7                     TMR0H           equ	4055	;# 
   504   000FD8                     STATUS          equ	4056	;# 
   505   000FD9                     FSR2            equ	4057	;# 
   506   000FD9                     FSR2L           equ	4057	;# 
   507   000FDA                     FSR2H           equ	4058	;# 
   508   000FDB                     PLUSW2          equ	4059	;# 
   509   000FDC                     PREINC2         equ	4060	;# 
   510   000FDD                     POSTDEC2        equ	4061	;# 
   511   000FDE                     POSTINC2        equ	4062	;# 
   512   000FDF                     INDF2           equ	4063	;# 
   513   000FE0                     BSR             equ	4064	;# 
   514   000FE1                     FSR1            equ	4065	;# 
   515   000FE1                     FSR1L           equ	4065	;# 
   516   000FE2                     FSR1H           equ	4066	;# 
   517   000FE3                     PLUSW1          equ	4067	;# 
   518   000FE4                     PREINC1         equ	4068	;# 
   519   000FE5                     POSTDEC1        equ	4069	;# 
   520   000FE6                     POSTINC1        equ	4070	;# 
   521   000FE7                     INDF1           equ	4071	;# 
   522   000FE8                     WREG            equ	4072	;# 
   523   000FE9                     FSR0            equ	4073	;# 
   524   000FE9                     FSR0L           equ	4073	;# 
   525   000FEA                     FSR0H           equ	4074	;# 
   526   000FEB                     PLUSW0          equ	4075	;# 
   527   000FEC                     PREINC0         equ	4076	;# 
   528   000FED                     POSTDEC0        equ	4077	;# 
   529   000FEE                     POSTINC0        equ	4078	;# 
   530   000FEF                     INDF0           equ	4079	;# 
   531   000FF0                     INTCON3         equ	4080	;# 
   532   000FF1                     INTCON2         equ	4081	;# 
   533   000FF2                     INTCON          equ	4082	;# 
   534   000FF3                     PROD            equ	4083	;# 
   535   000FF3                     PRODL           equ	4083	;# 
   536   000FF4                     PRODH           equ	4084	;# 
   537   000FF5                     TABLAT          equ	4085	;# 
   538   000FF6                     TBLPTR          equ	4086	;# 
   539   000FF6                     TBLPTRL         equ	4086	;# 
   540   000FF7                     TBLPTRH         equ	4087	;# 
   541   000FF8                     TBLPTRU         equ	4088	;# 
   542   000FF9                     PCLAT           equ	4089	;# 
   543   000FF9                     PC              equ	4089	;# 
   544   000FF9                     PCL             equ	4089	;# 
   545   000FFA                     PCLATH          equ	4090	;# 
   546   000FFB                     PCLATU          equ	4091	;# 
   547   000FFC                     STKPTR          equ	4092	;# 
   548   000FFD                     TOS             equ	4093	;# 
   549   000FFD                     TOSL            equ	4093	;# 
   550   000FFE                     TOSH            equ	4094	;# 
   551   000FFF                     TOSU            equ	4095	;# 
   552   000D60                     RXF6SIDH        equ	3424	;# 
   553   000D61                     RXF6SIDL        equ	3425	;# 
   554   000D62                     RXF6EIDH        equ	3426	;# 
   555   000D63                     RXF6EIDL        equ	3427	;# 
   556   000D64                     RXF7SIDH        equ	3428	;# 
   557   000D65                     RXF7SIDL        equ	3429	;# 
   558   000D66                     RXF7EIDH        equ	3430	;# 
   559   000D67                     RXF7EIDL        equ	3431	;# 
   560   000D68                     RXF8SIDH        equ	3432	;# 
   561   000D69                     RXF8SIDL        equ	3433	;# 
   562   000D6A                     RXF8EIDH        equ	3434	;# 
   563   000D6B                     RXF8EIDL        equ	3435	;# 
   564   000D70                     RXF9SIDH        equ	3440	;# 
   565   000D71                     RXF9SIDL        equ	3441	;# 
   566   000D72                     RXF9EIDH        equ	3442	;# 
   567   000D73                     RXF9EIDL        equ	3443	;# 
   568   000D74                     RXF10SIDH       equ	3444	;# 
   569   000D75                     RXF10SIDL       equ	3445	;# 
   570   000D76                     RXF10EIDH       equ	3446	;# 
   571   000D77                     RXF10EIDL       equ	3447	;# 
   572   000D78                     RXF11SIDH       equ	3448	;# 
   573   000D79                     RXF11SIDL       equ	3449	;# 
   574   000D7A                     RXF11EIDH       equ	3450	;# 
   575   000D7B                     RXF11EIDL       equ	3451	;# 
   576   000D80                     RXF12SIDH       equ	3456	;# 
   577   000D81                     RXF12SIDL       equ	3457	;# 
   578   000D82                     RXF12EIDH       equ	3458	;# 
   579   000D83                     RXF12EIDL       equ	3459	;# 
   580   000D84                     RXF13SIDH       equ	3460	;# 
   581   000D85                     RXF13SIDL       equ	3461	;# 
   582   000D86                     RXF13EIDH       equ	3462	;# 
   583   000D87                     RXF13EIDL       equ	3463	;# 
   584   000D88                     RXF14SIDH       equ	3464	;# 
   585   000D89                     RXF14SIDL       equ	3465	;# 
   586   000D8A                     RXF14EIDH       equ	3466	;# 
   587   000D8B                     RXF14EIDL       equ	3467	;# 
   588   000D90                     RXF15SIDH       equ	3472	;# 
   589   000D91                     RXF15SIDL       equ	3473	;# 
   590   000D92                     RXF15EIDH       equ	3474	;# 
   591   000D93                     RXF15EIDL       equ	3475	;# 
   592   000DD4                     RXFCON0         equ	3540	;# 
   593   000DD5                     RXFCON1         equ	3541	;# 
   594   000DD8                     SDFLC           equ	3544	;# 
   595   000DE0                     RXFBCON0        equ	3552	;# 
   596   000DE1                     RXFBCON1        equ	3553	;# 
   597   000DE2                     RXFBCON2        equ	3554	;# 
   598   000DE3                     RXFBCON3        equ	3555	;# 
   599   000DE4                     RXFBCON4        equ	3556	;# 
   600   000DE5                     RXFBCON5        equ	3557	;# 
   601   000DE6                     RXFBCON6        equ	3558	;# 
   602   000DE7                     RXFBCON7        equ	3559	;# 
   603   000DF0                     MSEL0           equ	3568	;# 
   604   000DF1                     MSEL1           equ	3569	;# 
   605   000DF2                     MSEL2           equ	3570	;# 
   606   000DF3                     MSEL3           equ	3571	;# 
   607   000DF8                     BSEL0           equ	3576	;# 
   608   000DFA                     BIE0            equ	3578	;# 
   609   000DFC                     TXBIE           equ	3580	;# 
   610   000E20                     B0CON           equ	3616	;# 
   611   000E21                     B0SIDH          equ	3617	;# 
   612   000E22                     B0SIDL          equ	3618	;# 
   613   000E23                     B0EIDH          equ	3619	;# 
   614   000E24                     B0EIDL          equ	3620	;# 
   615   000E25                     B0DLC           equ	3621	;# 
   616   000E26                     B0D0            equ	3622	;# 
   617   000E27                     B0D1            equ	3623	;# 
   618   000E28                     B0D2            equ	3624	;# 
   619   000E29                     B0D3            equ	3625	;# 
   620   000E2A                     B0D4            equ	3626	;# 
   621   000E2B                     B0D5            equ	3627	;# 
   622   000E2C                     B0D6            equ	3628	;# 
   623   000E2D                     B0D7            equ	3629	;# 
   624   000E2E                     CANSTAT_RO9     equ	3630	;# 
   625   000E2F                     CANCON_RO9      equ	3631	;# 
   626   000E30                     B1CON           equ	3632	;# 
   627   000E31                     B1SIDH          equ	3633	;# 
   628   000E32                     B1SIDL          equ	3634	;# 
   629   000E33                     B1EIDH          equ	3635	;# 
   630   000E34                     B1EIDL          equ	3636	;# 
   631   000E35                     B1DLC           equ	3637	;# 
   632   000E36                     B1D0            equ	3638	;# 
   633   000E37                     B1D1            equ	3639	;# 
   634   000E38                     B1D2            equ	3640	;# 
   635   000E39                     B1D3            equ	3641	;# 
   636   000E3A                     B1D4            equ	3642	;# 
   637   000E3B                     B1D5            equ	3643	;# 
   638   000E3C                     B1D6            equ	3644	;# 
   639   000E3D                     B1D7            equ	3645	;# 
   640   000E3E                     CANSTAT_RO8     equ	3646	;# 
   641   000E3F                     CANCON_RO8      equ	3647	;# 
   642   000E40                     B2CON           equ	3648	;# 
   643   000E41                     B2SIDH          equ	3649	;# 
   644   000E42                     B2SIDL          equ	3650	;# 
   645   000E43                     B2EIDH          equ	3651	;# 
   646   000E44                     B2EIDL          equ	3652	;# 
   647   000E45                     B2DLC           equ	3653	;# 
   648   000E46                     B2D0            equ	3654	;# 
   649   000E47                     B2D1            equ	3655	;# 
   650   000E48                     B2D2            equ	3656	;# 
   651   000E49                     B2D3            equ	3657	;# 
   652   000E4A                     B2D4            equ	3658	;# 
   653   000E4B                     B2D5            equ	3659	;# 
   654   000E4C                     B2D6            equ	3660	;# 
   655   000E4D                     B2D7            equ	3661	;# 
   656   000E4E                     CANSTAT_RO7     equ	3662	;# 
   657   000E4F                     CANCON_RO7      equ	3663	;# 
   658   000E50                     B3CON           equ	3664	;# 
   659   000E51                     B3SIDH          equ	3665	;# 
   660   000E52                     B3SIDL          equ	3666	;# 
   661   000E53                     B3EIDH          equ	3667	;# 
   662   000E54                     B3EIDL          equ	3668	;# 
   663   000E55                     B3DLC           equ	3669	;# 
   664   000E56                     B3D0            equ	3670	;# 
   665   000E57                     B3D1            equ	3671	;# 
   666   000E58                     B3D2            equ	3672	;# 
   667   000E59                     B3D3            equ	3673	;# 
   668   000E5A                     B3D4            equ	3674	;# 
   669   000E5B                     B3D5            equ	3675	;# 
   670   000E5C                     B3D6            equ	3676	;# 
   671   000E5D                     B3D7            equ	3677	;# 
   672   000E5E                     CANSTAT_RO6     equ	3678	;# 
   673   000E5F                     CANCON_RO6      equ	3679	;# 
   674   000E60                     B4CON           equ	3680	;# 
   675   000E61                     B4SIDH          equ	3681	;# 
   676   000E62                     B4SIDL          equ	3682	;# 
   677   000E63                     B4EIDH          equ	3683	;# 
   678   000E64                     B4EIDL          equ	3684	;# 
   679   000E65                     B4DLC           equ	3685	;# 
   680   000E66                     B4D0            equ	3686	;# 
   681   000E67                     B4D1            equ	3687	;# 
   682   000E68                     B4D2            equ	3688	;# 
   683   000E69                     B4D3            equ	3689	;# 
   684   000E6A                     B4D4            equ	3690	;# 
   685   000E6B                     B4D5            equ	3691	;# 
   686   000E6C                     B4D6            equ	3692	;# 
   687   000E6D                     B4D7            equ	3693	;# 
   688   000E6E                     CANSTAT_RO5     equ	3694	;# 
   689   000E6F                     CANCON_RO5      equ	3695	;# 
   690   000E70                     B5CON           equ	3696	;# 
   691   000E71                     B5SIDH          equ	3697	;# 
   692   000E72                     B5SIDL          equ	3698	;# 
   693   000E73                     B5EIDH          equ	3699	;# 
   694   000E74                     B5EIDL          equ	3700	;# 
   695   000E75                     B5DLC           equ	3701	;# 
   696   000E76                     B5D0            equ	3702	;# 
   697   000E77                     B5D1            equ	3703	;# 
   698   000E78                     B5D2            equ	3704	;# 
   699   000E79                     B5D3            equ	3705	;# 
   700   000E7A                     B5D4            equ	3706	;# 
   701   000E7B                     B5D5            equ	3707	;# 
   702   000E7C                     B5D6            equ	3708	;# 
   703   000E7D                     B5D7            equ	3709	;# 
   704   000E7E                     CANSTAT_RO4     equ	3710	;# 
   705   000E7F                     CANCON_RO4      equ	3711	;# 
   706   000F00                     RXF0SIDH        equ	3840	;# 
   707   000F01                     RXF0SIDL        equ	3841	;# 
   708   000F02                     RXF0EIDH        equ	3842	;# 
   709   000F03                     RXF0EIDL        equ	3843	;# 
   710   000F04                     RXF1SIDH        equ	3844	;# 
   711   000F05                     RXF1SIDL        equ	3845	;# 
   712   000F06                     RXF1EIDH        equ	3846	;# 
   713   000F07                     RXF1EIDL        equ	3847	;# 
   714   000F08                     RXF2SIDH        equ	3848	;# 
   715   000F09                     RXF2SIDL        equ	3849	;# 
   716   000F0A                     RXF2EIDH        equ	3850	;# 
   717   000F0B                     RXF2EIDL        equ	3851	;# 
   718   000F0C                     RXF3SIDH        equ	3852	;# 
   719   000F0D                     RXF3SIDL        equ	3853	;# 
   720   000F0E                     RXF3EIDH        equ	3854	;# 
   721   000F0F                     RXF3EIDL        equ	3855	;# 
   722   000F10                     RXF4SIDH        equ	3856	;# 
   723   000F11                     RXF4SIDL        equ	3857	;# 
   724   000F12                     RXF4EIDH        equ	3858	;# 
   725   000F13                     RXF4EIDL        equ	3859	;# 
   726   000F14                     RXF5SIDH        equ	3860	;# 
   727   000F15                     RXF5SIDL        equ	3861	;# 
   728   000F16                     RXF5EIDH        equ	3862	;# 
   729   000F17                     RXF5EIDL        equ	3863	;# 
   730   000F18                     RXM0SIDH        equ	3864	;# 
   731   000F19                     RXM0SIDL        equ	3865	;# 
   732   000F1A                     RXM0EIDH        equ	3866	;# 
   733   000F1B                     RXM0EIDL        equ	3867	;# 
   734   000F1C                     RXM1SIDH        equ	3868	;# 
   735   000F1D                     RXM1SIDL        equ	3869	;# 
   736   000F1E                     RXM1EIDH        equ	3870	;# 
   737   000F1F                     RXM1EIDL        equ	3871	;# 
   738   000F20                     TXB2CON         equ	3872	;# 
   739   000F21                     TXB2SIDH        equ	3873	;# 
   740   000F22                     TXB2SIDL        equ	3874	;# 
   741   000F23                     TXB2EIDH        equ	3875	;# 
   742   000F24                     TXB2EIDL        equ	3876	;# 
   743   000F25                     TXB2DLC         equ	3877	;# 
   744   000F26                     TXB2D0          equ	3878	;# 
   745   000F27                     TXB2D1          equ	3879	;# 
   746   000F28                     TXB2D2          equ	3880	;# 
   747   000F29                     TXB2D3          equ	3881	;# 
   748   000F2A                     TXB2D4          equ	3882	;# 
   749   000F2B                     TXB2D5          equ	3883	;# 
   750   000F2C                     TXB2D6          equ	3884	;# 
   751   000F2D                     TXB2D7          equ	3885	;# 
   752   000F2E                     CANSTAT_RO3     equ	3886	;# 
   753   000F2F                     CANCON_RO3      equ	3887	;# 
   754   000F30                     TXB1CON         equ	3888	;# 
   755   000F31                     TXB1SIDH        equ	3889	;# 
   756   000F32                     TXB1SIDL        equ	3890	;# 
   757   000F33                     TXB1EIDH        equ	3891	;# 
   758   000F34                     TXB1EIDL        equ	3892	;# 
   759   000F35                     TXB1DLC         equ	3893	;# 
   760   000F36                     TXB1D0          equ	3894	;# 
   761   000F37                     TXB1D1          equ	3895	;# 
   762   000F38                     TXB1D2          equ	3896	;# 
   763   000F39                     TXB1D3          equ	3897	;# 
   764   000F3A                     TXB1D4          equ	3898	;# 
   765   000F3B                     TXB1D5          equ	3899	;# 
   766   000F3C                     TXB1D6          equ	3900	;# 
   767   000F3D                     TXB1D7          equ	3901	;# 
   768   000F3E                     CANSTAT_RO2     equ	3902	;# 
   769   000F3F                     CANCON_RO2      equ	3903	;# 
   770   000F40                     TXB0CON         equ	3904	;# 
   771   000F41                     TXB0SIDH        equ	3905	;# 
   772   000F42                     TXB0SIDL        equ	3906	;# 
   773   000F43                     TXB0EIDH        equ	3907	;# 
   774   000F44                     TXB0EIDL        equ	3908	;# 
   775   000F45                     TXB0DLC         equ	3909	;# 
   776   000F46                     TXB0D0          equ	3910	;# 
   777   000F47                     TXB0D1          equ	3911	;# 
   778   000F48                     TXB0D2          equ	3912	;# 
   779   000F49                     TXB0D3          equ	3913	;# 
   780   000F4A                     TXB0D4          equ	3914	;# 
   781   000F4B                     TXB0D5          equ	3915	;# 
   782   000F4C                     TXB0D6          equ	3916	;# 
   783   000F4D                     TXB0D7          equ	3917	;# 
   784   000F4E                     CANSTAT_RO1     equ	3918	;# 
   785   000F4F                     CANCON_RO1      equ	3919	;# 
   786   000F50                     RXB1CON         equ	3920	;# 
   787   000F51                     RXB1SIDH        equ	3921	;# 
   788   000F52                     RXB1SIDL        equ	3922	;# 
   789   000F53                     RXB1EIDH        equ	3923	;# 
   790   000F54                     RXB1EIDL        equ	3924	;# 
   791   000F55                     RXB1DLC         equ	3925	;# 
   792   000F56                     RXB1D0          equ	3926	;# 
   793   000F57                     RXB1D1          equ	3927	;# 
   794   000F58                     RXB1D2          equ	3928	;# 
   795   000F59                     RXB1D3          equ	3929	;# 
   796   000F5A                     RXB1D4          equ	3930	;# 
   797   000F5B                     RXB1D5          equ	3931	;# 
   798   000F5C                     RXB1D6          equ	3932	;# 
   799   000F5D                     RXB1D7          equ	3933	;# 
   800   000F5E                     CANSTAT_RO0     equ	3934	;# 
   801   000F5F                     CANCON_RO0      equ	3935	;# 
   802   000F60                     RXB0CON         equ	3936	;# 
   803   000F61                     RXB0SIDH        equ	3937	;# 
   804   000F62                     RXB0SIDL        equ	3938	;# 
   805   000F63                     RXB0EIDH        equ	3939	;# 
   806   000F64                     RXB0EIDL        equ	3940	;# 
   807   000F65                     RXB0DLC         equ	3941	;# 
   808   000F66                     RXB0D0          equ	3942	;# 
   809   000F67                     RXB0D1          equ	3943	;# 
   810   000F68                     RXB0D2          equ	3944	;# 
   811   000F69                     RXB0D3          equ	3945	;# 
   812   000F6A                     RXB0D4          equ	3946	;# 
   813   000F6B                     RXB0D5          equ	3947	;# 
   814   000F6C                     RXB0D6          equ	3948	;# 
   815   000F6D                     RXB0D7          equ	3949	;# 
   816   000F6E                     CANSTAT         equ	3950	;# 
   817   000F6F                     CANCON          equ	3951	;# 
   818   000F70                     BRGCON1         equ	3952	;# 
   819   000F71                     BRGCON2         equ	3953	;# 
   820   000F72                     BRGCON3         equ	3954	;# 
   821   000F73                     CIOCON          equ	3955	;# 
   822   000F74                     COMSTAT         equ	3956	;# 
   823   000F75                     RXERRCNT        equ	3957	;# 
   824   000F76                     TXERRCNT        equ	3958	;# 
   825   000F77                     ECANCON         equ	3959	;# 
   826   000F80                     PORTA           equ	3968	;# 
   827   000F81                     PORTB           equ	3969	;# 
   828   000F82                     PORTC           equ	3970	;# 
   829   000F83                     PORTD           equ	3971	;# 
   830   000F84                     PORTE           equ	3972	;# 
   831   000F89                     LATA            equ	3977	;# 
   832   000F8A                     LATB            equ	3978	;# 
   833   000F8B                     LATC            equ	3979	;# 
   834   000F8C                     LATD            equ	3980	;# 
   835   000F8D                     LATE            equ	3981	;# 
   836   000F92                     TRISA           equ	3986	;# 
   837   000F92                     DDRA            equ	3986	;# 
   838   000F93                     TRISB           equ	3987	;# 
   839   000F93                     DDRB            equ	3987	;# 
   840   000F94                     TRISC           equ	3988	;# 
   841   000F94                     DDRC            equ	3988	;# 
   842   000F95                     TRISD           equ	3989	;# 
   843   000F95                     DDRD            equ	3989	;# 
   844   000F96                     TRISE           equ	3990	;# 
   845   000F96                     DDRE            equ	3990	;# 
   846   000F9B                     OSCTUNE         equ	3995	;# 
   847   000F9D                     PIE1            equ	3997	;# 
   848   000F9E                     PIR1            equ	3998	;# 
   849   000F9F                     IPR1            equ	3999	;# 
   850   000FA0                     PIE2            equ	4000	;# 
   851   000FA1                     PIR2            equ	4001	;# 
   852   000FA2                     IPR2            equ	4002	;# 
   853   000FA3                     PIE3            equ	4003	;# 
   854   000FA4                     PIR3            equ	4004	;# 
   855   000FA5                     IPR3            equ	4005	;# 
   856   000FA6                     EECON1          equ	4006	;# 
   857   000FA7                     EECON2          equ	4007	;# 
   858   000FA8                     EEDATA          equ	4008	;# 
   859   000FA9                     EEADR           equ	4009	;# 
   860   000FAB                     RCSTA           equ	4011	;# 
   861   000FAB                     RCSTA1          equ	4011	;# 
   862   000FAC                     TXSTA           equ	4012	;# 
   863   000FAC                     TXSTA1          equ	4012	;# 
   864   000FAD                     TXREG           equ	4013	;# 
   865   000FAD                     TXREG1          equ	4013	;# 
   866   000FAE                     RCREG           equ	4014	;# 
   867   000FAE                     RCREG1          equ	4014	;# 
   868   000FAF                     SPBRG           equ	4015	;# 
   869   000FAF                     SPBRG1          equ	4015	;# 
   870   000FB0                     SPBRGH          equ	4016	;# 
   871   000FB1                     T3CON           equ	4017	;# 
   872   000FB2                     TMR3            equ	4018	;# 
   873   000FB2                     TMR3L           equ	4018	;# 
   874   000FB3                     TMR3H           equ	4019	;# 
   875   000FB4                     CMCON           equ	4020	;# 
   876   000FB5                     CVRCON          equ	4021	;# 
   877   000FB6                     ECCP1AS         equ	4022	;# 
   878   000FB7                     ECCP1DEL        equ	4023	;# 
   879   000FB8                     BAUDCON         equ	4024	;# 
   880   000FB8                     BAUDCTL         equ	4024	;# 
   881   000FBA                     ECCP1CON        equ	4026	;# 
   882   000FBB                     ECCPR1          equ	4027	;# 
   883   000FBB                     ECCPR1L         equ	4027	;# 
   884   000FBC                     ECCPR1H         equ	4028	;# 
   885   000FBD                     CCP1CON         equ	4029	;# 
   886   000FBE                     CCPR1           equ	4030	;# 
   887   000FBE                     CCPR1L          equ	4030	;# 
   888   000FBF                     CCPR1H          equ	4031	;# 
   889   000FC0                     ADCON2          equ	4032	;# 
   890   000FC1                     ADCON1          equ	4033	;# 
   891   000FC2                     ADCON0          equ	4034	;# 
   892   000FC3                     ADRES           equ	4035	;# 
   893   000FC3                     ADRESL          equ	4035	;# 
   894   000FC4                     ADRESH          equ	4036	;# 
   895   000FC5                     SSPCON2         equ	4037	;# 
   896   000FC6                     SSPCON1         equ	4038	;# 
   897   000FC7                     SSPSTAT         equ	4039	;# 
   898   000FC8                     SSPADD          equ	4040	;# 
   899   000FC9                     SSPBUF          equ	4041	;# 
   900   000FCA                     T2CON           equ	4042	;# 
   901   000FCB                     PR2             equ	4043	;# 
   902   000FCB                     MEMCON          equ	4043	;# 
   903   000FCC                     TMR2            equ	4044	;# 
   904   000FCD                     T1CON           equ	4045	;# 
   905   000FCE                     TMR1            equ	4046	;# 
   906   000FCE                     TMR1L           equ	4046	;# 
   907   000FCF                     TMR1H           equ	4047	;# 
   908   000FD0                     RCON            equ	4048	;# 
   909   000FD1                     WDTCON          equ	4049	;# 
   910   000FD2                     HLVDCON         equ	4050	;# 
   911   000FD2                     LVDCON          equ	4050	;# 
   912   000FD3                     OSCCON          equ	4051	;# 
   913   000FD5                     T0CON           equ	4053	;# 
   914   000FD6                     TMR0            equ	4054	;# 
   915   000FD6                     TMR0L           equ	4054	;# 
   916   000FD7                     TMR0H           equ	4055	;# 
   917   000FD8                     STATUS          equ	4056	;# 
   918   000FD9                     FSR2            equ	4057	;# 
   919   000FD9                     FSR2L           equ	4057	;# 
   920   000FDA                     FSR2H           equ	4058	;# 
   921   000FDB                     PLUSW2          equ	4059	;# 
   922   000FDC                     PREINC2         equ	4060	;# 
   923   000FDD                     POSTDEC2        equ	4061	;# 
   924   000FDE                     POSTINC2        equ	4062	;# 
   925   000FDF                     INDF2           equ	4063	;# 
   926   000FE0                     BSR             equ	4064	;# 
   927   000FE1                     FSR1            equ	4065	;# 
   928   000FE1                     FSR1L           equ	4065	;# 
   929   000FE2                     FSR1H           equ	4066	;# 
   930   000FE3                     PLUSW1          equ	4067	;# 
   931   000FE4                     PREINC1         equ	4068	;# 
   932   000FE5                     POSTDEC1        equ	4069	;# 
   933   000FE6                     POSTINC1        equ	4070	;# 
   934   000FE7                     INDF1           equ	4071	;# 
   935   000FE8                     WREG            equ	4072	;# 
   936   000FE9                     FSR0            equ	4073	;# 
   937   000FE9                     FSR0L           equ	4073	;# 
   938   000FEA                     FSR0H           equ	4074	;# 
   939   000FEB                     PLUSW0          equ	4075	;# 
   940   000FEC                     PREINC0         equ	4076	;# 
   941   000FED                     POSTDEC0        equ	4077	;# 
   942   000FEE                     POSTINC0        equ	4078	;# 
   943   000FEF                     INDF0           equ	4079	;# 
   944   000FF0                     INTCON3         equ	4080	;# 
   945   000FF1                     INTCON2         equ	4081	;# 
   946   000FF2                     INTCON          equ	4082	;# 
   947   000FF3                     PROD            equ	4083	;# 
   948   000FF3                     PRODL           equ	4083	;# 
   949   000FF4                     PRODH           equ	4084	;# 
   950   000FF5                     TABLAT          equ	4085	;# 
   951   000FF6                     TBLPTR          equ	4086	;# 
   952   000FF6                     TBLPTRL         equ	4086	;# 
   953   000FF7                     TBLPTRH         equ	4087	;# 
   954   000FF8                     TBLPTRU         equ	4088	;# 
   955   000FF9                     PCLAT           equ	4089	;# 
   956   000FF9                     PC              equ	4089	;# 
   957   000FF9                     PCL             equ	4089	;# 
   958   000FFA                     PCLATH          equ	4090	;# 
   959   000FFB                     PCLATU          equ	4091	;# 
   960   000FFC                     STKPTR          equ	4092	;# 
   961   000FFD                     TOS             equ	4093	;# 
   962   000FFD                     TOSL            equ	4093	;# 
   963   000FFE                     TOSH            equ	4094	;# 
   964   000FFF                     TOSU            equ	4095	;# 
   965   000D60                     RXF6SIDH        equ	3424	;# 
   966   000D61                     RXF6SIDL        equ	3425	;# 
   967   000D62                     RXF6EIDH        equ	3426	;# 
   968   000D63                     RXF6EIDL        equ	3427	;# 
   969   000D64                     RXF7SIDH        equ	3428	;# 
   970   000D65                     RXF7SIDL        equ	3429	;# 
   971   000D66                     RXF7EIDH        equ	3430	;# 
   972   000D67                     RXF7EIDL        equ	3431	;# 
   973   000D68                     RXF8SIDH        equ	3432	;# 
   974   000D69                     RXF8SIDL        equ	3433	;# 
   975   000D6A                     RXF8EIDH        equ	3434	;# 
   976   000D6B                     RXF8EIDL        equ	3435	;# 
   977   000D70                     RXF9SIDH        equ	3440	;# 
   978   000D71                     RXF9SIDL        equ	3441	;# 
   979   000D72                     RXF9EIDH        equ	3442	;# 
   980   000D73                     RXF9EIDL        equ	3443	;# 
   981   000D74                     RXF10SIDH       equ	3444	;# 
   982   000D75                     RXF10SIDL       equ	3445	;# 
   983   000D76                     RXF10EIDH       equ	3446	;# 
   984   000D77                     RXF10EIDL       equ	3447	;# 
   985   000D78                     RXF11SIDH       equ	3448	;# 
   986   000D79                     RXF11SIDL       equ	3449	;# 
   987   000D7A                     RXF11EIDH       equ	3450	;# 
   988   000D7B                     RXF11EIDL       equ	3451	;# 
   989   000D80                     RXF12SIDH       equ	3456	;# 
   990   000D81                     RXF12SIDL       equ	3457	;# 
   991   000D82                     RXF12EIDH       equ	3458	;# 
   992   000D83                     RXF12EIDL       equ	3459	;# 
   993   000D84                     RXF13SIDH       equ	3460	;# 
   994   000D85                     RXF13SIDL       equ	3461	;# 
   995   000D86                     RXF13EIDH       equ	3462	;# 
   996   000D87                     RXF13EIDL       equ	3463	;# 
   997   000D88                     RXF14SIDH       equ	3464	;# 
   998   000D89                     RXF14SIDL       equ	3465	;# 
   999   000D8A                     RXF14EIDH       equ	3466	;# 
  1000   000D8B                     RXF14EIDL       equ	3467	;# 
  1001   000D90                     RXF15SIDH       equ	3472	;# 
  1002   000D91                     RXF15SIDL       equ	3473	;# 
  1003   000D92                     RXF15EIDH       equ	3474	;# 
  1004   000D93                     RXF15EIDL       equ	3475	;# 
  1005   000DD4                     RXFCON0         equ	3540	;# 
  1006   000DD5                     RXFCON1         equ	3541	;# 
  1007   000DD8                     SDFLC           equ	3544	;# 
  1008   000DE0                     RXFBCON0        equ	3552	;# 
  1009   000DE1                     RXFBCON1        equ	3553	;# 
  1010   000DE2                     RXFBCON2        equ	3554	;# 
  1011   000DE3                     RXFBCON3        equ	3555	;# 
  1012   000DE4                     RXFBCON4        equ	3556	;# 
  1013   000DE5                     RXFBCON5        equ	3557	;# 
  1014   000DE6                     RXFBCON6        equ	3558	;# 
  1015   000DE7                     RXFBCON7        equ	3559	;# 
  1016   000DF0                     MSEL0           equ	3568	;# 
  1017   000DF1                     MSEL1           equ	3569	;# 
  1018   000DF2                     MSEL2           equ	3570	;# 
  1019   000DF3                     MSEL3           equ	3571	;# 
  1020   000DF8                     BSEL0           equ	3576	;# 
  1021   000DFA                     BIE0            equ	3578	;# 
  1022   000DFC                     TXBIE           equ	3580	;# 
  1023   000E20                     B0CON           equ	3616	;# 
  1024   000E21                     B0SIDH          equ	3617	;# 
  1025   000E22                     B0SIDL          equ	3618	;# 
  1026   000E23                     B0EIDH          equ	3619	;# 
  1027   000E24                     B0EIDL          equ	3620	;# 
  1028   000E25                     B0DLC           equ	3621	;# 
  1029   000E26                     B0D0            equ	3622	;# 
  1030   000E27                     B0D1            equ	3623	;# 
  1031   000E28                     B0D2            equ	3624	;# 
  1032   000E29                     B0D3            equ	3625	;# 
  1033   000E2A                     B0D4            equ	3626	;# 
  1034   000E2B                     B0D5            equ	3627	;# 
  1035   000E2C                     B0D6            equ	3628	;# 
  1036   000E2D                     B0D7            equ	3629	;# 
  1037   000E2E                     CANSTAT_RO9     equ	3630	;# 
  1038   000E2F                     CANCON_RO9      equ	3631	;# 
  1039   000E30                     B1CON           equ	3632	;# 
  1040   000E31                     B1SIDH          equ	3633	;# 
  1041   000E32                     B1SIDL          equ	3634	;# 
  1042   000E33                     B1EIDH          equ	3635	;# 
  1043   000E34                     B1EIDL          equ	3636	;# 
  1044   000E35                     B1DLC           equ	3637	;# 
  1045   000E36                     B1D0            equ	3638	;# 
  1046   000E37                     B1D1            equ	3639	;# 
  1047   000E38                     B1D2            equ	3640	;# 
  1048   000E39                     B1D3            equ	3641	;# 
  1049   000E3A                     B1D4            equ	3642	;# 
  1050   000E3B                     B1D5            equ	3643	;# 
  1051   000E3C                     B1D6            equ	3644	;# 
  1052   000E3D                     B1D7            equ	3645	;# 
  1053   000E3E                     CANSTAT_RO8     equ	3646	;# 
  1054   000E3F                     CANCON_RO8      equ	3647	;# 
  1055   000E40                     B2CON           equ	3648	;# 
  1056   000E41                     B2SIDH          equ	3649	;# 
  1057   000E42                     B2SIDL          equ	3650	;# 
  1058   000E43                     B2EIDH          equ	3651	;# 
  1059   000E44                     B2EIDL          equ	3652	;# 
  1060   000E45                     B2DLC           equ	3653	;# 
  1061   000E46                     B2D0            equ	3654	;# 
  1062   000E47                     B2D1            equ	3655	;# 
  1063   000E48                     B2D2            equ	3656	;# 
  1064   000E49                     B2D3            equ	3657	;# 
  1065   000E4A                     B2D4            equ	3658	;# 
  1066   000E4B                     B2D5            equ	3659	;# 
  1067   000E4C                     B2D6            equ	3660	;# 
  1068   000E4D                     B2D7            equ	3661	;# 
  1069   000E4E                     CANSTAT_RO7     equ	3662	;# 
  1070   000E4F                     CANCON_RO7      equ	3663	;# 
  1071   000E50                     B3CON           equ	3664	;# 
  1072   000E51                     B3SIDH          equ	3665	;# 
  1073   000E52                     B3SIDL          equ	3666	;# 
  1074   000E53                     B3EIDH          equ	3667	;# 
  1075   000E54                     B3EIDL          equ	3668	;# 
  1076   000E55                     B3DLC           equ	3669	;# 
  1077   000E56                     B3D0            equ	3670	;# 
  1078   000E57                     B3D1            equ	3671	;# 
  1079   000E58                     B3D2            equ	3672	;# 
  1080   000E59                     B3D3            equ	3673	;# 
  1081   000E5A                     B3D4            equ	3674	;# 
  1082   000E5B                     B3D5            equ	3675	;# 
  1083   000E5C                     B3D6            equ	3676	;# 
  1084   000E5D                     B3D7            equ	3677	;# 
  1085   000E5E                     CANSTAT_RO6     equ	3678	;# 
  1086   000E5F                     CANCON_RO6      equ	3679	;# 
  1087   000E60                     B4CON           equ	3680	;# 
  1088   000E61                     B4SIDH          equ	3681	;# 
  1089   000E62                     B4SIDL          equ	3682	;# 
  1090   000E63                     B4EIDH          equ	3683	;# 
  1091   000E64                     B4EIDL          equ	3684	;# 
  1092   000E65                     B4DLC           equ	3685	;# 
  1093   000E66                     B4D0            equ	3686	;# 
  1094   000E67                     B4D1            equ	3687	;# 
  1095   000E68                     B4D2            equ	3688	;# 
  1096   000E69                     B4D3            equ	3689	;# 
  1097   000E6A                     B4D4            equ	3690	;# 
  1098   000E6B                     B4D5            equ	3691	;# 
  1099   000E6C                     B4D6            equ	3692	;# 
  1100   000E6D                     B4D7            equ	3693	;# 
  1101   000E6E                     CANSTAT_RO5     equ	3694	;# 
  1102   000E6F                     CANCON_RO5      equ	3695	;# 
  1103   000E70                     B5CON           equ	3696	;# 
  1104   000E71                     B5SIDH          equ	3697	;# 
  1105   000E72                     B5SIDL          equ	3698	;# 
  1106   000E73                     B5EIDH          equ	3699	;# 
  1107   000E74                     B5EIDL          equ	3700	;# 
  1108   000E75                     B5DLC           equ	3701	;# 
  1109   000E76                     B5D0            equ	3702	;# 
  1110   000E77                     B5D1            equ	3703	;# 
  1111   000E78                     B5D2            equ	3704	;# 
  1112   000E79                     B5D3            equ	3705	;# 
  1113   000E7A                     B5D4            equ	3706	;# 
  1114   000E7B                     B5D5            equ	3707	;# 
  1115   000E7C                     B5D6            equ	3708	;# 
  1116   000E7D                     B5D7            equ	3709	;# 
  1117   000E7E                     CANSTAT_RO4     equ	3710	;# 
  1118   000E7F                     CANCON_RO4      equ	3711	;# 
  1119   000F00                     RXF0SIDH        equ	3840	;# 
  1120   000F01                     RXF0SIDL        equ	3841	;# 
  1121   000F02                     RXF0EIDH        equ	3842	;# 
  1122   000F03                     RXF0EIDL        equ	3843	;# 
  1123   000F04                     RXF1SIDH        equ	3844	;# 
  1124   000F05                     RXF1SIDL        equ	3845	;# 
  1125   000F06                     RXF1EIDH        equ	3846	;# 
  1126   000F07                     RXF1EIDL        equ	3847	;# 
  1127   000F08                     RXF2SIDH        equ	3848	;# 
  1128   000F09                     RXF2SIDL        equ	3849	;# 
  1129   000F0A                     RXF2EIDH        equ	3850	;# 
  1130   000F0B                     RXF2EIDL        equ	3851	;# 
  1131   000F0C                     RXF3SIDH        equ	3852	;# 
  1132   000F0D                     RXF3SIDL        equ	3853	;# 
  1133   000F0E                     RXF3EIDH        equ	3854	;# 
  1134   000F0F                     RXF3EIDL        equ	3855	;# 
  1135   000F10                     RXF4SIDH        equ	3856	;# 
  1136   000F11                     RXF4SIDL        equ	3857	;# 
  1137   000F12                     RXF4EIDH        equ	3858	;# 
  1138   000F13                     RXF4EIDL        equ	3859	;# 
  1139   000F14                     RXF5SIDH        equ	3860	;# 
  1140   000F15                     RXF5SIDL        equ	3861	;# 
  1141   000F16                     RXF5EIDH        equ	3862	;# 
  1142   000F17                     RXF5EIDL        equ	3863	;# 
  1143   000F18                     RXM0SIDH        equ	3864	;# 
  1144   000F19                     RXM0SIDL        equ	3865	;# 
  1145   000F1A                     RXM0EIDH        equ	3866	;# 
  1146   000F1B                     RXM0EIDL        equ	3867	;# 
  1147   000F1C                     RXM1SIDH        equ	3868	;# 
  1148   000F1D                     RXM1SIDL        equ	3869	;# 
  1149   000F1E                     RXM1EIDH        equ	3870	;# 
  1150   000F1F                     RXM1EIDL        equ	3871	;# 
  1151   000F20                     TXB2CON         equ	3872	;# 
  1152   000F21                     TXB2SIDH        equ	3873	;# 
  1153   000F22                     TXB2SIDL        equ	3874	;# 
  1154   000F23                     TXB2EIDH        equ	3875	;# 
  1155   000F24                     TXB2EIDL        equ	3876	;# 
  1156   000F25                     TXB2DLC         equ	3877	;# 
  1157   000F26                     TXB2D0          equ	3878	;# 
  1158   000F27                     TXB2D1          equ	3879	;# 
  1159   000F28                     TXB2D2          equ	3880	;# 
  1160   000F29                     TXB2D3          equ	3881	;# 
  1161   000F2A                     TXB2D4          equ	3882	;# 
  1162   000F2B                     TXB2D5          equ	3883	;# 
  1163   000F2C                     TXB2D6          equ	3884	;# 
  1164   000F2D                     TXB2D7          equ	3885	;# 
  1165   000F2E                     CANSTAT_RO3     equ	3886	;# 
  1166   000F2F                     CANCON_RO3      equ	3887	;# 
  1167   000F30                     TXB1CON         equ	3888	;# 
  1168   000F31                     TXB1SIDH        equ	3889	;# 
  1169   000F32                     TXB1SIDL        equ	3890	;# 
  1170   000F33                     TXB1EIDH        equ	3891	;# 
  1171   000F34                     TXB1EIDL        equ	3892	;# 
  1172   000F35                     TXB1DLC         equ	3893	;# 
  1173   000F36                     TXB1D0          equ	3894	;# 
  1174   000F37                     TXB1D1          equ	3895	;# 
  1175   000F38                     TXB1D2          equ	3896	;# 
  1176   000F39                     TXB1D3          equ	3897	;# 
  1177   000F3A                     TXB1D4          equ	3898	;# 
  1178   000F3B                     TXB1D5          equ	3899	;# 
  1179   000F3C                     TXB1D6          equ	3900	;# 
  1180   000F3D                     TXB1D7          equ	3901	;# 
  1181   000F3E                     CANSTAT_RO2     equ	3902	;# 
  1182   000F3F                     CANCON_RO2      equ	3903	;# 
  1183   000F40                     TXB0CON         equ	3904	;# 
  1184   000F41                     TXB0SIDH        equ	3905	;# 
  1185   000F42                     TXB0SIDL        equ	3906	;# 
  1186   000F43                     TXB0EIDH        equ	3907	;# 
  1187   000F44                     TXB0EIDL        equ	3908	;# 
  1188   000F45                     TXB0DLC         equ	3909	;# 
  1189   000F46                     TXB0D0          equ	3910	;# 
  1190   000F47                     TXB0D1          equ	3911	;# 
  1191   000F48                     TXB0D2          equ	3912	;# 
  1192   000F49                     TXB0D3          equ	3913	;# 
  1193   000F4A                     TXB0D4          equ	3914	;# 
  1194   000F4B                     TXB0D5          equ	3915	;# 
  1195   000F4C                     TXB0D6          equ	3916	;# 
  1196   000F4D                     TXB0D7          equ	3917	;# 
  1197   000F4E                     CANSTAT_RO1     equ	3918	;# 
  1198   000F4F                     CANCON_RO1      equ	3919	;# 
  1199   000F50                     RXB1CON         equ	3920	;# 
  1200   000F51                     RXB1SIDH        equ	3921	;# 
  1201   000F52                     RXB1SIDL        equ	3922	;# 
  1202   000F53                     RXB1EIDH        equ	3923	;# 
  1203   000F54                     RXB1EIDL        equ	3924	;# 
  1204   000F55                     RXB1DLC         equ	3925	;# 
  1205   000F56                     RXB1D0          equ	3926	;# 
  1206   000F57                     RXB1D1          equ	3927	;# 
  1207   000F58                     RXB1D2          equ	3928	;# 
  1208   000F59                     RXB1D3          equ	3929	;# 
  1209   000F5A                     RXB1D4          equ	3930	;# 
  1210   000F5B                     RXB1D5          equ	3931	;# 
  1211   000F5C                     RXB1D6          equ	3932	;# 
  1212   000F5D                     RXB1D7          equ	3933	;# 
  1213   000F5E                     CANSTAT_RO0     equ	3934	;# 
  1214   000F5F                     CANCON_RO0      equ	3935	;# 
  1215   000F60                     RXB0CON         equ	3936	;# 
  1216   000F61                     RXB0SIDH        equ	3937	;# 
  1217   000F62                     RXB0SIDL        equ	3938	;# 
  1218   000F63                     RXB0EIDH        equ	3939	;# 
  1219   000F64                     RXB0EIDL        equ	3940	;# 
  1220   000F65                     RXB0DLC         equ	3941	;# 
  1221   000F66                     RXB0D0          equ	3942	;# 
  1222   000F67                     RXB0D1          equ	3943	;# 
  1223   000F68                     RXB0D2          equ	3944	;# 
  1224   000F69                     RXB0D3          equ	3945	;# 
  1225   000F6A                     RXB0D4          equ	3946	;# 
  1226   000F6B                     RXB0D5          equ	3947	;# 
  1227   000F6C                     RXB0D6          equ	3948	;# 
  1228   000F6D                     RXB0D7          equ	3949	;# 
  1229   000F6E                     CANSTAT         equ	3950	;# 
  1230   000F6F                     CANCON          equ	3951	;# 
  1231   000F70                     BRGCON1         equ	3952	;# 
  1232   000F71                     BRGCON2         equ	3953	;# 
  1233   000F72                     BRGCON3         equ	3954	;# 
  1234   000F73                     CIOCON          equ	3955	;# 
  1235   000F74                     COMSTAT         equ	3956	;# 
  1236   000F75                     RXERRCNT        equ	3957	;# 
  1237   000F76                     TXERRCNT        equ	3958	;# 
  1238   000F77                     ECANCON         equ	3959	;# 
  1239   000F80                     PORTA           equ	3968	;# 
  1240   000F81                     PORTB           equ	3969	;# 
  1241   000F82                     PORTC           equ	3970	;# 
  1242   000F83                     PORTD           equ	3971	;# 
  1243   000F84                     PORTE           equ	3972	;# 
  1244   000F89                     LATA            equ	3977	;# 
  1245   000F8A                     LATB            equ	3978	;# 
  1246   000F8B                     LATC            equ	3979	;# 
  1247   000F8C                     LATD            equ	3980	;# 
  1248   000F8D                     LATE            equ	3981	;# 
  1249   000F92                     TRISA           equ	3986	;# 
  1250   000F92                     DDRA            equ	3986	;# 
  1251   000F93                     TRISB           equ	3987	;# 
  1252   000F93                     DDRB            equ	3987	;# 
  1253   000F94                     TRISC           equ	3988	;# 
  1254   000F94                     DDRC            equ	3988	;# 
  1255   000F95                     TRISD           equ	3989	;# 
  1256   000F95                     DDRD            equ	3989	;# 
  1257   000F96                     TRISE           equ	3990	;# 
  1258   000F96                     DDRE            equ	3990	;# 
  1259   000F9B                     OSCTUNE         equ	3995	;# 
  1260   000F9D                     PIE1            equ	3997	;# 
  1261   000F9E                     PIR1            equ	3998	;# 
  1262   000F9F                     IPR1            equ	3999	;# 
  1263   000FA0                     PIE2            equ	4000	;# 
  1264   000FA1                     PIR2            equ	4001	;# 
  1265   000FA2                     IPR2            equ	4002	;# 
  1266   000FA3                     PIE3            equ	4003	;# 
  1267   000FA4                     PIR3            equ	4004	;# 
  1268   000FA5                     IPR3            equ	4005	;# 
  1269   000FA6                     EECON1          equ	4006	;# 
  1270   000FA7                     EECON2          equ	4007	;# 
  1271   000FA8                     EEDATA          equ	4008	;# 
  1272   000FA9                     EEADR           equ	4009	;# 
  1273   000FAB                     RCSTA           equ	4011	;# 
  1274   000FAB                     RCSTA1          equ	4011	;# 
  1275   000FAC                     TXSTA           equ	4012	;# 
  1276   000FAC                     TXSTA1          equ	4012	;# 
  1277   000FAD                     TXREG           equ	4013	;# 
  1278   000FAD                     TXREG1          equ	4013	;# 
  1279   000FAE                     RCREG           equ	4014	;# 
  1280   000FAE                     RCREG1          equ	4014	;# 
  1281   000FAF                     SPBRG           equ	4015	;# 
  1282   000FAF                     SPBRG1          equ	4015	;# 
  1283   000FB0                     SPBRGH          equ	4016	;# 
  1284   000FB1                     T3CON           equ	4017	;# 
  1285   000FB2                     TMR3            equ	4018	;# 
  1286   000FB2                     TMR3L           equ	4018	;# 
  1287   000FB3                     TMR3H           equ	4019	;# 
  1288   000FB4                     CMCON           equ	4020	;# 
  1289   000FB5                     CVRCON          equ	4021	;# 
  1290   000FB6                     ECCP1AS         equ	4022	;# 
  1291   000FB7                     ECCP1DEL        equ	4023	;# 
  1292   000FB8                     BAUDCON         equ	4024	;# 
  1293   000FB8                     BAUDCTL         equ	4024	;# 
  1294   000FBA                     ECCP1CON        equ	4026	;# 
  1295   000FBB                     ECCPR1          equ	4027	;# 
  1296   000FBB                     ECCPR1L         equ	4027	;# 
  1297   000FBC                     ECCPR1H         equ	4028	;# 
  1298   000FBD                     CCP1CON         equ	4029	;# 
  1299   000FBE                     CCPR1           equ	4030	;# 
  1300   000FBE                     CCPR1L          equ	4030	;# 
  1301   000FBF                     CCPR1H          equ	4031	;# 
  1302   000FC0                     ADCON2          equ	4032	;# 
  1303   000FC1                     ADCON1          equ	4033	;# 
  1304   000FC2                     ADCON0          equ	4034	;# 
  1305   000FC3                     ADRES           equ	4035	;# 
  1306   000FC3                     ADRESL          equ	4035	;# 
  1307   000FC4                     ADRESH          equ	4036	;# 
  1308   000FC5                     SSPCON2         equ	4037	;# 
  1309   000FC6                     SSPCON1         equ	4038	;# 
  1310   000FC7                     SSPSTAT         equ	4039	;# 
  1311   000FC8                     SSPADD          equ	4040	;# 
  1312   000FC9                     SSPBUF          equ	4041	;# 
  1313   000FCA                     T2CON           equ	4042	;# 
  1314   000FCB                     PR2             equ	4043	;# 
  1315   000FCB                     MEMCON          equ	4043	;# 
  1316   000FCC                     TMR2            equ	4044	;# 
  1317   000FCD                     T1CON           equ	4045	;# 
  1318   000FCE                     TMR1            equ	4046	;# 
  1319   000FCE                     TMR1L           equ	4046	;# 
  1320   000FCF                     TMR1H           equ	4047	;# 
  1321   000FD0                     RCON            equ	4048	;# 
  1322   000FD1                     WDTCON          equ	4049	;# 
  1323   000FD2                     HLVDCON         equ	4050	;# 
  1324   000FD2                     LVDCON          equ	4050	;# 
  1325   000FD3                     OSCCON          equ	4051	;# 
  1326   000FD5                     T0CON           equ	4053	;# 
  1327   000FD6                     TMR0            equ	4054	;# 
  1328   000FD6                     TMR0L           equ	4054	;# 
  1329   000FD7                     TMR0H           equ	4055	;# 
  1330   000FD8                     STATUS          equ	4056	;# 
  1331   000FD9                     FSR2            equ	4057	;# 
  1332   000FD9                     FSR2L           equ	4057	;# 
  1333   000FDA                     FSR2H           equ	4058	;# 
  1334   000FDB                     PLUSW2          equ	4059	;# 
  1335   000FDC                     PREINC2         equ	4060	;# 
  1336   000FDD                     POSTDEC2        equ	4061	;# 
  1337   000FDE                     POSTINC2        equ	4062	;# 
  1338   000FDF                     INDF2           equ	4063	;# 
  1339   000FE0                     BSR             equ	4064	;# 
  1340   000FE1                     FSR1            equ	4065	;# 
  1341   000FE1                     FSR1L           equ	4065	;# 
  1342   000FE2                     FSR1H           equ	4066	;# 
  1343   000FE3                     PLUSW1          equ	4067	;# 
  1344   000FE4                     PREINC1         equ	4068	;# 
  1345   000FE5                     POSTDEC1        equ	4069	;# 
  1346   000FE6                     POSTINC1        equ	4070	;# 
  1347   000FE7                     INDF1           equ	4071	;# 
  1348   000FE8                     WREG            equ	4072	;# 
  1349   000FE9                     FSR0            equ	4073	;# 
  1350   000FE9                     FSR0L           equ	4073	;# 
  1351   000FEA                     FSR0H           equ	4074	;# 
  1352   000FEB                     PLUSW0          equ	4075	;# 
  1353   000FEC                     PREINC0         equ	4076	;# 
  1354   000FED                     POSTDEC0        equ	4077	;# 
  1355   000FEE                     POSTINC0        equ	4078	;# 
  1356   000FEF                     INDF0           equ	4079	;# 
  1357   000FF0                     INTCON3         equ	4080	;# 
  1358   000FF1                     INTCON2         equ	4081	;# 
  1359   000FF2                     INTCON          equ	4082	;# 
  1360   000FF3                     PROD            equ	4083	;# 
  1361   000FF3                     PRODL           equ	4083	;# 
  1362   000FF4                     PRODH           equ	4084	;# 
  1363   000FF5                     TABLAT          equ	4085	;# 
  1364   000FF6                     TBLPTR          equ	4086	;# 
  1365   000FF6                     TBLPTRL         equ	4086	;# 
  1366   000FF7                     TBLPTRH         equ	4087	;# 
  1367   000FF8                     TBLPTRU         equ	4088	;# 
  1368   000FF9                     PCLAT           equ	4089	;# 
  1369   000FF9                     PC              equ	4089	;# 
  1370   000FF9                     PCL             equ	4089	;# 
  1371   000FFA                     PCLATH          equ	4090	;# 
  1372   000FFB                     PCLATU          equ	4091	;# 
  1373   000FFC                     STKPTR          equ	4092	;# 
  1374   000FFD                     TOS             equ	4093	;# 
  1375   000FFD                     TOSL            equ	4093	;# 
  1376   000FFE                     TOSH            equ	4094	;# 
  1377   000FFF                     TOSU            equ	4095	;# 
  1378   000D60                     RXF6SIDH        equ	3424	;# 
  1379   000D61                     RXF6SIDL        equ	3425	;# 
  1380   000D62                     RXF6EIDH        equ	3426	;# 
  1381   000D63                     RXF6EIDL        equ	3427	;# 
  1382   000D64                     RXF7SIDH        equ	3428	;# 
  1383   000D65                     RXF7SIDL        equ	3429	;# 
  1384   000D66                     RXF7EIDH        equ	3430	;# 
  1385   000D67                     RXF7EIDL        equ	3431	;# 
  1386   000D68                     RXF8SIDH        equ	3432	;# 
  1387   000D69                     RXF8SIDL        equ	3433	;# 
  1388   000D6A                     RXF8EIDH        equ	3434	;# 
  1389   000D6B                     RXF8EIDL        equ	3435	;# 
  1390   000D70                     RXF9SIDH        equ	3440	;# 
  1391   000D71                     RXF9SIDL        equ	3441	;# 
  1392   000D72                     RXF9EIDH        equ	3442	;# 
  1393   000D73                     RXF9EIDL        equ	3443	;# 
  1394   000D74                     RXF10SIDH       equ	3444	;# 
  1395   000D75                     RXF10SIDL       equ	3445	;# 
  1396   000D76                     RXF10EIDH       equ	3446	;# 
  1397   000D77                     RXF10EIDL       equ	3447	;# 
  1398   000D78                     RXF11SIDH       equ	3448	;# 
  1399   000D79                     RXF11SIDL       equ	3449	;# 
  1400   000D7A                     RXF11EIDH       equ	3450	;# 
  1401   000D7B                     RXF11EIDL       equ	3451	;# 
  1402   000D80                     RXF12SIDH       equ	3456	;# 
  1403   000D81                     RXF12SIDL       equ	3457	;# 
  1404   000D82                     RXF12EIDH       equ	3458	;# 
  1405   000D83                     RXF12EIDL       equ	3459	;# 
  1406   000D84                     RXF13SIDH       equ	3460	;# 
  1407   000D85                     RXF13SIDL       equ	3461	;# 
  1408   000D86                     RXF13EIDH       equ	3462	;# 
  1409   000D87                     RXF13EIDL       equ	3463	;# 
  1410   000D88                     RXF14SIDH       equ	3464	;# 
  1411   000D89                     RXF14SIDL       equ	3465	;# 
  1412   000D8A                     RXF14EIDH       equ	3466	;# 
  1413   000D8B                     RXF14EIDL       equ	3467	;# 
  1414   000D90                     RXF15SIDH       equ	3472	;# 
  1415   000D91                     RXF15SIDL       equ	3473	;# 
  1416   000D92                     RXF15EIDH       equ	3474	;# 
  1417   000D93                     RXF15EIDL       equ	3475	;# 
  1418   000DD4                     RXFCON0         equ	3540	;# 
  1419   000DD5                     RXFCON1         equ	3541	;# 
  1420   000DD8                     SDFLC           equ	3544	;# 
  1421   000DE0                     RXFBCON0        equ	3552	;# 
  1422   000DE1                     RXFBCON1        equ	3553	;# 
  1423   000DE2                     RXFBCON2        equ	3554	;# 
  1424   000DE3                     RXFBCON3        equ	3555	;# 
  1425   000DE4                     RXFBCON4        equ	3556	;# 
  1426   000DE5                     RXFBCON5        equ	3557	;# 
  1427   000DE6                     RXFBCON6        equ	3558	;# 
  1428   000DE7                     RXFBCON7        equ	3559	;# 
  1429   000DF0                     MSEL0           equ	3568	;# 
  1430   000DF1                     MSEL1           equ	3569	;# 
  1431   000DF2                     MSEL2           equ	3570	;# 
  1432   000DF3                     MSEL3           equ	3571	;# 
  1433   000DF8                     BSEL0           equ	3576	;# 
  1434   000DFA                     BIE0            equ	3578	;# 
  1435   000DFC                     TXBIE           equ	3580	;# 
  1436   000E20                     B0CON           equ	3616	;# 
  1437   000E21                     B0SIDH          equ	3617	;# 
  1438   000E22                     B0SIDL          equ	3618	;# 
  1439   000E23                     B0EIDH          equ	3619	;# 
  1440   000E24                     B0EIDL          equ	3620	;# 
  1441   000E25                     B0DLC           equ	3621	;# 
  1442   000E26                     B0D0            equ	3622	;# 
  1443   000E27                     B0D1            equ	3623	;# 
  1444   000E28                     B0D2            equ	3624	;# 
  1445   000E29                     B0D3            equ	3625	;# 
  1446   000E2A                     B0D4            equ	3626	;# 
  1447   000E2B                     B0D5            equ	3627	;# 
  1448   000E2C                     B0D6            equ	3628	;# 
  1449   000E2D                     B0D7            equ	3629	;# 
  1450   000E2E                     CANSTAT_RO9     equ	3630	;# 
  1451   000E2F                     CANCON_RO9      equ	3631	;# 
  1452   000E30                     B1CON           equ	3632	;# 
  1453   000E31                     B1SIDH          equ	3633	;# 
  1454   000E32                     B1SIDL          equ	3634	;# 
  1455   000E33                     B1EIDH          equ	3635	;# 
  1456   000E34                     B1EIDL          equ	3636	;# 
  1457   000E35                     B1DLC           equ	3637	;# 
  1458   000E36                     B1D0            equ	3638	;# 
  1459   000E37                     B1D1            equ	3639	;# 
  1460   000E38                     B1D2            equ	3640	;# 
  1461   000E39                     B1D3            equ	3641	;# 
  1462   000E3A                     B1D4            equ	3642	;# 
  1463   000E3B                     B1D5            equ	3643	;# 
  1464   000E3C                     B1D6            equ	3644	;# 
  1465   000E3D                     B1D7            equ	3645	;# 
  1466   000E3E                     CANSTAT_RO8     equ	3646	;# 
  1467   000E3F                     CANCON_RO8      equ	3647	;# 
  1468   000E40                     B2CON           equ	3648	;# 
  1469   000E41                     B2SIDH          equ	3649	;# 
  1470   000E42                     B2SIDL          equ	3650	;# 
  1471   000E43                     B2EIDH          equ	3651	;# 
  1472   000E44                     B2EIDL          equ	3652	;# 
  1473   000E45                     B2DLC           equ	3653	;# 
  1474   000E46                     B2D0            equ	3654	;# 
  1475   000E47                     B2D1            equ	3655	;# 
  1476   000E48                     B2D2            equ	3656	;# 
  1477   000E49                     B2D3            equ	3657	;# 
  1478   000E4A                     B2D4            equ	3658	;# 
  1479   000E4B                     B2D5            equ	3659	;# 
  1480   000E4C                     B2D6            equ	3660	;# 
  1481   000E4D                     B2D7            equ	3661	;# 
  1482   000E4E                     CANSTAT_RO7     equ	3662	;# 
  1483   000E4F                     CANCON_RO7      equ	3663	;# 
  1484   000E50                     B3CON           equ	3664	;# 
  1485   000E51                     B3SIDH          equ	3665	;# 
  1486   000E52                     B3SIDL          equ	3666	;# 
  1487   000E53                     B3EIDH          equ	3667	;# 
  1488   000E54                     B3EIDL          equ	3668	;# 
  1489   000E55                     B3DLC           equ	3669	;# 
  1490   000E56                     B3D0            equ	3670	;# 
  1491   000E57                     B3D1            equ	3671	;# 
  1492   000E58                     B3D2            equ	3672	;# 
  1493   000E59                     B3D3            equ	3673	;# 
  1494   000E5A                     B3D4            equ	3674	;# 
  1495   000E5B                     B3D5            equ	3675	;# 
  1496   000E5C                     B3D6            equ	3676	;# 
  1497   000E5D                     B3D7            equ	3677	;# 
  1498   000E5E                     CANSTAT_RO6     equ	3678	;# 
  1499   000E5F                     CANCON_RO6      equ	3679	;# 
  1500   000E60                     B4CON           equ	3680	;# 
  1501   000E61                     B4SIDH          equ	3681	;# 
  1502   000E62                     B4SIDL          equ	3682	;# 
  1503   000E63                     B4EIDH          equ	3683	;# 
  1504   000E64                     B4EIDL          equ	3684	;# 
  1505   000E65                     B4DLC           equ	3685	;# 
  1506   000E66                     B4D0            equ	3686	;# 
  1507   000E67                     B4D1            equ	3687	;# 
  1508   000E68                     B4D2            equ	3688	;# 
  1509   000E69                     B4D3            equ	3689	;# 
  1510   000E6A                     B4D4            equ	3690	;# 
  1511   000E6B                     B4D5            equ	3691	;# 
  1512   000E6C                     B4D6            equ	3692	;# 
  1513   000E6D                     B4D7            equ	3693	;# 
  1514   000E6E                     CANSTAT_RO5     equ	3694	;# 
  1515   000E6F                     CANCON_RO5      equ	3695	;# 
  1516   000E70                     B5CON           equ	3696	;# 
  1517   000E71                     B5SIDH          equ	3697	;# 
  1518   000E72                     B5SIDL          equ	3698	;# 
  1519   000E73                     B5EIDH          equ	3699	;# 
  1520   000E74                     B5EIDL          equ	3700	;# 
  1521   000E75                     B5DLC           equ	3701	;# 
  1522   000E76                     B5D0            equ	3702	;# 
  1523   000E77                     B5D1            equ	3703	;# 
  1524   000E78                     B5D2            equ	3704	;# 
  1525   000E79                     B5D3            equ	3705	;# 
  1526   000E7A                     B5D4            equ	3706	;# 
  1527   000E7B                     B5D5            equ	3707	;# 
  1528   000E7C                     B5D6            equ	3708	;# 
  1529   000E7D                     B5D7            equ	3709	;# 
  1530   000E7E                     CANSTAT_RO4     equ	3710	;# 
  1531   000E7F                     CANCON_RO4      equ	3711	;# 
  1532   000F00                     RXF0SIDH        equ	3840	;# 
  1533   000F01                     RXF0SIDL        equ	3841	;# 
  1534   000F02                     RXF0EIDH        equ	3842	;# 
  1535   000F03                     RXF0EIDL        equ	3843	;# 
  1536   000F04                     RXF1SIDH        equ	3844	;# 
  1537   000F05                     RXF1SIDL        equ	3845	;# 
  1538   000F06                     RXF1EIDH        equ	3846	;# 
  1539   000F07                     RXF1EIDL        equ	3847	;# 
  1540   000F08                     RXF2SIDH        equ	3848	;# 
  1541   000F09                     RXF2SIDL        equ	3849	;# 
  1542   000F0A                     RXF2EIDH        equ	3850	;# 
  1543   000F0B                     RXF2EIDL        equ	3851	;# 
  1544   000F0C                     RXF3SIDH        equ	3852	;# 
  1545   000F0D                     RXF3SIDL        equ	3853	;# 
  1546   000F0E                     RXF3EIDH        equ	3854	;# 
  1547   000F0F                     RXF3EIDL        equ	3855	;# 
  1548   000F10                     RXF4SIDH        equ	3856	;# 
  1549   000F11                     RXF4SIDL        equ	3857	;# 
  1550   000F12                     RXF4EIDH        equ	3858	;# 
  1551   000F13                     RXF4EIDL        equ	3859	;# 
  1552   000F14                     RXF5SIDH        equ	3860	;# 
  1553   000F15                     RXF5SIDL        equ	3861	;# 
  1554   000F16                     RXF5EIDH        equ	3862	;# 
  1555   000F17                     RXF5EIDL        equ	3863	;# 
  1556   000F18                     RXM0SIDH        equ	3864	;# 
  1557   000F19                     RXM0SIDL        equ	3865	;# 
  1558   000F1A                     RXM0EIDH        equ	3866	;# 
  1559   000F1B                     RXM0EIDL        equ	3867	;# 
  1560   000F1C                     RXM1SIDH        equ	3868	;# 
  1561   000F1D                     RXM1SIDL        equ	3869	;# 
  1562   000F1E                     RXM1EIDH        equ	3870	;# 
  1563   000F1F                     RXM1EIDL        equ	3871	;# 
  1564   000F20                     TXB2CON         equ	3872	;# 
  1565   000F21                     TXB2SIDH        equ	3873	;# 
  1566   000F22                     TXB2SIDL        equ	3874	;# 
  1567   000F23                     TXB2EIDH        equ	3875	;# 
  1568   000F24                     TXB2EIDL        equ	3876	;# 
  1569   000F25                     TXB2DLC         equ	3877	;# 
  1570   000F26                     TXB2D0          equ	3878	;# 
  1571   000F27                     TXB2D1          equ	3879	;# 
  1572   000F28                     TXB2D2          equ	3880	;# 
  1573   000F29                     TXB2D3          equ	3881	;# 
  1574   000F2A                     TXB2D4          equ	3882	;# 
  1575   000F2B                     TXB2D5          equ	3883	;# 
  1576   000F2C                     TXB2D6          equ	3884	;# 
  1577   000F2D                     TXB2D7          equ	3885	;# 
  1578   000F2E                     CANSTAT_RO3     equ	3886	;# 
  1579   000F2F                     CANCON_RO3      equ	3887	;# 
  1580   000F30                     TXB1CON         equ	3888	;# 
  1581   000F31                     TXB1SIDH        equ	3889	;# 
  1582   000F32                     TXB1SIDL        equ	3890	;# 
  1583   000F33                     TXB1EIDH        equ	3891	;# 
  1584   000F34                     TXB1EIDL        equ	3892	;# 
  1585   000F35                     TXB1DLC         equ	3893	;# 
  1586   000F36                     TXB1D0          equ	3894	;# 
  1587   000F37                     TXB1D1          equ	3895	;# 
  1588   000F38                     TXB1D2          equ	3896	;# 
  1589   000F39                     TXB1D3          equ	3897	;# 
  1590   000F3A                     TXB1D4          equ	3898	;# 
  1591   000F3B                     TXB1D5          equ	3899	;# 
  1592   000F3C                     TXB1D6          equ	3900	;# 
  1593   000F3D                     TXB1D7          equ	3901	;# 
  1594   000F3E                     CANSTAT_RO2     equ	3902	;# 
  1595   000F3F                     CANCON_RO2      equ	3903	;# 
  1596   000F40                     TXB0CON         equ	3904	;# 
  1597   000F41                     TXB0SIDH        equ	3905	;# 
  1598   000F42                     TXB0SIDL        equ	3906	;# 
  1599   000F43                     TXB0EIDH        equ	3907	;# 
  1600   000F44                     TXB0EIDL        equ	3908	;# 
  1601   000F45                     TXB0DLC         equ	3909	;# 
  1602   000F46                     TXB0D0          equ	3910	;# 
  1603   000F47                     TXB0D1          equ	3911	;# 
  1604   000F48                     TXB0D2          equ	3912	;# 
  1605   000F49                     TXB0D3          equ	3913	;# 
  1606   000F4A                     TXB0D4          equ	3914	;# 
  1607   000F4B                     TXB0D5          equ	3915	;# 
  1608   000F4C                     TXB0D6          equ	3916	;# 
  1609   000F4D                     TXB0D7          equ	3917	;# 
  1610   000F4E                     CANSTAT_RO1     equ	3918	;# 
  1611   000F4F                     CANCON_RO1      equ	3919	;# 
  1612   000F50                     RXB1CON         equ	3920	;# 
  1613   000F51                     RXB1SIDH        equ	3921	;# 
  1614   000F52                     RXB1SIDL        equ	3922	;# 
  1615   000F53                     RXB1EIDH        equ	3923	;# 
  1616   000F54                     RXB1EIDL        equ	3924	;# 
  1617   000F55                     RXB1DLC         equ	3925	;# 
  1618   000F56                     RXB1D0          equ	3926	;# 
  1619   000F57                     RXB1D1          equ	3927	;# 
  1620   000F58                     RXB1D2          equ	3928	;# 
  1621   000F59                     RXB1D3          equ	3929	;# 
  1622   000F5A                     RXB1D4          equ	3930	;# 
  1623   000F5B                     RXB1D5          equ	3931	;# 
  1624   000F5C                     RXB1D6          equ	3932	;# 
  1625   000F5D                     RXB1D7          equ	3933	;# 
  1626   000F5E                     CANSTAT_RO0     equ	3934	;# 
  1627   000F5F                     CANCON_RO0      equ	3935	;# 
  1628   000F60                     RXB0CON         equ	3936	;# 
  1629   000F61                     RXB0SIDH        equ	3937	;# 
  1630   000F62                     RXB0SIDL        equ	3938	;# 
  1631   000F63                     RXB0EIDH        equ	3939	;# 
  1632   000F64                     RXB0EIDL        equ	3940	;# 
  1633   000F65                     RXB0DLC         equ	3941	;# 
  1634   000F66                     RXB0D0          equ	3942	;# 
  1635   000F67                     RXB0D1          equ	3943	;# 
  1636   000F68                     RXB0D2          equ	3944	;# 
  1637   000F69                     RXB0D3          equ	3945	;# 
  1638   000F6A                     RXB0D4          equ	3946	;# 
  1639   000F6B                     RXB0D5          equ	3947	;# 
  1640   000F6C                     RXB0D6          equ	3948	;# 
  1641   000F6D                     RXB0D7          equ	3949	;# 
  1642   000F6E                     CANSTAT         equ	3950	;# 
  1643   000F6F                     CANCON          equ	3951	;# 
  1644   000F70                     BRGCON1         equ	3952	;# 
  1645   000F71                     BRGCON2         equ	3953	;# 
  1646   000F72                     BRGCON3         equ	3954	;# 
  1647   000F73                     CIOCON          equ	3955	;# 
  1648   000F74                     COMSTAT         equ	3956	;# 
  1649   000F75                     RXERRCNT        equ	3957	;# 
  1650   000F76                     TXERRCNT        equ	3958	;# 
  1651   000F77                     ECANCON         equ	3959	;# 
  1652   000F80                     PORTA           equ	3968	;# 
  1653   000F81                     PORTB           equ	3969	;# 
  1654   000F82                     PORTC           equ	3970	;# 
  1655   000F83                     PORTD           equ	3971	;# 
  1656   000F84                     PORTE           equ	3972	;# 
  1657   000F89                     LATA            equ	3977	;# 
  1658   000F8A                     LATB            equ	3978	;# 
  1659   000F8B                     LATC            equ	3979	;# 
  1660   000F8C                     LATD            equ	3980	;# 
  1661   000F8D                     LATE            equ	3981	;# 
  1662   000F92                     TRISA           equ	3986	;# 
  1663   000F92                     DDRA            equ	3986	;# 
  1664   000F93                     TRISB           equ	3987	;# 
  1665   000F93                     DDRB            equ	3987	;# 
  1666   000F94                     TRISC           equ	3988	;# 
  1667   000F94                     DDRC            equ	3988	;# 
  1668   000F95                     TRISD           equ	3989	;# 
  1669   000F95                     DDRD            equ	3989	;# 
  1670   000F96                     TRISE           equ	3990	;# 
  1671   000F96                     DDRE            equ	3990	;# 
  1672   000F9B                     OSCTUNE         equ	3995	;# 
  1673   000F9D                     PIE1            equ	3997	;# 
  1674   000F9E                     PIR1            equ	3998	;# 
  1675   000F9F                     IPR1            equ	3999	;# 
  1676   000FA0                     PIE2            equ	4000	;# 
  1677   000FA1                     PIR2            equ	4001	;# 
  1678   000FA2                     IPR2            equ	4002	;# 
  1679   000FA3                     PIE3            equ	4003	;# 
  1680   000FA4                     PIR3            equ	4004	;# 
  1681   000FA5                     IPR3            equ	4005	;# 
  1682   000FA6                     EECON1          equ	4006	;# 
  1683   000FA7                     EECON2          equ	4007	;# 
  1684   000FA8                     EEDATA          equ	4008	;# 
  1685   000FA9                     EEADR           equ	4009	;# 
  1686   000FAB                     RCSTA           equ	4011	;# 
  1687   000FAB                     RCSTA1          equ	4011	;# 
  1688   000FAC                     TXSTA           equ	4012	;# 
  1689   000FAC                     TXSTA1          equ	4012	;# 
  1690   000FAD                     TXREG           equ	4013	;# 
  1691   000FAD                     TXREG1          equ	4013	;# 
  1692   000FAE                     RCREG           equ	4014	;# 
  1693   000FAE                     RCREG1          equ	4014	;# 
  1694   000FAF                     SPBRG           equ	4015	;# 
  1695   000FAF                     SPBRG1          equ	4015	;# 
  1696   000FB0                     SPBRGH          equ	4016	;# 
  1697   000FB1                     T3CON           equ	4017	;# 
  1698   000FB2                     TMR3            equ	4018	;# 
  1699   000FB2                     TMR3L           equ	4018	;# 
  1700   000FB3                     TMR3H           equ	4019	;# 
  1701   000FB4                     CMCON           equ	4020	;# 
  1702   000FB5                     CVRCON          equ	4021	;# 
  1703   000FB6                     ECCP1AS         equ	4022	;# 
  1704   000FB7                     ECCP1DEL        equ	4023	;# 
  1705   000FB8                     BAUDCON         equ	4024	;# 
  1706   000FB8                     BAUDCTL         equ	4024	;# 
  1707   000FBA                     ECCP1CON        equ	4026	;# 
  1708   000FBB                     ECCPR1          equ	4027	;# 
  1709   000FBB                     ECCPR1L         equ	4027	;# 
  1710   000FBC                     ECCPR1H         equ	4028	;# 
  1711   000FBD                     CCP1CON         equ	4029	;# 
  1712   000FBE                     CCPR1           equ	4030	;# 
  1713   000FBE                     CCPR1L          equ	4030	;# 
  1714   000FBF                     CCPR1H          equ	4031	;# 
  1715   000FC0                     ADCON2          equ	4032	;# 
  1716   000FC1                     ADCON1          equ	4033	;# 
  1717   000FC2                     ADCON0          equ	4034	;# 
  1718   000FC3                     ADRES           equ	4035	;# 
  1719   000FC3                     ADRESL          equ	4035	;# 
  1720   000FC4                     ADRESH          equ	4036	;# 
  1721   000FC5                     SSPCON2         equ	4037	;# 
  1722   000FC6                     SSPCON1         equ	4038	;# 
  1723   000FC7                     SSPSTAT         equ	4039	;# 
  1724   000FC8                     SSPADD          equ	4040	;# 
  1725   000FC9                     SSPBUF          equ	4041	;# 
  1726   000FCA                     T2CON           equ	4042	;# 
  1727   000FCB                     PR2             equ	4043	;# 
  1728   000FCB                     MEMCON          equ	4043	;# 
  1729   000FCC                     TMR2            equ	4044	;# 
  1730   000FCD                     T1CON           equ	4045	;# 
  1731   000FCE                     TMR1            equ	4046	;# 
  1732   000FCE                     TMR1L           equ	4046	;# 
  1733   000FCF                     TMR1H           equ	4047	;# 
  1734   000FD0                     RCON            equ	4048	;# 
  1735   000FD1                     WDTCON          equ	4049	;# 
  1736   000FD2                     HLVDCON         equ	4050	;# 
  1737   000FD2                     LVDCON          equ	4050	;# 
  1738   000FD3                     OSCCON          equ	4051	;# 
  1739   000FD5                     T0CON           equ	4053	;# 
  1740   000FD6                     TMR0            equ	4054	;# 
  1741   000FD6                     TMR0L           equ	4054	;# 
  1742   000FD7                     TMR0H           equ	4055	;# 
  1743   000FD8                     STATUS          equ	4056	;# 
  1744   000FD9                     FSR2            equ	4057	;# 
  1745   000FD9                     FSR2L           equ	4057	;# 
  1746   000FDA                     FSR2H           equ	4058	;# 
  1747   000FDB                     PLUSW2          equ	4059	;# 
  1748   000FDC                     PREINC2         equ	4060	;# 
  1749   000FDD                     POSTDEC2        equ	4061	;# 
  1750   000FDE                     POSTINC2        equ	4062	;# 
  1751   000FDF                     INDF2           equ	4063	;# 
  1752   000FE0                     BSR             equ	4064	;# 
  1753   000FE1                     FSR1            equ	4065	;# 
  1754   000FE1                     FSR1L           equ	4065	;# 
  1755   000FE2                     FSR1H           equ	4066	;# 
  1756   000FE3                     PLUSW1          equ	4067	;# 
  1757   000FE4                     PREINC1         equ	4068	;# 
  1758   000FE5                     POSTDEC1        equ	4069	;# 
  1759   000FE6                     POSTINC1        equ	4070	;# 
  1760   000FE7                     INDF1           equ	4071	;# 
  1761   000FE8                     WREG            equ	4072	;# 
  1762   000FE9                     FSR0            equ	4073	;# 
  1763   000FE9                     FSR0L           equ	4073	;# 
  1764   000FEA                     FSR0H           equ	4074	;# 
  1765   000FEB                     PLUSW0          equ	4075	;# 
  1766   000FEC                     PREINC0         equ	4076	;# 
  1767   000FED                     POSTDEC0        equ	4077	;# 
  1768   000FEE                     POSTINC0        equ	4078	;# 
  1769   000FEF                     INDF0           equ	4079	;# 
  1770   000FF0                     INTCON3         equ	4080	;# 
  1771   000FF1                     INTCON2         equ	4081	;# 
  1772   000FF2                     INTCON          equ	4082	;# 
  1773   000FF3                     PROD            equ	4083	;# 
  1774   000FF3                     PRODL           equ	4083	;# 
  1775   000FF4                     PRODH           equ	4084	;# 
  1776   000FF5                     TABLAT          equ	4085	;# 
  1777   000FF6                     TBLPTR          equ	4086	;# 
  1778   000FF6                     TBLPTRL         equ	4086	;# 
  1779   000FF7                     TBLPTRH         equ	4087	;# 
  1780   000FF8                     TBLPTRU         equ	4088	;# 
  1781   000FF9                     PCLAT           equ	4089	;# 
  1782   000FF9                     PC              equ	4089	;# 
  1783   000FF9                     PCL             equ	4089	;# 
  1784   000FFA                     PCLATH          equ	4090	;# 
  1785   000FFB                     PCLATU          equ	4091	;# 
  1786   000FFC                     STKPTR          equ	4092	;# 
  1787   000FFD                     TOS             equ	4093	;# 
  1788   000FFD                     TOSL            equ	4093	;# 
  1789   000FFE                     TOSH            equ	4094	;# 
  1790   000FFF                     TOSU            equ	4095	;# 
  1791   000D60                     RXF6SIDH        equ	3424	;# 
  1792   000D61                     RXF6SIDL        equ	3425	;# 
  1793   000D62                     RXF6EIDH        equ	3426	;# 
  1794   000D63                     RXF6EIDL        equ	3427	;# 
  1795   000D64                     RXF7SIDH        equ	3428	;# 
  1796   000D65                     RXF7SIDL        equ	3429	;# 
  1797   000D66                     RXF7EIDH        equ	3430	;# 
  1798   000D67                     RXF7EIDL        equ	3431	;# 
  1799   000D68                     RXF8SIDH        equ	3432	;# 
  1800   000D69                     RXF8SIDL        equ	3433	;# 
  1801   000D6A                     RXF8EIDH        equ	3434	;# 
  1802   000D6B                     RXF8EIDL        equ	3435	;# 
  1803   000D70                     RXF9SIDH        equ	3440	;# 
  1804   000D71                     RXF9SIDL        equ	3441	;# 
  1805   000D72                     RXF9EIDH        equ	3442	;# 
  1806   000D73                     RXF9EIDL        equ	3443	;# 
  1807   000D74                     RXF10SIDH       equ	3444	;# 
  1808   000D75                     RXF10SIDL       equ	3445	;# 
  1809   000D76                     RXF10EIDH       equ	3446	;# 
  1810   000D77                     RXF10EIDL       equ	3447	;# 
  1811   000D78                     RXF11SIDH       equ	3448	;# 
  1812   000D79                     RXF11SIDL       equ	3449	;# 
  1813   000D7A                     RXF11EIDH       equ	3450	;# 
  1814   000D7B                     RXF11EIDL       equ	3451	;# 
  1815   000D80                     RXF12SIDH       equ	3456	;# 
  1816   000D81                     RXF12SIDL       equ	3457	;# 
  1817   000D82                     RXF12EIDH       equ	3458	;# 
  1818   000D83                     RXF12EIDL       equ	3459	;# 
  1819   000D84                     RXF13SIDH       equ	3460	;# 
  1820   000D85                     RXF13SIDL       equ	3461	;# 
  1821   000D86                     RXF13EIDH       equ	3462	;# 
  1822   000D87                     RXF13EIDL       equ	3463	;# 
  1823   000D88                     RXF14SIDH       equ	3464	;# 
  1824   000D89                     RXF14SIDL       equ	3465	;# 
  1825   000D8A                     RXF14EIDH       equ	3466	;# 
  1826   000D8B                     RXF14EIDL       equ	3467	;# 
  1827   000D90                     RXF15SIDH       equ	3472	;# 
  1828   000D91                     RXF15SIDL       equ	3473	;# 
  1829   000D92                     RXF15EIDH       equ	3474	;# 
  1830   000D93                     RXF15EIDL       equ	3475	;# 
  1831   000DD4                     RXFCON0         equ	3540	;# 
  1832   000DD5                     RXFCON1         equ	3541	;# 
  1833   000DD8                     SDFLC           equ	3544	;# 
  1834   000DE0                     RXFBCON0        equ	3552	;# 
  1835   000DE1                     RXFBCON1        equ	3553	;# 
  1836   000DE2                     RXFBCON2        equ	3554	;# 
  1837   000DE3                     RXFBCON3        equ	3555	;# 
  1838   000DE4                     RXFBCON4        equ	3556	;# 
  1839   000DE5                     RXFBCON5        equ	3557	;# 
  1840   000DE6                     RXFBCON6        equ	3558	;# 
  1841   000DE7                     RXFBCON7        equ	3559	;# 
  1842   000DF0                     MSEL0           equ	3568	;# 
  1843   000DF1                     MSEL1           equ	3569	;# 
  1844   000DF2                     MSEL2           equ	3570	;# 
  1845   000DF3                     MSEL3           equ	3571	;# 
  1846   000DF8                     BSEL0           equ	3576	;# 
  1847   000DFA                     BIE0            equ	3578	;# 
  1848   000DFC                     TXBIE           equ	3580	;# 
  1849   000E20                     B0CON           equ	3616	;# 
  1850   000E21                     B0SIDH          equ	3617	;# 
  1851   000E22                     B0SIDL          equ	3618	;# 
  1852   000E23                     B0EIDH          equ	3619	;# 
  1853   000E24                     B0EIDL          equ	3620	;# 
  1854   000E25                     B0DLC           equ	3621	;# 
  1855   000E26                     B0D0            equ	3622	;# 
  1856   000E27                     B0D1            equ	3623	;# 
  1857   000E28                     B0D2            equ	3624	;# 
  1858   000E29                     B0D3            equ	3625	;# 
  1859   000E2A                     B0D4            equ	3626	;# 
  1860   000E2B                     B0D5            equ	3627	;# 
  1861   000E2C                     B0D6            equ	3628	;# 
  1862   000E2D                     B0D7            equ	3629	;# 
  1863   000E2E                     CANSTAT_RO9     equ	3630	;# 
  1864   000E2F                     CANCON_RO9      equ	3631	;# 
  1865   000E30                     B1CON           equ	3632	;# 
  1866   000E31                     B1SIDH          equ	3633	;# 
  1867   000E32                     B1SIDL          equ	3634	;# 
  1868   000E33                     B1EIDH          equ	3635	;# 
  1869   000E34                     B1EIDL          equ	3636	;# 
  1870   000E35                     B1DLC           equ	3637	;# 
  1871   000E36                     B1D0            equ	3638	;# 
  1872   000E37                     B1D1            equ	3639	;# 
  1873   000E38                     B1D2            equ	3640	;# 
  1874   000E39                     B1D3            equ	3641	;# 
  1875   000E3A                     B1D4            equ	3642	;# 
  1876   000E3B                     B1D5            equ	3643	;# 
  1877   000E3C                     B1D6            equ	3644	;# 
  1878   000E3D                     B1D7            equ	3645	;# 
  1879   000E3E                     CANSTAT_RO8     equ	3646	;# 
  1880   000E3F                     CANCON_RO8      equ	3647	;# 
  1881   000E40                     B2CON           equ	3648	;# 
  1882   000E41                     B2SIDH          equ	3649	;# 
  1883   000E42                     B2SIDL          equ	3650	;# 
  1884   000E43                     B2EIDH          equ	3651	;# 
  1885   000E44                     B2EIDL          equ	3652	;# 
  1886   000E45                     B2DLC           equ	3653	;# 
  1887   000E46                     B2D0            equ	3654	;# 
  1888   000E47                     B2D1            equ	3655	;# 
  1889   000E48                     B2D2            equ	3656	;# 
  1890   000E49                     B2D3            equ	3657	;# 
  1891   000E4A                     B2D4            equ	3658	;# 
  1892   000E4B                     B2D5            equ	3659	;# 
  1893   000E4C                     B2D6            equ	3660	;# 
  1894   000E4D                     B2D7            equ	3661	;# 
  1895   000E4E                     CANSTAT_RO7     equ	3662	;# 
  1896   000E4F                     CANCON_RO7      equ	3663	;# 
  1897   000E50                     B3CON           equ	3664	;# 
  1898   000E51                     B3SIDH          equ	3665	;# 
  1899   000E52                     B3SIDL          equ	3666	;# 
  1900   000E53                     B3EIDH          equ	3667	;# 
  1901   000E54                     B3EIDL          equ	3668	;# 
  1902   000E55                     B3DLC           equ	3669	;# 
  1903   000E56                     B3D0            equ	3670	;# 
  1904   000E57                     B3D1            equ	3671	;# 
  1905   000E58                     B3D2            equ	3672	;# 
  1906   000E59                     B3D3            equ	3673	;# 
  1907   000E5A                     B3D4            equ	3674	;# 
  1908   000E5B                     B3D5            equ	3675	;# 
  1909   000E5C                     B3D6            equ	3676	;# 
  1910   000E5D                     B3D7            equ	3677	;# 
  1911   000E5E                     CANSTAT_RO6     equ	3678	;# 
  1912   000E5F                     CANCON_RO6      equ	3679	;# 
  1913   000E60                     B4CON           equ	3680	;# 
  1914   000E61                     B4SIDH          equ	3681	;# 
  1915   000E62                     B4SIDL          equ	3682	;# 
  1916   000E63                     B4EIDH          equ	3683	;# 
  1917   000E64                     B4EIDL          equ	3684	;# 
  1918   000E65                     B4DLC           equ	3685	;# 
  1919   000E66                     B4D0            equ	3686	;# 
  1920   000E67                     B4D1            equ	3687	;# 
  1921   000E68                     B4D2            equ	3688	;# 
  1922   000E69                     B4D3            equ	3689	;# 
  1923   000E6A                     B4D4            equ	3690	;# 
  1924   000E6B                     B4D5            equ	3691	;# 
  1925   000E6C                     B4D6            equ	3692	;# 
  1926   000E6D                     B4D7            equ	3693	;# 
  1927   000E6E                     CANSTAT_RO5     equ	3694	;# 
  1928   000E6F                     CANCON_RO5      equ	3695	;# 
  1929   000E70                     B5CON           equ	3696	;# 
  1930   000E71                     B5SIDH          equ	3697	;# 
  1931   000E72                     B5SIDL          equ	3698	;# 
  1932   000E73                     B5EIDH          equ	3699	;# 
  1933   000E74                     B5EIDL          equ	3700	;# 
  1934   000E75                     B5DLC           equ	3701	;# 
  1935   000E76                     B5D0            equ	3702	;# 
  1936   000E77                     B5D1            equ	3703	;# 
  1937   000E78                     B5D2            equ	3704	;# 
  1938   000E79                     B5D3            equ	3705	;# 
  1939   000E7A                     B5D4            equ	3706	;# 
  1940   000E7B                     B5D5            equ	3707	;# 
  1941   000E7C                     B5D6            equ	3708	;# 
  1942   000E7D                     B5D7            equ	3709	;# 
  1943   000E7E                     CANSTAT_RO4     equ	3710	;# 
  1944   000E7F                     CANCON_RO4      equ	3711	;# 
  1945   000F00                     RXF0SIDH        equ	3840	;# 
  1946   000F01                     RXF0SIDL        equ	3841	;# 
  1947   000F02                     RXF0EIDH        equ	3842	;# 
  1948   000F03                     RXF0EIDL        equ	3843	;# 
  1949   000F04                     RXF1SIDH        equ	3844	;# 
  1950   000F05                     RXF1SIDL        equ	3845	;# 
  1951   000F06                     RXF1EIDH        equ	3846	;# 
  1952   000F07                     RXF1EIDL        equ	3847	;# 
  1953   000F08                     RXF2SIDH        equ	3848	;# 
  1954   000F09                     RXF2SIDL        equ	3849	;# 
  1955   000F0A                     RXF2EIDH        equ	3850	;# 
  1956   000F0B                     RXF2EIDL        equ	3851	;# 
  1957   000F0C                     RXF3SIDH        equ	3852	;# 
  1958   000F0D                     RXF3SIDL        equ	3853	;# 
  1959   000F0E                     RXF3EIDH        equ	3854	;# 
  1960   000F0F                     RXF3EIDL        equ	3855	;# 
  1961   000F10                     RXF4SIDH        equ	3856	;# 
  1962   000F11                     RXF4SIDL        equ	3857	;# 
  1963   000F12                     RXF4EIDH        equ	3858	;# 
  1964   000F13                     RXF4EIDL        equ	3859	;# 
  1965   000F14                     RXF5SIDH        equ	3860	;# 
  1966   000F15                     RXF5SIDL        equ	3861	;# 
  1967   000F16                     RXF5EIDH        equ	3862	;# 
  1968   000F17                     RXF5EIDL        equ	3863	;# 
  1969   000F18                     RXM0SIDH        equ	3864	;# 
  1970   000F19                     RXM0SIDL        equ	3865	;# 
  1971   000F1A                     RXM0EIDH        equ	3866	;# 
  1972   000F1B                     RXM0EIDL        equ	3867	;# 
  1973   000F1C                     RXM1SIDH        equ	3868	;# 
  1974   000F1D                     RXM1SIDL        equ	3869	;# 
  1975   000F1E                     RXM1EIDH        equ	3870	;# 
  1976   000F1F                     RXM1EIDL        equ	3871	;# 
  1977   000F20                     TXB2CON         equ	3872	;# 
  1978   000F21                     TXB2SIDH        equ	3873	;# 
  1979   000F22                     TXB2SIDL        equ	3874	;# 
  1980   000F23                     TXB2EIDH        equ	3875	;# 
  1981   000F24                     TXB2EIDL        equ	3876	;# 
  1982   000F25                     TXB2DLC         equ	3877	;# 
  1983   000F26                     TXB2D0          equ	3878	;# 
  1984   000F27                     TXB2D1          equ	3879	;# 
  1985   000F28                     TXB2D2          equ	3880	;# 
  1986   000F29                     TXB2D3          equ	3881	;# 
  1987   000F2A                     TXB2D4          equ	3882	;# 
  1988   000F2B                     TXB2D5          equ	3883	;# 
  1989   000F2C                     TXB2D6          equ	3884	;# 
  1990   000F2D                     TXB2D7          equ	3885	;# 
  1991   000F2E                     CANSTAT_RO3     equ	3886	;# 
  1992   000F2F                     CANCON_RO3      equ	3887	;# 
  1993   000F30                     TXB1CON         equ	3888	;# 
  1994   000F31                     TXB1SIDH        equ	3889	;# 
  1995   000F32                     TXB1SIDL        equ	3890	;# 
  1996   000F33                     TXB1EIDH        equ	3891	;# 
  1997   000F34                     TXB1EIDL        equ	3892	;# 
  1998   000F35                     TXB1DLC         equ	3893	;# 
  1999   000F36                     TXB1D0          equ	3894	;# 
  2000   000F37                     TXB1D1          equ	3895	;# 
  2001   000F38                     TXB1D2          equ	3896	;# 
  2002   000F39                     TXB1D3          equ	3897	;# 
  2003   000F3A                     TXB1D4          equ	3898	;# 
  2004   000F3B                     TXB1D5          equ	3899	;# 
  2005   000F3C                     TXB1D6          equ	3900	;# 
  2006   000F3D                     TXB1D7          equ	3901	;# 
  2007   000F3E                     CANSTAT_RO2     equ	3902	;# 
  2008   000F3F                     CANCON_RO2      equ	3903	;# 
  2009   000F40                     TXB0CON         equ	3904	;# 
  2010   000F41                     TXB0SIDH        equ	3905	;# 
  2011   000F42                     TXB0SIDL        equ	3906	;# 
  2012   000F43                     TXB0EIDH        equ	3907	;# 
  2013   000F44                     TXB0EIDL        equ	3908	;# 
  2014   000F45                     TXB0DLC         equ	3909	;# 
  2015   000F46                     TXB0D0          equ	3910	;# 
  2016   000F47                     TXB0D1          equ	3911	;# 
  2017   000F48                     TXB0D2          equ	3912	;# 
  2018   000F49                     TXB0D3          equ	3913	;# 
  2019   000F4A                     TXB0D4          equ	3914	;# 
  2020   000F4B                     TXB0D5          equ	3915	;# 
  2021   000F4C                     TXB0D6          equ	3916	;# 
  2022   000F4D                     TXB0D7          equ	3917	;# 
  2023   000F4E                     CANSTAT_RO1     equ	3918	;# 
  2024   000F4F                     CANCON_RO1      equ	3919	;# 
  2025   000F50                     RXB1CON         equ	3920	;# 
  2026   000F51                     RXB1SIDH        equ	3921	;# 
  2027   000F52                     RXB1SIDL        equ	3922	;# 
  2028   000F53                     RXB1EIDH        equ	3923	;# 
  2029   000F54                     RXB1EIDL        equ	3924	;# 
  2030   000F55                     RXB1DLC         equ	3925	;# 
  2031   000F56                     RXB1D0          equ	3926	;# 
  2032   000F57                     RXB1D1          equ	3927	;# 
  2033   000F58                     RXB1D2          equ	3928	;# 
  2034   000F59                     RXB1D3          equ	3929	;# 
  2035   000F5A                     RXB1D4          equ	3930	;# 
  2036   000F5B                     RXB1D5          equ	3931	;# 
  2037   000F5C                     RXB1D6          equ	3932	;# 
  2038   000F5D                     RXB1D7          equ	3933	;# 
  2039   000F5E                     CANSTAT_RO0     equ	3934	;# 
  2040   000F5F                     CANCON_RO0      equ	3935	;# 
  2041   000F60                     RXB0CON         equ	3936	;# 
  2042   000F61                     RXB0SIDH        equ	3937	;# 
  2043   000F62                     RXB0SIDL        equ	3938	;# 
  2044   000F63                     RXB0EIDH        equ	3939	;# 
  2045   000F64                     RXB0EIDL        equ	3940	;# 
  2046   000F65                     RXB0DLC         equ	3941	;# 
  2047   000F66                     RXB0D0          equ	3942	;# 
  2048   000F67                     RXB0D1          equ	3943	;# 
  2049   000F68                     RXB0D2          equ	3944	;# 
  2050   000F69                     RXB0D3          equ	3945	;# 
  2051   000F6A                     RXB0D4          equ	3946	;# 
  2052   000F6B                     RXB0D5          equ	3947	;# 
  2053   000F6C                     RXB0D6          equ	3948	;# 
  2054   000F6D                     RXB0D7          equ	3949	;# 
  2055   000F6E                     CANSTAT         equ	3950	;# 
  2056   000F6F                     CANCON          equ	3951	;# 
  2057   000F70                     BRGCON1         equ	3952	;# 
  2058   000F71                     BRGCON2         equ	3953	;# 
  2059   000F72                     BRGCON3         equ	3954	;# 
  2060   000F73                     CIOCON          equ	3955	;# 
  2061   000F74                     COMSTAT         equ	3956	;# 
  2062   000F75                     RXERRCNT        equ	3957	;# 
  2063   000F76                     TXERRCNT        equ	3958	;# 
  2064   000F77                     ECANCON         equ	3959	;# 
  2065   000F80                     PORTA           equ	3968	;# 
  2066   000F81                     PORTB           equ	3969	;# 
  2067   000F82                     PORTC           equ	3970	;# 
  2068   000F83                     PORTD           equ	3971	;# 
  2069   000F84                     PORTE           equ	3972	;# 
  2070   000F89                     LATA            equ	3977	;# 
  2071   000F8A                     LATB            equ	3978	;# 
  2072   000F8B                     LATC            equ	3979	;# 
  2073   000F8C                     LATD            equ	3980	;# 
  2074   000F8D                     LATE            equ	3981	;# 
  2075   000F92                     TRISA           equ	3986	;# 
  2076   000F92                     DDRA            equ	3986	;# 
  2077   000F93                     TRISB           equ	3987	;# 
  2078   000F93                     DDRB            equ	3987	;# 
  2079   000F94                     TRISC           equ	3988	;# 
  2080   000F94                     DDRC            equ	3988	;# 
  2081   000F95                     TRISD           equ	3989	;# 
  2082   000F95                     DDRD            equ	3989	;# 
  2083   000F96                     TRISE           equ	3990	;# 
  2084   000F96                     DDRE            equ	3990	;# 
  2085   000F9B                     OSCTUNE         equ	3995	;# 
  2086   000F9D                     PIE1            equ	3997	;# 
  2087   000F9E                     PIR1            equ	3998	;# 
  2088   000F9F                     IPR1            equ	3999	;# 
  2089   000FA0                     PIE2            equ	4000	;# 
  2090   000FA1                     PIR2            equ	4001	;# 
  2091   000FA2                     IPR2            equ	4002	;# 
  2092   000FA3                     PIE3            equ	4003	;# 
  2093   000FA4                     PIR3            equ	4004	;# 
  2094   000FA5                     IPR3            equ	4005	;# 
  2095   000FA6                     EECON1          equ	4006	;# 
  2096   000FA7                     EECON2          equ	4007	;# 
  2097   000FA8                     EEDATA          equ	4008	;# 
  2098   000FA9                     EEADR           equ	4009	;# 
  2099   000FAB                     RCSTA           equ	4011	;# 
  2100   000FAB                     RCSTA1          equ	4011	;# 
  2101   000FAC                     TXSTA           equ	4012	;# 
  2102   000FAC                     TXSTA1          equ	4012	;# 
  2103   000FAD                     TXREG           equ	4013	;# 
  2104   000FAD                     TXREG1          equ	4013	;# 
  2105   000FAE                     RCREG           equ	4014	;# 
  2106   000FAE                     RCREG1          equ	4014	;# 
  2107   000FAF                     SPBRG           equ	4015	;# 
  2108   000FAF                     SPBRG1          equ	4015	;# 
  2109   000FB0                     SPBRGH          equ	4016	;# 
  2110   000FB1                     T3CON           equ	4017	;# 
  2111   000FB2                     TMR3            equ	4018	;# 
  2112   000FB2                     TMR3L           equ	4018	;# 
  2113   000FB3                     TMR3H           equ	4019	;# 
  2114   000FB4                     CMCON           equ	4020	;# 
  2115   000FB5                     CVRCON          equ	4021	;# 
  2116   000FB6                     ECCP1AS         equ	4022	;# 
  2117   000FB7                     ECCP1DEL        equ	4023	;# 
  2118   000FB8                     BAUDCON         equ	4024	;# 
  2119   000FB8                     BAUDCTL         equ	4024	;# 
  2120   000FBA                     ECCP1CON        equ	4026	;# 
  2121   000FBB                     ECCPR1          equ	4027	;# 
  2122   000FBB                     ECCPR1L         equ	4027	;# 
  2123   000FBC                     ECCPR1H         equ	4028	;# 
  2124   000FBD                     CCP1CON         equ	4029	;# 
  2125   000FBE                     CCPR1           equ	4030	;# 
  2126   000FBE                     CCPR1L          equ	4030	;# 
  2127   000FBF                     CCPR1H          equ	4031	;# 
  2128   000FC0                     ADCON2          equ	4032	;# 
  2129   000FC1                     ADCON1          equ	4033	;# 
  2130   000FC2                     ADCON0          equ	4034	;# 
  2131   000FC3                     ADRES           equ	4035	;# 
  2132   000FC3                     ADRESL          equ	4035	;# 
  2133   000FC4                     ADRESH          equ	4036	;# 
  2134   000FC5                     SSPCON2         equ	4037	;# 
  2135   000FC6                     SSPCON1         equ	4038	;# 
  2136   000FC7                     SSPSTAT         equ	4039	;# 
  2137   000FC8                     SSPADD          equ	4040	;# 
  2138   000FC9                     SSPBUF          equ	4041	;# 
  2139   000FCA                     T2CON           equ	4042	;# 
  2140   000FCB                     PR2             equ	4043	;# 
  2141   000FCB                     MEMCON          equ	4043	;# 
  2142   000FCC                     TMR2            equ	4044	;# 
  2143   000FCD                     T1CON           equ	4045	;# 
  2144   000FCE                     TMR1            equ	4046	;# 
  2145   000FCE                     TMR1L           equ	4046	;# 
  2146   000FCF                     TMR1H           equ	4047	;# 
  2147   000FD0                     RCON            equ	4048	;# 
  2148   000FD1                     WDTCON          equ	4049	;# 
  2149   000FD2                     HLVDCON         equ	4050	;# 
  2150   000FD2                     LVDCON          equ	4050	;# 
  2151   000FD3                     OSCCON          equ	4051	;# 
  2152   000FD5                     T0CON           equ	4053	;# 
  2153   000FD6                     TMR0            equ	4054	;# 
  2154   000FD6                     TMR0L           equ	4054	;# 
  2155   000FD7                     TMR0H           equ	4055	;# 
  2156   000FD8                     STATUS          equ	4056	;# 
  2157   000FD9                     FSR2            equ	4057	;# 
  2158   000FD9                     FSR2L           equ	4057	;# 
  2159   000FDA                     FSR2H           equ	4058	;# 
  2160   000FDB                     PLUSW2          equ	4059	;# 
  2161   000FDC                     PREINC2         equ	4060	;# 
  2162   000FDD                     POSTDEC2        equ	4061	;# 
  2163   000FDE                     POSTINC2        equ	4062	;# 
  2164   000FDF                     INDF2           equ	4063	;# 
  2165   000FE0                     BSR             equ	4064	;# 
  2166   000FE1                     FSR1            equ	4065	;# 
  2167   000FE1                     FSR1L           equ	4065	;# 
  2168   000FE2                     FSR1H           equ	4066	;# 
  2169   000FE3                     PLUSW1          equ	4067	;# 
  2170   000FE4                     PREINC1         equ	4068	;# 
  2171   000FE5                     POSTDEC1        equ	4069	;# 
  2172   000FE6                     POSTINC1        equ	4070	;# 
  2173   000FE7                     INDF1           equ	4071	;# 
  2174   000FE8                     WREG            equ	4072	;# 
  2175   000FE9                     FSR0            equ	4073	;# 
  2176   000FE9                     FSR0L           equ	4073	;# 
  2177   000FEA                     FSR0H           equ	4074	;# 
  2178   000FEB                     PLUSW0          equ	4075	;# 
  2179   000FEC                     PREINC0         equ	4076	;# 
  2180   000FED                     POSTDEC0        equ	4077	;# 
  2181   000FEE                     POSTINC0        equ	4078	;# 
  2182   000FEF                     INDF0           equ	4079	;# 
  2183   000FF0                     INTCON3         equ	4080	;# 
  2184   000FF1                     INTCON2         equ	4081	;# 
  2185   000FF2                     INTCON          equ	4082	;# 
  2186   000FF3                     PROD            equ	4083	;# 
  2187   000FF3                     PRODL           equ	4083	;# 
  2188   000FF4                     PRODH           equ	4084	;# 
  2189   000FF5                     TABLAT          equ	4085	;# 
  2190   000FF6                     TBLPTR          equ	4086	;# 
  2191   000FF6                     TBLPTRL         equ	4086	;# 
  2192   000FF7                     TBLPTRH         equ	4087	;# 
  2193   000FF8                     TBLPTRU         equ	4088	;# 
  2194   000FF9                     PCLAT           equ	4089	;# 
  2195   000FF9                     PC              equ	4089	;# 
  2196   000FF9                     PCL             equ	4089	;# 
  2197   000FFA                     PCLATH          equ	4090	;# 
  2198   000FFB                     PCLATU          equ	4091	;# 
  2199   000FFC                     STKPTR          equ	4092	;# 
  2200   000FFD                     TOS             equ	4093	;# 
  2201   000FFD                     TOSL            equ	4093	;# 
  2202   000FFE                     TOSH            equ	4094	;# 
  2203   000FFF                     TOSU            equ	4095	;# 
  2204   000D60                     RXF6SIDH        equ	3424	;# 
  2205   000D61                     RXF6SIDL        equ	3425	;# 
  2206   000D62                     RXF6EIDH        equ	3426	;# 
  2207   000D63                     RXF6EIDL        equ	3427	;# 
  2208   000D64                     RXF7SIDH        equ	3428	;# 
  2209   000D65                     RXF7SIDL        equ	3429	;# 
  2210   000D66                     RXF7EIDH        equ	3430	;# 
  2211   000D67                     RXF7EIDL        equ	3431	;# 
  2212   000D68                     RXF8SIDH        equ	3432	;# 
  2213   000D69                     RXF8SIDL        equ	3433	;# 
  2214   000D6A                     RXF8EIDH        equ	3434	;# 
  2215   000D6B                     RXF8EIDL        equ	3435	;# 
  2216   000D70                     RXF9SIDH        equ	3440	;# 
  2217   000D71                     RXF9SIDL        equ	3441	;# 
  2218   000D72                     RXF9EIDH        equ	3442	;# 
  2219   000D73                     RXF9EIDL        equ	3443	;# 
  2220   000D74                     RXF10SIDH       equ	3444	;# 
  2221   000D75                     RXF10SIDL       equ	3445	;# 
  2222   000D76                     RXF10EIDH       equ	3446	;# 
  2223   000D77                     RXF10EIDL       equ	3447	;# 
  2224   000D78                     RXF11SIDH       equ	3448	;# 
  2225   000D79                     RXF11SIDL       equ	3449	;# 
  2226   000D7A                     RXF11EIDH       equ	3450	;# 
  2227   000D7B                     RXF11EIDL       equ	3451	;# 
  2228   000D80                     RXF12SIDH       equ	3456	;# 
  2229   000D81                     RXF12SIDL       equ	3457	;# 
  2230   000D82                     RXF12EIDH       equ	3458	;# 
  2231   000D83                     RXF12EIDL       equ	3459	;# 
  2232   000D84                     RXF13SIDH       equ	3460	;# 
  2233   000D85                     RXF13SIDL       equ	3461	;# 
  2234   000D86                     RXF13EIDH       equ	3462	;# 
  2235   000D87                     RXF13EIDL       equ	3463	;# 
  2236   000D88                     RXF14SIDH       equ	3464	;# 
  2237   000D89                     RXF14SIDL       equ	3465	;# 
  2238   000D8A                     RXF14EIDH       equ	3466	;# 
  2239   000D8B                     RXF14EIDL       equ	3467	;# 
  2240   000D90                     RXF15SIDH       equ	3472	;# 
  2241   000D91                     RXF15SIDL       equ	3473	;# 
  2242   000D92                     RXF15EIDH       equ	3474	;# 
  2243   000D93                     RXF15EIDL       equ	3475	;# 
  2244   000DD4                     RXFCON0         equ	3540	;# 
  2245   000DD5                     RXFCON1         equ	3541	;# 
  2246   000DD8                     SDFLC           equ	3544	;# 
  2247   000DE0                     RXFBCON0        equ	3552	;# 
  2248   000DE1                     RXFBCON1        equ	3553	;# 
  2249   000DE2                     RXFBCON2        equ	3554	;# 
  2250   000DE3                     RXFBCON3        equ	3555	;# 
  2251   000DE4                     RXFBCON4        equ	3556	;# 
  2252   000DE5                     RXFBCON5        equ	3557	;# 
  2253   000DE6                     RXFBCON6        equ	3558	;# 
  2254   000DE7                     RXFBCON7        equ	3559	;# 
  2255   000DF0                     MSEL0           equ	3568	;# 
  2256   000DF1                     MSEL1           equ	3569	;# 
  2257   000DF2                     MSEL2           equ	3570	;# 
  2258   000DF3                     MSEL3           equ	3571	;# 
  2259   000DF8                     BSEL0           equ	3576	;# 
  2260   000DFA                     BIE0            equ	3578	;# 
  2261   000DFC                     TXBIE           equ	3580	;# 
  2262   000E20                     B0CON           equ	3616	;# 
  2263   000E21                     B0SIDH          equ	3617	;# 
  2264   000E22                     B0SIDL          equ	3618	;# 
  2265   000E23                     B0EIDH          equ	3619	;# 
  2266   000E24                     B0EIDL          equ	3620	;# 
  2267   000E25                     B0DLC           equ	3621	;# 
  2268   000E26                     B0D0            equ	3622	;# 
  2269   000E27                     B0D1            equ	3623	;# 
  2270   000E28                     B0D2            equ	3624	;# 
  2271   000E29                     B0D3            equ	3625	;# 
  2272   000E2A                     B0D4            equ	3626	;# 
  2273   000E2B                     B0D5            equ	3627	;# 
  2274   000E2C                     B0D6            equ	3628	;# 
  2275   000E2D                     B0D7            equ	3629	;# 
  2276   000E2E                     CANSTAT_RO9     equ	3630	;# 
  2277   000E2F                     CANCON_RO9      equ	3631	;# 
  2278   000E30                     B1CON           equ	3632	;# 
  2279   000E31                     B1SIDH          equ	3633	;# 
  2280   000E32                     B1SIDL          equ	3634	;# 
  2281   000E33                     B1EIDH          equ	3635	;# 
  2282   000E34                     B1EIDL          equ	3636	;# 
  2283   000E35                     B1DLC           equ	3637	;# 
  2284   000E36                     B1D0            equ	3638	;# 
  2285   000E37                     B1D1            equ	3639	;# 
  2286   000E38                     B1D2            equ	3640	;# 
  2287   000E39                     B1D3            equ	3641	;# 
  2288   000E3A                     B1D4            equ	3642	;# 
  2289   000E3B                     B1D5            equ	3643	;# 
  2290   000E3C                     B1D6            equ	3644	;# 
  2291   000E3D                     B1D7            equ	3645	;# 
  2292   000E3E                     CANSTAT_RO8     equ	3646	;# 
  2293   000E3F                     CANCON_RO8      equ	3647	;# 
  2294   000E40                     B2CON           equ	3648	;# 
  2295   000E41                     B2SIDH          equ	3649	;# 
  2296   000E42                     B2SIDL          equ	3650	;# 
  2297   000E43                     B2EIDH          equ	3651	;# 
  2298   000E44                     B2EIDL          equ	3652	;# 
  2299   000E45                     B2DLC           equ	3653	;# 
  2300   000E46                     B2D0            equ	3654	;# 
  2301   000E47                     B2D1            equ	3655	;# 
  2302   000E48                     B2D2            equ	3656	;# 
  2303   000E49                     B2D3            equ	3657	;# 
  2304   000E4A                     B2D4            equ	3658	;# 
  2305   000E4B                     B2D5            equ	3659	;# 
  2306   000E4C                     B2D6            equ	3660	;# 
  2307   000E4D                     B2D7            equ	3661	;# 
  2308   000E4E                     CANSTAT_RO7     equ	3662	;# 
  2309   000E4F                     CANCON_RO7      equ	3663	;# 
  2310   000E50                     B3CON           equ	3664	;# 
  2311   000E51                     B3SIDH          equ	3665	;# 
  2312   000E52                     B3SIDL          equ	3666	;# 
  2313   000E53                     B3EIDH          equ	3667	;# 
  2314   000E54                     B3EIDL          equ	3668	;# 
  2315   000E55                     B3DLC           equ	3669	;# 
  2316   000E56                     B3D0            equ	3670	;# 
  2317   000E57                     B3D1            equ	3671	;# 
  2318   000E58                     B3D2            equ	3672	;# 
  2319   000E59                     B3D3            equ	3673	;# 
  2320   000E5A                     B3D4            equ	3674	;# 
  2321   000E5B                     B3D5            equ	3675	;# 
  2322   000E5C                     B3D6            equ	3676	;# 
  2323   000E5D                     B3D7            equ	3677	;# 
  2324   000E5E                     CANSTAT_RO6     equ	3678	;# 
  2325   000E5F                     CANCON_RO6      equ	3679	;# 
  2326   000E60                     B4CON           equ	3680	;# 
  2327   000E61                     B4SIDH          equ	3681	;# 
  2328   000E62                     B4SIDL          equ	3682	;# 
  2329   000E63                     B4EIDH          equ	3683	;# 
  2330   000E64                     B4EIDL          equ	3684	;# 
  2331   000E65                     B4DLC           equ	3685	;# 
  2332   000E66                     B4D0            equ	3686	;# 
  2333   000E67                     B4D1            equ	3687	;# 
  2334   000E68                     B4D2            equ	3688	;# 
  2335   000E69                     B4D3            equ	3689	;# 
  2336   000E6A                     B4D4            equ	3690	;# 
  2337   000E6B                     B4D5            equ	3691	;# 
  2338   000E6C                     B4D6            equ	3692	;# 
  2339   000E6D                     B4D7            equ	3693	;# 
  2340   000E6E                     CANSTAT_RO5     equ	3694	;# 
  2341   000E6F                     CANCON_RO5      equ	3695	;# 
  2342   000E70                     B5CON           equ	3696	;# 
  2343   000E71                     B5SIDH          equ	3697	;# 
  2344   000E72                     B5SIDL          equ	3698	;# 
  2345   000E73                     B5EIDH          equ	3699	;# 
  2346   000E74                     B5EIDL          equ	3700	;# 
  2347   000E75                     B5DLC           equ	3701	;# 
  2348   000E76                     B5D0            equ	3702	;# 
  2349   000E77                     B5D1            equ	3703	;# 
  2350   000E78                     B5D2            equ	3704	;# 
  2351   000E79                     B5D3            equ	3705	;# 
  2352   000E7A                     B5D4            equ	3706	;# 
  2353   000E7B                     B5D5            equ	3707	;# 
  2354   000E7C                     B5D6            equ	3708	;# 
  2355   000E7D                     B5D7            equ	3709	;# 
  2356   000E7E                     CANSTAT_RO4     equ	3710	;# 
  2357   000E7F                     CANCON_RO4      equ	3711	;# 
  2358   000F00                     RXF0SIDH        equ	3840	;# 
  2359   000F01                     RXF0SIDL        equ	3841	;# 
  2360   000F02                     RXF0EIDH        equ	3842	;# 
  2361   000F03                     RXF0EIDL        equ	3843	;# 
  2362   000F04                     RXF1SIDH        equ	3844	;# 
  2363   000F05                     RXF1SIDL        equ	3845	;# 
  2364   000F06                     RXF1EIDH        equ	3846	;# 
  2365   000F07                     RXF1EIDL        equ	3847	;# 
  2366   000F08                     RXF2SIDH        equ	3848	;# 
  2367   000F09                     RXF2SIDL        equ	3849	;# 
  2368   000F0A                     RXF2EIDH        equ	3850	;# 
  2369   000F0B                     RXF2EIDL        equ	3851	;# 
  2370   000F0C                     RXF3SIDH        equ	3852	;# 
  2371   000F0D                     RXF3SIDL        equ	3853	;# 
  2372   000F0E                     RXF3EIDH        equ	3854	;# 
  2373   000F0F                     RXF3EIDL        equ	3855	;# 
  2374   000F10                     RXF4SIDH        equ	3856	;# 
  2375   000F11                     RXF4SIDL        equ	3857	;# 
  2376   000F12                     RXF4EIDH        equ	3858	;# 
  2377   000F13                     RXF4EIDL        equ	3859	;# 
  2378   000F14                     RXF5SIDH        equ	3860	;# 
  2379   000F15                     RXF5SIDL        equ	3861	;# 
  2380   000F16                     RXF5EIDH        equ	3862	;# 
  2381   000F17                     RXF5EIDL        equ	3863	;# 
  2382   000F18                     RXM0SIDH        equ	3864	;# 
  2383   000F19                     RXM0SIDL        equ	3865	;# 
  2384   000F1A                     RXM0EIDH        equ	3866	;# 
  2385   000F1B                     RXM0EIDL        equ	3867	;# 
  2386   000F1C                     RXM1SIDH        equ	3868	;# 
  2387   000F1D                     RXM1SIDL        equ	3869	;# 
  2388   000F1E                     RXM1EIDH        equ	3870	;# 
  2389   000F1F                     RXM1EIDL        equ	3871	;# 
  2390   000F20                     TXB2CON         equ	3872	;# 
  2391   000F21                     TXB2SIDH        equ	3873	;# 
  2392   000F22                     TXB2SIDL        equ	3874	;# 
  2393   000F23                     TXB2EIDH        equ	3875	;# 
  2394   000F24                     TXB2EIDL        equ	3876	;# 
  2395   000F25                     TXB2DLC         equ	3877	;# 
  2396   000F26                     TXB2D0          equ	3878	;# 
  2397   000F27                     TXB2D1          equ	3879	;# 
  2398   000F28                     TXB2D2          equ	3880	;# 
  2399   000F29                     TXB2D3          equ	3881	;# 
  2400   000F2A                     TXB2D4          equ	3882	;# 
  2401   000F2B                     TXB2D5          equ	3883	;# 
  2402   000F2C                     TXB2D6          equ	3884	;# 
  2403   000F2D                     TXB2D7          equ	3885	;# 
  2404   000F2E                     CANSTAT_RO3     equ	3886	;# 
  2405   000F2F                     CANCON_RO3      equ	3887	;# 
  2406   000F30                     TXB1CON         equ	3888	;# 
  2407   000F31                     TXB1SIDH        equ	3889	;# 
  2408   000F32                     TXB1SIDL        equ	3890	;# 
  2409   000F33                     TXB1EIDH        equ	3891	;# 
  2410   000F34                     TXB1EIDL        equ	3892	;# 
  2411   000F35                     TXB1DLC         equ	3893	;# 
  2412   000F36                     TXB1D0          equ	3894	;# 
  2413   000F37                     TXB1D1          equ	3895	;# 
  2414   000F38                     TXB1D2          equ	3896	;# 
  2415   000F39                     TXB1D3          equ	3897	;# 
  2416   000F3A                     TXB1D4          equ	3898	;# 
  2417   000F3B                     TXB1D5          equ	3899	;# 
  2418   000F3C                     TXB1D6          equ	3900	;# 
  2419   000F3D                     TXB1D7          equ	3901	;# 
  2420   000F3E                     CANSTAT_RO2     equ	3902	;# 
  2421   000F3F                     CANCON_RO2      equ	3903	;# 
  2422   000F40                     TXB0CON         equ	3904	;# 
  2423   000F41                     TXB0SIDH        equ	3905	;# 
  2424   000F42                     TXB0SIDL        equ	3906	;# 
  2425   000F43                     TXB0EIDH        equ	3907	;# 
  2426   000F44                     TXB0EIDL        equ	3908	;# 
  2427   000F45                     TXB0DLC         equ	3909	;# 
  2428   000F46                     TXB0D0          equ	3910	;# 
  2429   000F47                     TXB0D1          equ	3911	;# 
  2430   000F48                     TXB0D2          equ	3912	;# 
  2431   000F49                     TXB0D3          equ	3913	;# 
  2432   000F4A                     TXB0D4          equ	3914	;# 
  2433   000F4B                     TXB0D5          equ	3915	;# 
  2434   000F4C                     TXB0D6          equ	3916	;# 
  2435   000F4D                     TXB0D7          equ	3917	;# 
  2436   000F4E                     CANSTAT_RO1     equ	3918	;# 
  2437   000F4F                     CANCON_RO1      equ	3919	;# 
  2438   000F50                     RXB1CON         equ	3920	;# 
  2439   000F51                     RXB1SIDH        equ	3921	;# 
  2440   000F52                     RXB1SIDL        equ	3922	;# 
  2441   000F53                     RXB1EIDH        equ	3923	;# 
  2442   000F54                     RXB1EIDL        equ	3924	;# 
  2443   000F55                     RXB1DLC         equ	3925	;# 
  2444   000F56                     RXB1D0          equ	3926	;# 
  2445   000F57                     RXB1D1          equ	3927	;# 
  2446   000F58                     RXB1D2          equ	3928	;# 
  2447   000F59                     RXB1D3          equ	3929	;# 
  2448   000F5A                     RXB1D4          equ	3930	;# 
  2449   000F5B                     RXB1D5          equ	3931	;# 
  2450   000F5C                     RXB1D6          equ	3932	;# 
  2451   000F5D                     RXB1D7          equ	3933	;# 
  2452   000F5E                     CANSTAT_RO0     equ	3934	;# 
  2453   000F5F                     CANCON_RO0      equ	3935	;# 
  2454   000F60                     RXB0CON         equ	3936	;# 
  2455   000F61                     RXB0SIDH        equ	3937	;# 
  2456   000F62                     RXB0SIDL        equ	3938	;# 
  2457   000F63                     RXB0EIDH        equ	3939	;# 
  2458   000F64                     RXB0EIDL        equ	3940	;# 
  2459   000F65                     RXB0DLC         equ	3941	;# 
  2460   000F66                     RXB0D0          equ	3942	;# 
  2461   000F67                     RXB0D1          equ	3943	;# 
  2462   000F68                     RXB0D2          equ	3944	;# 
  2463   000F69                     RXB0D3          equ	3945	;# 
  2464   000F6A                     RXB0D4          equ	3946	;# 
  2465   000F6B                     RXB0D5          equ	3947	;# 
  2466   000F6C                     RXB0D6          equ	3948	;# 
  2467   000F6D                     RXB0D7          equ	3949	;# 
  2468   000F6E                     CANSTAT         equ	3950	;# 
  2469   000F6F                     CANCON          equ	3951	;# 
  2470   000F70                     BRGCON1         equ	3952	;# 
  2471   000F71                     BRGCON2         equ	3953	;# 
  2472   000F72                     BRGCON3         equ	3954	;# 
  2473   000F73                     CIOCON          equ	3955	;# 
  2474   000F74                     COMSTAT         equ	3956	;# 
  2475   000F75                     RXERRCNT        equ	3957	;# 
  2476   000F76                     TXERRCNT        equ	3958	;# 
  2477   000F77                     ECANCON         equ	3959	;# 
  2478   000F80                     PORTA           equ	3968	;# 
  2479   000F81                     PORTB           equ	3969	;# 
  2480   000F82                     PORTC           equ	3970	;# 
  2481   000F83                     PORTD           equ	3971	;# 
  2482   000F84                     PORTE           equ	3972	;# 
  2483   000F89                     LATA            equ	3977	;# 
  2484   000F8A                     LATB            equ	3978	;# 
  2485   000F8B                     LATC            equ	3979	;# 
  2486   000F8C                     LATD            equ	3980	;# 
  2487   000F8D                     LATE            equ	3981	;# 
  2488   000F92                     TRISA           equ	3986	;# 
  2489   000F92                     DDRA            equ	3986	;# 
  2490   000F93                     TRISB           equ	3987	;# 
  2491   000F93                     DDRB            equ	3987	;# 
  2492   000F94                     TRISC           equ	3988	;# 
  2493   000F94                     DDRC            equ	3988	;# 
  2494   000F95                     TRISD           equ	3989	;# 
  2495   000F95                     DDRD            equ	3989	;# 
  2496   000F96                     TRISE           equ	3990	;# 
  2497   000F96                     DDRE            equ	3990	;# 
  2498   000F9B                     OSCTUNE         equ	3995	;# 
  2499   000F9D                     PIE1            equ	3997	;# 
  2500   000F9E                     PIR1            equ	3998	;# 
  2501   000F9F                     IPR1            equ	3999	;# 
  2502   000FA0                     PIE2            equ	4000	;# 
  2503   000FA1                     PIR2            equ	4001	;# 
  2504   000FA2                     IPR2            equ	4002	;# 
  2505   000FA3                     PIE3            equ	4003	;# 
  2506   000FA4                     PIR3            equ	4004	;# 
  2507   000FA5                     IPR3            equ	4005	;# 
  2508   000FA6                     EECON1          equ	4006	;# 
  2509   000FA7                     EECON2          equ	4007	;# 
  2510   000FA8                     EEDATA          equ	4008	;# 
  2511   000FA9                     EEADR           equ	4009	;# 
  2512   000FAB                     RCSTA           equ	4011	;# 
  2513   000FAB                     RCSTA1          equ	4011	;# 
  2514   000FAC                     TXSTA           equ	4012	;# 
  2515   000FAC                     TXSTA1          equ	4012	;# 
  2516   000FAD                     TXREG           equ	4013	;# 
  2517   000FAD                     TXREG1          equ	4013	;# 
  2518   000FAE                     RCREG           equ	4014	;# 
  2519   000FAE                     RCREG1          equ	4014	;# 
  2520   000FAF                     SPBRG           equ	4015	;# 
  2521   000FAF                     SPBRG1          equ	4015	;# 
  2522   000FB0                     SPBRGH          equ	4016	;# 
  2523   000FB1                     T3CON           equ	4017	;# 
  2524   000FB2                     TMR3            equ	4018	;# 
  2525   000FB2                     TMR3L           equ	4018	;# 
  2526   000FB3                     TMR3H           equ	4019	;# 
  2527   000FB4                     CMCON           equ	4020	;# 
  2528   000FB5                     CVRCON          equ	4021	;# 
  2529   000FB6                     ECCP1AS         equ	4022	;# 
  2530   000FB7                     ECCP1DEL        equ	4023	;# 
  2531   000FB8                     BAUDCON         equ	4024	;# 
  2532   000FB8                     BAUDCTL         equ	4024	;# 
  2533   000FBA                     ECCP1CON        equ	4026	;# 
  2534   000FBB                     ECCPR1          equ	4027	;# 
  2535   000FBB                     ECCPR1L         equ	4027	;# 
  2536   000FBC                     ECCPR1H         equ	4028	;# 
  2537   000FBD                     CCP1CON         equ	4029	;# 
  2538   000FBE                     CCPR1           equ	4030	;# 
  2539   000FBE                     CCPR1L          equ	4030	;# 
  2540   000FBF                     CCPR1H          equ	4031	;# 
  2541   000FC0                     ADCON2          equ	4032	;# 
  2542   000FC1                     ADCON1          equ	4033	;# 
  2543   000FC2                     ADCON0          equ	4034	;# 
  2544   000FC3                     ADRES           equ	4035	;# 
  2545   000FC3                     ADRESL          equ	4035	;# 
  2546   000FC4                     ADRESH          equ	4036	;# 
  2547   000FC5                     SSPCON2         equ	4037	;# 
  2548   000FC6                     SSPCON1         equ	4038	;# 
  2549   000FC7                     SSPSTAT         equ	4039	;# 
  2550   000FC8                     SSPADD          equ	4040	;# 
  2551   000FC9                     SSPBUF          equ	4041	;# 
  2552   000FCA                     T2CON           equ	4042	;# 
  2553   000FCB                     PR2             equ	4043	;# 
  2554   000FCB                     MEMCON          equ	4043	;# 
  2555   000FCC                     TMR2            equ	4044	;# 
  2556   000FCD                     T1CON           equ	4045	;# 
  2557   000FCE                     TMR1            equ	4046	;# 
  2558   000FCE                     TMR1L           equ	4046	;# 
  2559   000FCF                     TMR1H           equ	4047	;# 
  2560   000FD0                     RCON            equ	4048	;# 
  2561   000FD1                     WDTCON          equ	4049	;# 
  2562   000FD2                     HLVDCON         equ	4050	;# 
  2563   000FD2                     LVDCON          equ	4050	;# 
  2564   000FD3                     OSCCON          equ	4051	;# 
  2565   000FD5                     T0CON           equ	4053	;# 
  2566   000FD6                     TMR0            equ	4054	;# 
  2567   000FD6                     TMR0L           equ	4054	;# 
  2568   000FD7                     TMR0H           equ	4055	;# 
  2569   000FD8                     STATUS          equ	4056	;# 
  2570   000FD9                     FSR2            equ	4057	;# 
  2571   000FD9                     FSR2L           equ	4057	;# 
  2572   000FDA                     FSR2H           equ	4058	;# 
  2573   000FDB                     PLUSW2          equ	4059	;# 
  2574   000FDC                     PREINC2         equ	4060	;# 
  2575   000FDD                     POSTDEC2        equ	4061	;# 
  2576   000FDE                     POSTINC2        equ	4062	;# 
  2577   000FDF                     INDF2           equ	4063	;# 
  2578   000FE0                     BSR             equ	4064	;# 
  2579   000FE1                     FSR1            equ	4065	;# 
  2580   000FE1                     FSR1L           equ	4065	;# 
  2581   000FE2                     FSR1H           equ	4066	;# 
  2582   000FE3                     PLUSW1          equ	4067	;# 
  2583   000FE4                     PREINC1         equ	4068	;# 
  2584   000FE5                     POSTDEC1        equ	4069	;# 
  2585   000FE6                     POSTINC1        equ	4070	;# 
  2586   000FE7                     INDF1           equ	4071	;# 
  2587   000FE8                     WREG            equ	4072	;# 
  2588   000FE9                     FSR0            equ	4073	;# 
  2589   000FE9                     FSR0L           equ	4073	;# 
  2590   000FEA                     FSR0H           equ	4074	;# 
  2591   000FEB                     PLUSW0          equ	4075	;# 
  2592   000FEC                     PREINC0         equ	4076	;# 
  2593   000FED                     POSTDEC0        equ	4077	;# 
  2594   000FEE                     POSTINC0        equ	4078	;# 
  2595   000FEF                     INDF0           equ	4079	;# 
  2596   000FF0                     INTCON3         equ	4080	;# 
  2597   000FF1                     INTCON2         equ	4081	;# 
  2598   000FF2                     INTCON          equ	4082	;# 
  2599   000FF3                     PROD            equ	4083	;# 
  2600   000FF3                     PRODL           equ	4083	;# 
  2601   000FF4                     PRODH           equ	4084	;# 
  2602   000FF5                     TABLAT          equ	4085	;# 
  2603   000FF6                     TBLPTR          equ	4086	;# 
  2604   000FF6                     TBLPTRL         equ	4086	;# 
  2605   000FF7                     TBLPTRH         equ	4087	;# 
  2606   000FF8                     TBLPTRU         equ	4088	;# 
  2607   000FF9                     PCLAT           equ	4089	;# 
  2608   000FF9                     PC              equ	4089	;# 
  2609   000FF9                     PCL             equ	4089	;# 
  2610   000FFA                     PCLATH          equ	4090	;# 
  2611   000FFB                     PCLATU          equ	4091	;# 
  2612   000FFC                     STKPTR          equ	4092	;# 
  2613   000FFD                     TOS             equ	4093	;# 
  2614   000FFD                     TOSL            equ	4093	;# 
  2615   000FFE                     TOSH            equ	4094	;# 
  2616   000FFF                     TOSU            equ	4095	;# 
  2617   000D60                     RXF6SIDH        equ	3424	;# 
  2618   000D61                     RXF6SIDL        equ	3425	;# 
  2619   000D62                     RXF6EIDH        equ	3426	;# 
  2620   000D63                     RXF6EIDL        equ	3427	;# 
  2621   000D64                     RXF7SIDH        equ	3428	;# 
  2622   000D65                     RXF7SIDL        equ	3429	;# 
  2623   000D66                     RXF7EIDH        equ	3430	;# 
  2624   000D67                     RXF7EIDL        equ	3431	;# 
  2625   000D68                     RXF8SIDH        equ	3432	;# 
  2626   000D69                     RXF8SIDL        equ	3433	;# 
  2627   000D6A                     RXF8EIDH        equ	3434	;# 
  2628   000D6B                     RXF8EIDL        equ	3435	;# 
  2629   000D70                     RXF9SIDH        equ	3440	;# 
  2630   000D71                     RXF9SIDL        equ	3441	;# 
  2631   000D72                     RXF9EIDH        equ	3442	;# 
  2632   000D73                     RXF9EIDL        equ	3443	;# 
  2633   000D74                     RXF10SIDH       equ	3444	;# 
  2634   000D75                     RXF10SIDL       equ	3445	;# 
  2635   000D76                     RXF10EIDH       equ	3446	;# 
  2636   000D77                     RXF10EIDL       equ	3447	;# 
  2637   000D78                     RXF11SIDH       equ	3448	;# 
  2638   000D79                     RXF11SIDL       equ	3449	;# 
  2639   000D7A                     RXF11EIDH       equ	3450	;# 
  2640   000D7B                     RXF11EIDL       equ	3451	;# 
  2641   000D80                     RXF12SIDH       equ	3456	;# 
  2642   000D81                     RXF12SIDL       equ	3457	;# 
  2643   000D82                     RXF12EIDH       equ	3458	;# 
  2644   000D83                     RXF12EIDL       equ	3459	;# 
  2645   000D84                     RXF13SIDH       equ	3460	;# 
  2646   000D85                     RXF13SIDL       equ	3461	;# 
  2647   000D86                     RXF13EIDH       equ	3462	;# 
  2648   000D87                     RXF13EIDL       equ	3463	;# 
  2649   000D88                     RXF14SIDH       equ	3464	;# 
  2650   000D89                     RXF14SIDL       equ	3465	;# 
  2651   000D8A                     RXF14EIDH       equ	3466	;# 
  2652   000D8B                     RXF14EIDL       equ	3467	;# 
  2653   000D90                     RXF15SIDH       equ	3472	;# 
  2654   000D91                     RXF15SIDL       equ	3473	;# 
  2655   000D92                     RXF15EIDH       equ	3474	;# 
  2656   000D93                     RXF15EIDL       equ	3475	;# 
  2657   000DD4                     RXFCON0         equ	3540	;# 
  2658   000DD5                     RXFCON1         equ	3541	;# 
  2659   000DD8                     SDFLC           equ	3544	;# 
  2660   000DE0                     RXFBCON0        equ	3552	;# 
  2661   000DE1                     RXFBCON1        equ	3553	;# 
  2662   000DE2                     RXFBCON2        equ	3554	;# 
  2663   000DE3                     RXFBCON3        equ	3555	;# 
  2664   000DE4                     RXFBCON4        equ	3556	;# 
  2665   000DE5                     RXFBCON5        equ	3557	;# 
  2666   000DE6                     RXFBCON6        equ	3558	;# 
  2667   000DE7                     RXFBCON7        equ	3559	;# 
  2668   000DF0                     MSEL0           equ	3568	;# 
  2669   000DF1                     MSEL1           equ	3569	;# 
  2670   000DF2                     MSEL2           equ	3570	;# 
  2671   000DF3                     MSEL3           equ	3571	;# 
  2672   000DF8                     BSEL0           equ	3576	;# 
  2673   000DFA                     BIE0            equ	3578	;# 
  2674   000DFC                     TXBIE           equ	3580	;# 
  2675   000E20                     B0CON           equ	3616	;# 
  2676   000E21                     B0SIDH          equ	3617	;# 
  2677   000E22                     B0SIDL          equ	3618	;# 
  2678   000E23                     B0EIDH          equ	3619	;# 
  2679   000E24                     B0EIDL          equ	3620	;# 
  2680   000E25                     B0DLC           equ	3621	;# 
  2681   000E26                     B0D0            equ	3622	;# 
  2682   000E27                     B0D1            equ	3623	;# 
  2683   000E28                     B0D2            equ	3624	;# 
  2684   000E29                     B0D3            equ	3625	;# 
  2685   000E2A                     B0D4            equ	3626	;# 
  2686   000E2B                     B0D5            equ	3627	;# 
  2687   000E2C                     B0D6            equ	3628	;# 
  2688   000E2D                     B0D7            equ	3629	;# 
  2689   000E2E                     CANSTAT_RO9     equ	3630	;# 
  2690   000E2F                     CANCON_RO9      equ	3631	;# 
  2691   000E30                     B1CON           equ	3632	;# 
  2692   000E31                     B1SIDH          equ	3633	;# 
  2693   000E32                     B1SIDL          equ	3634	;# 
  2694   000E33                     B1EIDH          equ	3635	;# 
  2695   000E34                     B1EIDL          equ	3636	;# 
  2696   000E35                     B1DLC           equ	3637	;# 
  2697   000E36                     B1D0            equ	3638	;# 
  2698   000E37                     B1D1            equ	3639	;# 
  2699   000E38                     B1D2            equ	3640	;# 
  2700   000E39                     B1D3            equ	3641	;# 
  2701   000E3A                     B1D4            equ	3642	;# 
  2702   000E3B                     B1D5            equ	3643	;# 
  2703   000E3C                     B1D6            equ	3644	;# 
  2704   000E3D                     B1D7            equ	3645	;# 
  2705   000E3E                     CANSTAT_RO8     equ	3646	;# 
  2706   000E3F                     CANCON_RO8      equ	3647	;# 
  2707   000E40                     B2CON           equ	3648	;# 
  2708   000E41                     B2SIDH          equ	3649	;# 
  2709   000E42                     B2SIDL          equ	3650	;# 
  2710   000E43                     B2EIDH          equ	3651	;# 
  2711   000E44                     B2EIDL          equ	3652	;# 
  2712   000E45                     B2DLC           equ	3653	;# 
  2713   000E46                     B2D0            equ	3654	;# 
  2714   000E47                     B2D1            equ	3655	;# 
  2715   000E48                     B2D2            equ	3656	;# 
  2716   000E49                     B2D3            equ	3657	;# 
  2717   000E4A                     B2D4            equ	3658	;# 
  2718   000E4B                     B2D5            equ	3659	;# 
  2719   000E4C                     B2D6            equ	3660	;# 
  2720   000E4D                     B2D7            equ	3661	;# 
  2721   000E4E                     CANSTAT_RO7     equ	3662	;# 
  2722   000E4F                     CANCON_RO7      equ	3663	;# 
  2723   000E50                     B3CON           equ	3664	;# 
  2724   000E51                     B3SIDH          equ	3665	;# 
  2725   000E52                     B3SIDL          equ	3666	;# 
  2726   000E53                     B3EIDH          equ	3667	;# 
  2727   000E54                     B3EIDL          equ	3668	;# 
  2728   000E55                     B3DLC           equ	3669	;# 
  2729   000E56                     B3D0            equ	3670	;# 
  2730   000E57                     B3D1            equ	3671	;# 
  2731   000E58                     B3D2            equ	3672	;# 
  2732   000E59                     B3D3            equ	3673	;# 
  2733   000E5A                     B3D4            equ	3674	;# 
  2734   000E5B                     B3D5            equ	3675	;# 
  2735   000E5C                     B3D6            equ	3676	;# 
  2736   000E5D                     B3D7            equ	3677	;# 
  2737   000E5E                     CANSTAT_RO6     equ	3678	;# 
  2738   000E5F                     CANCON_RO6      equ	3679	;# 
  2739   000E60                     B4CON           equ	3680	;# 
  2740   000E61                     B4SIDH          equ	3681	;# 
  2741   000E62                     B4SIDL          equ	3682	;# 
  2742   000E63                     B4EIDH          equ	3683	;# 
  2743   000E64                     B4EIDL          equ	3684	;# 
  2744   000E65                     B4DLC           equ	3685	;# 
  2745   000E66                     B4D0            equ	3686	;# 
  2746   000E67                     B4D1            equ	3687	;# 
  2747   000E68                     B4D2            equ	3688	;# 
  2748   000E69                     B4D3            equ	3689	;# 
  2749   000E6A                     B4D4            equ	3690	;# 
  2750   000E6B                     B4D5            equ	3691	;# 
  2751   000E6C                     B4D6            equ	3692	;# 
  2752   000E6D                     B4D7            equ	3693	;# 
  2753   000E6E                     CANSTAT_RO5     equ	3694	;# 
  2754   000E6F                     CANCON_RO5      equ	3695	;# 
  2755   000E70                     B5CON           equ	3696	;# 
  2756   000E71                     B5SIDH          equ	3697	;# 
  2757   000E72                     B5SIDL          equ	3698	;# 
  2758   000E73                     B5EIDH          equ	3699	;# 
  2759   000E74                     B5EIDL          equ	3700	;# 
  2760   000E75                     B5DLC           equ	3701	;# 
  2761   000E76                     B5D0            equ	3702	;# 
  2762   000E77                     B5D1            equ	3703	;# 
  2763   000E78                     B5D2            equ	3704	;# 
  2764   000E79                     B5D3            equ	3705	;# 
  2765   000E7A                     B5D4            equ	3706	;# 
  2766   000E7B                     B5D5            equ	3707	;# 
  2767   000E7C                     B5D6            equ	3708	;# 
  2768   000E7D                     B5D7            equ	3709	;# 
  2769   000E7E                     CANSTAT_RO4     equ	3710	;# 
  2770   000E7F                     CANCON_RO4      equ	3711	;# 
  2771   000F00                     RXF0SIDH        equ	3840	;# 
  2772   000F01                     RXF0SIDL        equ	3841	;# 
  2773   000F02                     RXF0EIDH        equ	3842	;# 
  2774   000F03                     RXF0EIDL        equ	3843	;# 
  2775   000F04                     RXF1SIDH        equ	3844	;# 
  2776   000F05                     RXF1SIDL        equ	3845	;# 
  2777   000F06                     RXF1EIDH        equ	3846	;# 
  2778   000F07                     RXF1EIDL        equ	3847	;# 
  2779   000F08                     RXF2SIDH        equ	3848	;# 
  2780   000F09                     RXF2SIDL        equ	3849	;# 
  2781   000F0A                     RXF2EIDH        equ	3850	;# 
  2782   000F0B                     RXF2EIDL        equ	3851	;# 
  2783   000F0C                     RXF3SIDH        equ	3852	;# 
  2784   000F0D                     RXF3SIDL        equ	3853	;# 
  2785   000F0E                     RXF3EIDH        equ	3854	;# 
  2786   000F0F                     RXF3EIDL        equ	3855	;# 
  2787   000F10                     RXF4SIDH        equ	3856	;# 
  2788   000F11                     RXF4SIDL        equ	3857	;# 
  2789   000F12                     RXF4EIDH        equ	3858	;# 
  2790   000F13                     RXF4EIDL        equ	3859	;# 
  2791   000F14                     RXF5SIDH        equ	3860	;# 
  2792   000F15                     RXF5SIDL        equ	3861	;# 
  2793   000F16                     RXF5EIDH        equ	3862	;# 
  2794   000F17                     RXF5EIDL        equ	3863	;# 
  2795   000F18                     RXM0SIDH        equ	3864	;# 
  2796   000F19                     RXM0SIDL        equ	3865	;# 
  2797   000F1A                     RXM0EIDH        equ	3866	;# 
  2798   000F1B                     RXM0EIDL        equ	3867	;# 
  2799   000F1C                     RXM1SIDH        equ	3868	;# 
  2800   000F1D                     RXM1SIDL        equ	3869	;# 
  2801   000F1E                     RXM1EIDH        equ	3870	;# 
  2802   000F1F                     RXM1EIDL        equ	3871	;# 
  2803   000F20                     TXB2CON         equ	3872	;# 
  2804   000F21                     TXB2SIDH        equ	3873	;# 
  2805   000F22                     TXB2SIDL        equ	3874	;# 
  2806   000F23                     TXB2EIDH        equ	3875	;# 
  2807   000F24                     TXB2EIDL        equ	3876	;# 
  2808   000F25                     TXB2DLC         equ	3877	;# 
  2809   000F26                     TXB2D0          equ	3878	;# 
  2810   000F27                     TXB2D1          equ	3879	;# 
  2811   000F28                     TXB2D2          equ	3880	;# 
  2812   000F29                     TXB2D3          equ	3881	;# 
  2813   000F2A                     TXB2D4          equ	3882	;# 
  2814   000F2B                     TXB2D5          equ	3883	;# 
  2815   000F2C                     TXB2D6          equ	3884	;# 
  2816   000F2D                     TXB2D7          equ	3885	;# 
  2817   000F2E                     CANSTAT_RO3     equ	3886	;# 
  2818   000F2F                     CANCON_RO3      equ	3887	;# 
  2819   000F30                     TXB1CON         equ	3888	;# 
  2820   000F31                     TXB1SIDH        equ	3889	;# 
  2821   000F32                     TXB1SIDL        equ	3890	;# 
  2822   000F33                     TXB1EIDH        equ	3891	;# 
  2823   000F34                     TXB1EIDL        equ	3892	;# 
  2824   000F35                     TXB1DLC         equ	3893	;# 
  2825   000F36                     TXB1D0          equ	3894	;# 
  2826   000F37                     TXB1D1          equ	3895	;# 
  2827   000F38                     TXB1D2          equ	3896	;# 
  2828   000F39                     TXB1D3          equ	3897	;# 
  2829   000F3A                     TXB1D4          equ	3898	;# 
  2830   000F3B                     TXB1D5          equ	3899	;# 
  2831   000F3C                     TXB1D6          equ	3900	;# 
  2832   000F3D                     TXB1D7          equ	3901	;# 
  2833   000F3E                     CANSTAT_RO2     equ	3902	;# 
  2834   000F3F                     CANCON_RO2      equ	3903	;# 
  2835   000F40                     TXB0CON         equ	3904	;# 
  2836   000F41                     TXB0SIDH        equ	3905	;# 
  2837   000F42                     TXB0SIDL        equ	3906	;# 
  2838   000F43                     TXB0EIDH        equ	3907	;# 
  2839   000F44                     TXB0EIDL        equ	3908	;# 
  2840   000F45                     TXB0DLC         equ	3909	;# 
  2841   000F46                     TXB0D0          equ	3910	;# 
  2842   000F47                     TXB0D1          equ	3911	;# 
  2843   000F48                     TXB0D2          equ	3912	;# 
  2844   000F49                     TXB0D3          equ	3913	;# 
  2845   000F4A                     TXB0D4          equ	3914	;# 
  2846   000F4B                     TXB0D5          equ	3915	;# 
  2847   000F4C                     TXB0D6          equ	3916	;# 
  2848   000F4D                     TXB0D7          equ	3917	;# 
  2849   000F4E                     CANSTAT_RO1     equ	3918	;# 
  2850   000F4F                     CANCON_RO1      equ	3919	;# 
  2851   000F50                     RXB1CON         equ	3920	;# 
  2852   000F51                     RXB1SIDH        equ	3921	;# 
  2853   000F52                     RXB1SIDL        equ	3922	;# 
  2854   000F53                     RXB1EIDH        equ	3923	;# 
  2855   000F54                     RXB1EIDL        equ	3924	;# 
  2856   000F55                     RXB1DLC         equ	3925	;# 
  2857   000F56                     RXB1D0          equ	3926	;# 
  2858   000F57                     RXB1D1          equ	3927	;# 
  2859   000F58                     RXB1D2          equ	3928	;# 
  2860   000F59                     RXB1D3          equ	3929	;# 
  2861   000F5A                     RXB1D4          equ	3930	;# 
  2862   000F5B                     RXB1D5          equ	3931	;# 
  2863   000F5C                     RXB1D6          equ	3932	;# 
  2864   000F5D                     RXB1D7          equ	3933	;# 
  2865   000F5E                     CANSTAT_RO0     equ	3934	;# 
  2866   000F5F                     CANCON_RO0      equ	3935	;# 
  2867   000F60                     RXB0CON         equ	3936	;# 
  2868   000F61                     RXB0SIDH        equ	3937	;# 
  2869   000F62                     RXB0SIDL        equ	3938	;# 
  2870   000F63                     RXB0EIDH        equ	3939	;# 
  2871   000F64                     RXB0EIDL        equ	3940	;# 
  2872   000F65                     RXB0DLC         equ	3941	;# 
  2873   000F66                     RXB0D0          equ	3942	;# 
  2874   000F67                     RXB0D1          equ	3943	;# 
  2875   000F68                     RXB0D2          equ	3944	;# 
  2876   000F69                     RXB0D3          equ	3945	;# 
  2877   000F6A                     RXB0D4          equ	3946	;# 
  2878   000F6B                     RXB0D5          equ	3947	;# 
  2879   000F6C                     RXB0D6          equ	3948	;# 
  2880   000F6D                     RXB0D7          equ	3949	;# 
  2881   000F6E                     CANSTAT         equ	3950	;# 
  2882   000F6F                     CANCON          equ	3951	;# 
  2883   000F70                     BRGCON1         equ	3952	;# 
  2884   000F71                     BRGCON2         equ	3953	;# 
  2885   000F72                     BRGCON3         equ	3954	;# 
  2886   000F73                     CIOCON          equ	3955	;# 
  2887   000F74                     COMSTAT         equ	3956	;# 
  2888   000F75                     RXERRCNT        equ	3957	;# 
  2889   000F76                     TXERRCNT        equ	3958	;# 
  2890   000F77                     ECANCON         equ	3959	;# 
  2891   000F80                     PORTA           equ	3968	;# 
  2892   000F81                     PORTB           equ	3969	;# 
  2893   000F82                     PORTC           equ	3970	;# 
  2894   000F83                     PORTD           equ	3971	;# 
  2895   000F84                     PORTE           equ	3972	;# 
  2896   000F89                     LATA            equ	3977	;# 
  2897   000F8A                     LATB            equ	3978	;# 
  2898   000F8B                     LATC            equ	3979	;# 
  2899   000F8C                     LATD            equ	3980	;# 
  2900   000F8D                     LATE            equ	3981	;# 
  2901   000F92                     TRISA           equ	3986	;# 
  2902   000F92                     DDRA            equ	3986	;# 
  2903   000F93                     TRISB           equ	3987	;# 
  2904   000F93                     DDRB            equ	3987	;# 
  2905   000F94                     TRISC           equ	3988	;# 
  2906   000F94                     DDRC            equ	3988	;# 
  2907   000F95                     TRISD           equ	3989	;# 
  2908   000F95                     DDRD            equ	3989	;# 
  2909   000F96                     TRISE           equ	3990	;# 
  2910   000F96                     DDRE            equ	3990	;# 
  2911   000F9B                     OSCTUNE         equ	3995	;# 
  2912   000F9D                     PIE1            equ	3997	;# 
  2913   000F9E                     PIR1            equ	3998	;# 
  2914   000F9F                     IPR1            equ	3999	;# 
  2915   000FA0                     PIE2            equ	4000	;# 
  2916   000FA1                     PIR2            equ	4001	;# 
  2917   000FA2                     IPR2            equ	4002	;# 
  2918   000FA3                     PIE3            equ	4003	;# 
  2919   000FA4                     PIR3            equ	4004	;# 
  2920   000FA5                     IPR3            equ	4005	;# 
  2921   000FA6                     EECON1          equ	4006	;# 
  2922   000FA7                     EECON2          equ	4007	;# 
  2923   000FA8                     EEDATA          equ	4008	;# 
  2924   000FA9                     EEADR           equ	4009	;# 
  2925   000FAB                     RCSTA           equ	4011	;# 
  2926   000FAB                     RCSTA1          equ	4011	;# 
  2927   000FAC                     TXSTA           equ	4012	;# 
  2928   000FAC                     TXSTA1          equ	4012	;# 
  2929   000FAD                     TXREG           equ	4013	;# 
  2930   000FAD                     TXREG1          equ	4013	;# 
  2931   000FAE                     RCREG           equ	4014	;# 
  2932   000FAE                     RCREG1          equ	4014	;# 
  2933   000FAF                     SPBRG           equ	4015	;# 
  2934   000FAF                     SPBRG1          equ	4015	;# 
  2935   000FB0                     SPBRGH          equ	4016	;# 
  2936   000FB1                     T3CON           equ	4017	;# 
  2937   000FB2                     TMR3            equ	4018	;# 
  2938   000FB2                     TMR3L           equ	4018	;# 
  2939   000FB3                     TMR3H           equ	4019	;# 
  2940   000FB4                     CMCON           equ	4020	;# 
  2941   000FB5                     CVRCON          equ	4021	;# 
  2942   000FB6                     ECCP1AS         equ	4022	;# 
  2943   000FB7                     ECCP1DEL        equ	4023	;# 
  2944   000FB8                     BAUDCON         equ	4024	;# 
  2945   000FB8                     BAUDCTL         equ	4024	;# 
  2946   000FBA                     ECCP1CON        equ	4026	;# 
  2947   000FBB                     ECCPR1          equ	4027	;# 
  2948   000FBB                     ECCPR1L         equ	4027	;# 
  2949   000FBC                     ECCPR1H         equ	4028	;# 
  2950   000FBD                     CCP1CON         equ	4029	;# 
  2951   000FBE                     CCPR1           equ	4030	;# 
  2952   000FBE                     CCPR1L          equ	4030	;# 
  2953   000FBF                     CCPR1H          equ	4031	;# 
  2954   000FC0                     ADCON2          equ	4032	;# 
  2955   000FC1                     ADCON1          equ	4033	;# 
  2956   000FC2                     ADCON0          equ	4034	;# 
  2957   000FC3                     ADRES           equ	4035	;# 
  2958   000FC3                     ADRESL          equ	4035	;# 
  2959   000FC4                     ADRESH          equ	4036	;# 
  2960   000FC5                     SSPCON2         equ	4037	;# 
  2961   000FC6                     SSPCON1         equ	4038	;# 
  2962   000FC7                     SSPSTAT         equ	4039	;# 
  2963   000FC8                     SSPADD          equ	4040	;# 
  2964   000FC9                     SSPBUF          equ	4041	;# 
  2965   000FCA                     T2CON           equ	4042	;# 
  2966   000FCB                     PR2             equ	4043	;# 
  2967   000FCB                     MEMCON          equ	4043	;# 
  2968   000FCC                     TMR2            equ	4044	;# 
  2969   000FCD                     T1CON           equ	4045	;# 
  2970   000FCE                     TMR1            equ	4046	;# 
  2971   000FCE                     TMR1L           equ	4046	;# 
  2972   000FCF                     TMR1H           equ	4047	;# 
  2973   000FD0                     RCON            equ	4048	;# 
  2974   000FD1                     WDTCON          equ	4049	;# 
  2975   000FD2                     HLVDCON         equ	4050	;# 
  2976   000FD2                     LVDCON          equ	4050	;# 
  2977   000FD3                     OSCCON          equ	4051	;# 
  2978   000FD5                     T0CON           equ	4053	;# 
  2979   000FD6                     TMR0            equ	4054	;# 
  2980   000FD6                     TMR0L           equ	4054	;# 
  2981   000FD7                     TMR0H           equ	4055	;# 
  2982   000FD8                     STATUS          equ	4056	;# 
  2983   000FD9                     FSR2            equ	4057	;# 
  2984   000FD9                     FSR2L           equ	4057	;# 
  2985   000FDA                     FSR2H           equ	4058	;# 
  2986   000FDB                     PLUSW2          equ	4059	;# 
  2987   000FDC                     PREINC2         equ	4060	;# 
  2988   000FDD                     POSTDEC2        equ	4061	;# 
  2989   000FDE                     POSTINC2        equ	4062	;# 
  2990   000FDF                     INDF2           equ	4063	;# 
  2991   000FE0                     BSR             equ	4064	;# 
  2992   000FE1                     FSR1            equ	4065	;# 
  2993   000FE1                     FSR1L           equ	4065	;# 
  2994   000FE2                     FSR1H           equ	4066	;# 
  2995   000FE3                     PLUSW1          equ	4067	;# 
  2996   000FE4                     PREINC1         equ	4068	;# 
  2997   000FE5                     POSTDEC1        equ	4069	;# 
  2998   000FE6                     POSTINC1        equ	4070	;# 
  2999   000FE7                     INDF1           equ	4071	;# 
  3000   000FE8                     WREG            equ	4072	;# 
  3001   000FE9                     FSR0            equ	4073	;# 
  3002   000FE9                     FSR0L           equ	4073	;# 
  3003   000FEA                     FSR0H           equ	4074	;# 
  3004   000FEB                     PLUSW0          equ	4075	;# 
  3005   000FEC                     PREINC0         equ	4076	;# 
  3006   000FED                     POSTDEC0        equ	4077	;# 
  3007   000FEE                     POSTINC0        equ	4078	;# 
  3008   000FEF                     INDF0           equ	4079	;# 
  3009   000FF0                     INTCON3         equ	4080	;# 
  3010   000FF1                     INTCON2         equ	4081	;# 
  3011   000FF2                     INTCON          equ	4082	;# 
  3012   000FF3                     PROD            equ	4083	;# 
  3013   000FF3                     PRODL           equ	4083	;# 
  3014   000FF4                     PRODH           equ	4084	;# 
  3015   000FF5                     TABLAT          equ	4085	;# 
  3016   000FF6                     TBLPTR          equ	4086	;# 
  3017   000FF6                     TBLPTRL         equ	4086	;# 
  3018   000FF7                     TBLPTRH         equ	4087	;# 
  3019   000FF8                     TBLPTRU         equ	4088	;# 
  3020   000FF9                     PCLAT           equ	4089	;# 
  3021   000FF9                     PC              equ	4089	;# 
  3022   000FF9                     PCL             equ	4089	;# 
  3023   000FFA                     PCLATH          equ	4090	;# 
  3024   000FFB                     PCLATU          equ	4091	;# 
  3025   000FFC                     STKPTR          equ	4092	;# 
  3026   000FFD                     TOS             equ	4093	;# 
  3027   000FFD                     TOSL            equ	4093	;# 
  3028   000FFE                     TOSH            equ	4094	;# 
  3029   000FFF                     TOSU            equ	4095	;# 
  3030   000D60                     RXF6SIDH        equ	3424	;# 
  3031   000D61                     RXF6SIDL        equ	3425	;# 
  3032   000D62                     RXF6EIDH        equ	3426	;# 
  3033   000D63                     RXF6EIDL        equ	3427	;# 
  3034   000D64                     RXF7SIDH        equ	3428	;# 
  3035   000D65                     RXF7SIDL        equ	3429	;# 
  3036   000D66                     RXF7EIDH        equ	3430	;# 
  3037   000D67                     RXF7EIDL        equ	3431	;# 
  3038   000D68                     RXF8SIDH        equ	3432	;# 
  3039   000D69                     RXF8SIDL        equ	3433	;# 
  3040   000D6A                     RXF8EIDH        equ	3434	;# 
  3041   000D6B                     RXF8EIDL        equ	3435	;# 
  3042   000D70                     RXF9SIDH        equ	3440	;# 
  3043   000D71                     RXF9SIDL        equ	3441	;# 
  3044   000D72                     RXF9EIDH        equ	3442	;# 
  3045   000D73                     RXF9EIDL        equ	3443	;# 
  3046   000D74                     RXF10SIDH       equ	3444	;# 
  3047   000D75                     RXF10SIDL       equ	3445	;# 
  3048   000D76                     RXF10EIDH       equ	3446	;# 
  3049   000D77                     RXF10EIDL       equ	3447	;# 
  3050   000D78                     RXF11SIDH       equ	3448	;# 
  3051   000D79                     RXF11SIDL       equ	3449	;# 
  3052   000D7A                     RXF11EIDH       equ	3450	;# 
  3053   000D7B                     RXF11EIDL       equ	3451	;# 
  3054   000D80                     RXF12SIDH       equ	3456	;# 
  3055   000D81                     RXF12SIDL       equ	3457	;# 
  3056   000D82                     RXF12EIDH       equ	3458	;# 
  3057   000D83                     RXF12EIDL       equ	3459	;# 
  3058   000D84                     RXF13SIDH       equ	3460	;# 
  3059   000D85                     RXF13SIDL       equ	3461	;# 
  3060   000D86                     RXF13EIDH       equ	3462	;# 
  3061   000D87                     RXF13EIDL       equ	3463	;# 
  3062   000D88                     RXF14SIDH       equ	3464	;# 
  3063   000D89                     RXF14SIDL       equ	3465	;# 
  3064   000D8A                     RXF14EIDH       equ	3466	;# 
  3065   000D8B                     RXF14EIDL       equ	3467	;# 
  3066   000D90                     RXF15SIDH       equ	3472	;# 
  3067   000D91                     RXF15SIDL       equ	3473	;# 
  3068   000D92                     RXF15EIDH       equ	3474	;# 
  3069   000D93                     RXF15EIDL       equ	3475	;# 
  3070   000DD4                     RXFCON0         equ	3540	;# 
  3071   000DD5                     RXFCON1         equ	3541	;# 
  3072   000DD8                     SDFLC           equ	3544	;# 
  3073   000DE0                     RXFBCON0        equ	3552	;# 
  3074   000DE1                     RXFBCON1        equ	3553	;# 
  3075   000DE2                     RXFBCON2        equ	3554	;# 
  3076   000DE3                     RXFBCON3        equ	3555	;# 
  3077   000DE4                     RXFBCON4        equ	3556	;# 
  3078   000DE5                     RXFBCON5        equ	3557	;# 
  3079   000DE6                     RXFBCON6        equ	3558	;# 
  3080   000DE7                     RXFBCON7        equ	3559	;# 
  3081   000DF0                     MSEL0           equ	3568	;# 
  3082   000DF1                     MSEL1           equ	3569	;# 
  3083   000DF2                     MSEL2           equ	3570	;# 
  3084   000DF3                     MSEL3           equ	3571	;# 
  3085   000DF8                     BSEL0           equ	3576	;# 
  3086   000DFA                     BIE0            equ	3578	;# 
  3087   000DFC                     TXBIE           equ	3580	;# 
  3088   000E20                     B0CON           equ	3616	;# 
  3089   000E21                     B0SIDH          equ	3617	;# 
  3090   000E22                     B0SIDL          equ	3618	;# 
  3091   000E23                     B0EIDH          equ	3619	;# 
  3092   000E24                     B0EIDL          equ	3620	;# 
  3093   000E25                     B0DLC           equ	3621	;# 
  3094   000E26                     B0D0            equ	3622	;# 
  3095   000E27                     B0D1            equ	3623	;# 
  3096   000E28                     B0D2            equ	3624	;# 
  3097   000E29                     B0D3            equ	3625	;# 
  3098   000E2A                     B0D4            equ	3626	;# 
  3099   000E2B                     B0D5            equ	3627	;# 
  3100   000E2C                     B0D6            equ	3628	;# 
  3101   000E2D                     B0D7            equ	3629	;# 
  3102   000E2E                     CANSTAT_RO9     equ	3630	;# 
  3103   000E2F                     CANCON_RO9      equ	3631	;# 
  3104   000E30                     B1CON           equ	3632	;# 
  3105   000E31                     B1SIDH          equ	3633	;# 
  3106   000E32                     B1SIDL          equ	3634	;# 
  3107   000E33                     B1EIDH          equ	3635	;# 
  3108   000E34                     B1EIDL          equ	3636	;# 
  3109   000E35                     B1DLC           equ	3637	;# 
  3110   000E36                     B1D0            equ	3638	;# 
  3111   000E37                     B1D1            equ	3639	;# 
  3112   000E38                     B1D2            equ	3640	;# 
  3113   000E39                     B1D3            equ	3641	;# 
  3114   000E3A                     B1D4            equ	3642	;# 
  3115   000E3B                     B1D5            equ	3643	;# 
  3116   000E3C                     B1D6            equ	3644	;# 
  3117   000E3D                     B1D7            equ	3645	;# 
  3118   000E3E                     CANSTAT_RO8     equ	3646	;# 
  3119   000E3F                     CANCON_RO8      equ	3647	;# 
  3120   000E40                     B2CON           equ	3648	;# 
  3121   000E41                     B2SIDH          equ	3649	;# 
  3122   000E42                     B2SIDL          equ	3650	;# 
  3123   000E43                     B2EIDH          equ	3651	;# 
  3124   000E44                     B2EIDL          equ	3652	;# 
  3125   000E45                     B2DLC           equ	3653	;# 
  3126   000E46                     B2D0            equ	3654	;# 
  3127   000E47                     B2D1            equ	3655	;# 
  3128   000E48                     B2D2            equ	3656	;# 
  3129   000E49                     B2D3            equ	3657	;# 
  3130   000E4A                     B2D4            equ	3658	;# 
  3131   000E4B                     B2D5            equ	3659	;# 
  3132   000E4C                     B2D6            equ	3660	;# 
  3133   000E4D                     B2D7            equ	3661	;# 
  3134   000E4E                     CANSTAT_RO7     equ	3662	;# 
  3135   000E4F                     CANCON_RO7      equ	3663	;# 
  3136   000E50                     B3CON           equ	3664	;# 
  3137   000E51                     B3SIDH          equ	3665	;# 
  3138   000E52                     B3SIDL          equ	3666	;# 
  3139   000E53                     B3EIDH          equ	3667	;# 
  3140   000E54                     B3EIDL          equ	3668	;# 
  3141   000E55                     B3DLC           equ	3669	;# 
  3142   000E56                     B3D0            equ	3670	;# 
  3143   000E57                     B3D1            equ	3671	;# 
  3144   000E58                     B3D2            equ	3672	;# 
  3145   000E59                     B3D3            equ	3673	;# 
  3146   000E5A                     B3D4            equ	3674	;# 
  3147   000E5B                     B3D5            equ	3675	;# 
  3148   000E5C                     B3D6            equ	3676	;# 
  3149   000E5D                     B3D7            equ	3677	;# 
  3150   000E5E                     CANSTAT_RO6     equ	3678	;# 
  3151   000E5F                     CANCON_RO6      equ	3679	;# 
  3152   000E60                     B4CON           equ	3680	;# 
  3153   000E61                     B4SIDH          equ	3681	;# 
  3154   000E62                     B4SIDL          equ	3682	;# 
  3155   000E63                     B4EIDH          equ	3683	;# 
  3156   000E64                     B4EIDL          equ	3684	;# 
  3157   000E65                     B4DLC           equ	3685	;# 
  3158   000E66                     B4D0            equ	3686	;# 
  3159   000E67                     B4D1            equ	3687	;# 
  3160   000E68                     B4D2            equ	3688	;# 
  3161   000E69                     B4D3            equ	3689	;# 
  3162   000E6A                     B4D4            equ	3690	;# 
  3163   000E6B                     B4D5            equ	3691	;# 
  3164   000E6C                     B4D6            equ	3692	;# 
  3165   000E6D                     B4D7            equ	3693	;# 
  3166   000E6E                     CANSTAT_RO5     equ	3694	;# 
  3167   000E6F                     CANCON_RO5      equ	3695	;# 
  3168   000E70                     B5CON           equ	3696	;# 
  3169   000E71                     B5SIDH          equ	3697	;# 
  3170   000E72                     B5SIDL          equ	3698	;# 
  3171   000E73                     B5EIDH          equ	3699	;# 
  3172   000E74                     B5EIDL          equ	3700	;# 
  3173   000E75                     B5DLC           equ	3701	;# 
  3174   000E76                     B5D0            equ	3702	;# 
  3175   000E77                     B5D1            equ	3703	;# 
  3176   000E78                     B5D2            equ	3704	;# 
  3177   000E79                     B5D3            equ	3705	;# 
  3178   000E7A                     B5D4            equ	3706	;# 
  3179   000E7B                     B5D5            equ	3707	;# 
  3180   000E7C                     B5D6            equ	3708	;# 
  3181   000E7D                     B5D7            equ	3709	;# 
  3182   000E7E                     CANSTAT_RO4     equ	3710	;# 
  3183   000E7F                     CANCON_RO4      equ	3711	;# 
  3184   000F00                     RXF0SIDH        equ	3840	;# 
  3185   000F01                     RXF0SIDL        equ	3841	;# 
  3186   000F02                     RXF0EIDH        equ	3842	;# 
  3187   000F03                     RXF0EIDL        equ	3843	;# 
  3188   000F04                     RXF1SIDH        equ	3844	;# 
  3189   000F05                     RXF1SIDL        equ	3845	;# 
  3190   000F06                     RXF1EIDH        equ	3846	;# 
  3191   000F07                     RXF1EIDL        equ	3847	;# 
  3192   000F08                     RXF2SIDH        equ	3848	;# 
  3193   000F09                     RXF2SIDL        equ	3849	;# 
  3194   000F0A                     RXF2EIDH        equ	3850	;# 
  3195   000F0B                     RXF2EIDL        equ	3851	;# 
  3196   000F0C                     RXF3SIDH        equ	3852	;# 
  3197   000F0D                     RXF3SIDL        equ	3853	;# 
  3198   000F0E                     RXF3EIDH        equ	3854	;# 
  3199   000F0F                     RXF3EIDL        equ	3855	;# 
  3200   000F10                     RXF4SIDH        equ	3856	;# 
  3201   000F11                     RXF4SIDL        equ	3857	;# 
  3202   000F12                     RXF4EIDH        equ	3858	;# 
  3203   000F13                     RXF4EIDL        equ	3859	;# 
  3204   000F14                     RXF5SIDH        equ	3860	;# 
  3205   000F15                     RXF5SIDL        equ	3861	;# 
  3206   000F16                     RXF5EIDH        equ	3862	;# 
  3207   000F17                     RXF5EIDL        equ	3863	;# 
  3208   000F18                     RXM0SIDH        equ	3864	;# 
  3209   000F19                     RXM0SIDL        equ	3865	;# 
  3210   000F1A                     RXM0EIDH        equ	3866	;# 
  3211   000F1B                     RXM0EIDL        equ	3867	;# 
  3212   000F1C                     RXM1SIDH        equ	3868	;# 
  3213   000F1D                     RXM1SIDL        equ	3869	;# 
  3214   000F1E                     RXM1EIDH        equ	3870	;# 
  3215   000F1F                     RXM1EIDL        equ	3871	;# 
  3216   000F20                     TXB2CON         equ	3872	;# 
  3217   000F21                     TXB2SIDH        equ	3873	;# 
  3218   000F22                     TXB2SIDL        equ	3874	;# 
  3219   000F23                     TXB2EIDH        equ	3875	;# 
  3220   000F24                     TXB2EIDL        equ	3876	;# 
  3221   000F25                     TXB2DLC         equ	3877	;# 
  3222   000F26                     TXB2D0          equ	3878	;# 
  3223   000F27                     TXB2D1          equ	3879	;# 
  3224   000F28                     TXB2D2          equ	3880	;# 
  3225   000F29                     TXB2D3          equ	3881	;# 
  3226   000F2A                     TXB2D4          equ	3882	;# 
  3227   000F2B                     TXB2D5          equ	3883	;# 
  3228   000F2C                     TXB2D6          equ	3884	;# 
  3229   000F2D                     TXB2D7          equ	3885	;# 
  3230   000F2E                     CANSTAT_RO3     equ	3886	;# 
  3231   000F2F                     CANCON_RO3      equ	3887	;# 
  3232   000F30                     TXB1CON         equ	3888	;# 
  3233   000F31                     TXB1SIDH        equ	3889	;# 
  3234   000F32                     TXB1SIDL        equ	3890	;# 
  3235   000F33                     TXB1EIDH        equ	3891	;# 
  3236   000F34                     TXB1EIDL        equ	3892	;# 
  3237   000F35                     TXB1DLC         equ	3893	;# 
  3238   000F36                     TXB1D0          equ	3894	;# 
  3239   000F37                     TXB1D1          equ	3895	;# 
  3240   000F38                     TXB1D2          equ	3896	;# 
  3241   000F39                     TXB1D3          equ	3897	;# 
  3242   000F3A                     TXB1D4          equ	3898	;# 
  3243   000F3B                     TXB1D5          equ	3899	;# 
  3244   000F3C                     TXB1D6          equ	3900	;# 
  3245   000F3D                     TXB1D7          equ	3901	;# 
  3246   000F3E                     CANSTAT_RO2     equ	3902	;# 
  3247   000F3F                     CANCON_RO2      equ	3903	;# 
  3248   000F40                     TXB0CON         equ	3904	;# 
  3249   000F41                     TXB0SIDH        equ	3905	;# 
  3250   000F42                     TXB0SIDL        equ	3906	;# 
  3251   000F43                     TXB0EIDH        equ	3907	;# 
  3252   000F44                     TXB0EIDL        equ	3908	;# 
  3253   000F45                     TXB0DLC         equ	3909	;# 
  3254   000F46                     TXB0D0          equ	3910	;# 
  3255   000F47                     TXB0D1          equ	3911	;# 
  3256   000F48                     TXB0D2          equ	3912	;# 
  3257   000F49                     TXB0D3          equ	3913	;# 
  3258   000F4A                     TXB0D4          equ	3914	;# 
  3259   000F4B                     TXB0D5          equ	3915	;# 
  3260   000F4C                     TXB0D6          equ	3916	;# 
  3261   000F4D                     TXB0D7          equ	3917	;# 
  3262   000F4E                     CANSTAT_RO1     equ	3918	;# 
  3263   000F4F                     CANCON_RO1      equ	3919	;# 
  3264   000F50                     RXB1CON         equ	3920	;# 
  3265   000F51                     RXB1SIDH        equ	3921	;# 
  3266   000F52                     RXB1SIDL        equ	3922	;# 
  3267   000F53                     RXB1EIDH        equ	3923	;# 
  3268   000F54                     RXB1EIDL        equ	3924	;# 
  3269   000F55                     RXB1DLC         equ	3925	;# 
  3270   000F56                     RXB1D0          equ	3926	;# 
  3271   000F57                     RXB1D1          equ	3927	;# 
  3272   000F58                     RXB1D2          equ	3928	;# 
  3273   000F59                     RXB1D3          equ	3929	;# 
  3274   000F5A                     RXB1D4          equ	3930	;# 
  3275   000F5B                     RXB1D5          equ	3931	;# 
  3276   000F5C                     RXB1D6          equ	3932	;# 
  3277   000F5D                     RXB1D7          equ	3933	;# 
  3278   000F5E                     CANSTAT_RO0     equ	3934	;# 
  3279   000F5F                     CANCON_RO0      equ	3935	;# 
  3280   000F60                     RXB0CON         equ	3936	;# 
  3281   000F61                     RXB0SIDH        equ	3937	;# 
  3282   000F62                     RXB0SIDL        equ	3938	;# 
  3283   000F63                     RXB0EIDH        equ	3939	;# 
  3284   000F64                     RXB0EIDL        equ	3940	;# 
  3285   000F65                     RXB0DLC         equ	3941	;# 
  3286   000F66                     RXB0D0          equ	3942	;# 
  3287   000F67                     RXB0D1          equ	3943	;# 
  3288   000F68                     RXB0D2          equ	3944	;# 
  3289   000F69                     RXB0D3          equ	3945	;# 
  3290   000F6A                     RXB0D4          equ	3946	;# 
  3291   000F6B                     RXB0D5          equ	3947	;# 
  3292   000F6C                     RXB0D6          equ	3948	;# 
  3293   000F6D                     RXB0D7          equ	3949	;# 
  3294   000F6E                     CANSTAT         equ	3950	;# 
  3295   000F6F                     CANCON          equ	3951	;# 
  3296   000F70                     BRGCON1         equ	3952	;# 
  3297   000F71                     BRGCON2         equ	3953	;# 
  3298   000F72                     BRGCON3         equ	3954	;# 
  3299   000F73                     CIOCON          equ	3955	;# 
  3300   000F74                     COMSTAT         equ	3956	;# 
  3301   000F75                     RXERRCNT        equ	3957	;# 
  3302   000F76                     TXERRCNT        equ	3958	;# 
  3303   000F77                     ECANCON         equ	3959	;# 
  3304   000F80                     PORTA           equ	3968	;# 
  3305   000F81                     PORTB           equ	3969	;# 
  3306   000F82                     PORTC           equ	3970	;# 
  3307   000F83                     PORTD           equ	3971	;# 
  3308   000F84                     PORTE           equ	3972	;# 
  3309   000F89                     LATA            equ	3977	;# 
  3310   000F8A                     LATB            equ	3978	;# 
  3311   000F8B                     LATC            equ	3979	;# 
  3312   000F8C                     LATD            equ	3980	;# 
  3313   000F8D                     LATE            equ	3981	;# 
  3314   000F92                     TRISA           equ	3986	;# 
  3315   000F92                     DDRA            equ	3986	;# 
  3316   000F93                     TRISB           equ	3987	;# 
  3317   000F93                     DDRB            equ	3987	;# 
  3318   000F94                     TRISC           equ	3988	;# 
  3319   000F94                     DDRC            equ	3988	;# 
  3320   000F95                     TRISD           equ	3989	;# 
  3321   000F95                     DDRD            equ	3989	;# 
  3322   000F96                     TRISE           equ	3990	;# 
  3323   000F96                     DDRE            equ	3990	;# 
  3324   000F9B                     OSCTUNE         equ	3995	;# 
  3325   000F9D                     PIE1            equ	3997	;# 
  3326   000F9E                     PIR1            equ	3998	;# 
  3327   000F9F                     IPR1            equ	3999	;# 
  3328   000FA0                     PIE2            equ	4000	;# 
  3329   000FA1                     PIR2            equ	4001	;# 
  3330   000FA2                     IPR2            equ	4002	;# 
  3331   000FA3                     PIE3            equ	4003	;# 
  3332   000FA4                     PIR3            equ	4004	;# 
  3333   000FA5                     IPR3            equ	4005	;# 
  3334   000FA6                     EECON1          equ	4006	;# 
  3335   000FA7                     EECON2          equ	4007	;# 
  3336   000FA8                     EEDATA          equ	4008	;# 
  3337   000FA9                     EEADR           equ	4009	;# 
  3338   000FAB                     RCSTA           equ	4011	;# 
  3339   000FAB                     RCSTA1          equ	4011	;# 
  3340   000FAC                     TXSTA           equ	4012	;# 
  3341   000FAC                     TXSTA1          equ	4012	;# 
  3342   000FAD                     TXREG           equ	4013	;# 
  3343   000FAD                     TXREG1          equ	4013	;# 
  3344   000FAE                     RCREG           equ	4014	;# 
  3345   000FAE                     RCREG1          equ	4014	;# 
  3346   000FAF                     SPBRG           equ	4015	;# 
  3347   000FAF                     SPBRG1          equ	4015	;# 
  3348   000FB0                     SPBRGH          equ	4016	;# 
  3349   000FB1                     T3CON           equ	4017	;# 
  3350   000FB2                     TMR3            equ	4018	;# 
  3351   000FB2                     TMR3L           equ	4018	;# 
  3352   000FB3                     TMR3H           equ	4019	;# 
  3353   000FB4                     CMCON           equ	4020	;# 
  3354   000FB5                     CVRCON          equ	4021	;# 
  3355   000FB6                     ECCP1AS         equ	4022	;# 
  3356   000FB7                     ECCP1DEL        equ	4023	;# 
  3357   000FB8                     BAUDCON         equ	4024	;# 
  3358   000FB8                     BAUDCTL         equ	4024	;# 
  3359   000FBA                     ECCP1CON        equ	4026	;# 
  3360   000FBB                     ECCPR1          equ	4027	;# 
  3361   000FBB                     ECCPR1L         equ	4027	;# 
  3362   000FBC                     ECCPR1H         equ	4028	;# 
  3363   000FBD                     CCP1CON         equ	4029	;# 
  3364   000FBE                     CCPR1           equ	4030	;# 
  3365   000FBE                     CCPR1L          equ	4030	;# 
  3366   000FBF                     CCPR1H          equ	4031	;# 
  3367   000FC0                     ADCON2          equ	4032	;# 
  3368   000FC1                     ADCON1          equ	4033	;# 
  3369   000FC2                     ADCON0          equ	4034	;# 
  3370   000FC3                     ADRES           equ	4035	;# 
  3371   000FC3                     ADRESL          equ	4035	;# 
  3372   000FC4                     ADRESH          equ	4036	;# 
  3373   000FC5                     SSPCON2         equ	4037	;# 
  3374   000FC6                     SSPCON1         equ	4038	;# 
  3375   000FC7                     SSPSTAT         equ	4039	;# 
  3376   000FC8                     SSPADD          equ	4040	;# 
  3377   000FC9                     SSPBUF          equ	4041	;# 
  3378   000FCA                     T2CON           equ	4042	;# 
  3379   000FCB                     PR2             equ	4043	;# 
  3380   000FCB                     MEMCON          equ	4043	;# 
  3381   000FCC                     TMR2            equ	4044	;# 
  3382   000FCD                     T1CON           equ	4045	;# 
  3383   000FCE                     TMR1            equ	4046	;# 
  3384   000FCE                     TMR1L           equ	4046	;# 
  3385   000FCF                     TMR1H           equ	4047	;# 
  3386   000FD0                     RCON            equ	4048	;# 
  3387   000FD1                     WDTCON          equ	4049	;# 
  3388   000FD2                     HLVDCON         equ	4050	;# 
  3389   000FD2                     LVDCON          equ	4050	;# 
  3390   000FD3                     OSCCON          equ	4051	;# 
  3391   000FD5                     T0CON           equ	4053	;# 
  3392   000FD6                     TMR0            equ	4054	;# 
  3393   000FD6                     TMR0L           equ	4054	;# 
  3394   000FD7                     TMR0H           equ	4055	;# 
  3395   000FD8                     STATUS          equ	4056	;# 
  3396   000FD9                     FSR2            equ	4057	;# 
  3397   000FD9                     FSR2L           equ	4057	;# 
  3398   000FDA                     FSR2H           equ	4058	;# 
  3399   000FDB                     PLUSW2          equ	4059	;# 
  3400   000FDC                     PREINC2         equ	4060	;# 
  3401   000FDD                     POSTDEC2        equ	4061	;# 
  3402   000FDE                     POSTINC2        equ	4062	;# 
  3403   000FDF                     INDF2           equ	4063	;# 
  3404   000FE0                     BSR             equ	4064	;# 
  3405   000FE1                     FSR1            equ	4065	;# 
  3406   000FE1                     FSR1L           equ	4065	;# 
  3407   000FE2                     FSR1H           equ	4066	;# 
  3408   000FE3                     PLUSW1          equ	4067	;# 
  3409   000FE4                     PREINC1         equ	4068	;# 
  3410   000FE5                     POSTDEC1        equ	4069	;# 
  3411   000FE6                     POSTINC1        equ	4070	;# 
  3412   000FE7                     INDF1           equ	4071	;# 
  3413   000FE8                     WREG            equ	4072	;# 
  3414   000FE9                     FSR0            equ	4073	;# 
  3415   000FE9                     FSR0L           equ	4073	;# 
  3416   000FEA                     FSR0H           equ	4074	;# 
  3417   000FEB                     PLUSW0          equ	4075	;# 
  3418   000FEC                     PREINC0         equ	4076	;# 
  3419   000FED                     POSTDEC0        equ	4077	;# 
  3420   000FEE                     POSTINC0        equ	4078	;# 
  3421   000FEF                     INDF0           equ	4079	;# 
  3422   000FF0                     INTCON3         equ	4080	;# 
  3423   000FF1                     INTCON2         equ	4081	;# 
  3424   000FF2                     INTCON          equ	4082	;# 
  3425   000FF3                     PROD            equ	4083	;# 
  3426   000FF3                     PRODL           equ	4083	;# 
  3427   000FF4                     PRODH           equ	4084	;# 
  3428   000FF5                     TABLAT          equ	4085	;# 
  3429   000FF6                     TBLPTR          equ	4086	;# 
  3430   000FF6                     TBLPTRL         equ	4086	;# 
  3431   000FF7                     TBLPTRH         equ	4087	;# 
  3432   000FF8                     TBLPTRU         equ	4088	;# 
  3433   000FF9                     PCLAT           equ	4089	;# 
  3434   000FF9                     PC              equ	4089	;# 
  3435   000FF9                     PCL             equ	4089	;# 
  3436   000FFA                     PCLATH          equ	4090	;# 
  3437   000FFB                     PCLATU          equ	4091	;# 
  3438   000FFC                     STKPTR          equ	4092	;# 
  3439   000FFD                     TOS             equ	4093	;# 
  3440   000FFD                     TOSL            equ	4093	;# 
  3441   000FFE                     TOSH            equ	4094	;# 
  3442   000FFF                     TOSU            equ	4095	;# 
  3443   000D60                     RXF6SIDH        equ	3424	;# 
  3444   000D61                     RXF6SIDL        equ	3425	;# 
  3445   000D62                     RXF6EIDH        equ	3426	;# 
  3446   000D63                     RXF6EIDL        equ	3427	;# 
  3447   000D64                     RXF7SIDH        equ	3428	;# 
  3448   000D65                     RXF7SIDL        equ	3429	;# 
  3449   000D66                     RXF7EIDH        equ	3430	;# 
  3450   000D67                     RXF7EIDL        equ	3431	;# 
  3451   000D68                     RXF8SIDH        equ	3432	;# 
  3452   000D69                     RXF8SIDL        equ	3433	;# 
  3453   000D6A                     RXF8EIDH        equ	3434	;# 
  3454   000D6B                     RXF8EIDL        equ	3435	;# 
  3455   000D70                     RXF9SIDH        equ	3440	;# 
  3456   000D71                     RXF9SIDL        equ	3441	;# 
  3457   000D72                     RXF9EIDH        equ	3442	;# 
  3458   000D73                     RXF9EIDL        equ	3443	;# 
  3459   000D74                     RXF10SIDH       equ	3444	;# 
  3460   000D75                     RXF10SIDL       equ	3445	;# 
  3461   000D76                     RXF10EIDH       equ	3446	;# 
  3462   000D77                     RXF10EIDL       equ	3447	;# 
  3463   000D78                     RXF11SIDH       equ	3448	;# 
  3464   000D79                     RXF11SIDL       equ	3449	;# 
  3465   000D7A                     RXF11EIDH       equ	3450	;# 
  3466   000D7B                     RXF11EIDL       equ	3451	;# 
  3467   000D80                     RXF12SIDH       equ	3456	;# 
  3468   000D81                     RXF12SIDL       equ	3457	;# 
  3469   000D82                     RXF12EIDH       equ	3458	;# 
  3470   000D83                     RXF12EIDL       equ	3459	;# 
  3471   000D84                     RXF13SIDH       equ	3460	;# 
  3472   000D85                     RXF13SIDL       equ	3461	;# 
  3473   000D86                     RXF13EIDH       equ	3462	;# 
  3474   000D87                     RXF13EIDL       equ	3463	;# 
  3475   000D88                     RXF14SIDH       equ	3464	;# 
  3476   000D89                     RXF14SIDL       equ	3465	;# 
  3477   000D8A                     RXF14EIDH       equ	3466	;# 
  3478   000D8B                     RXF14EIDL       equ	3467	;# 
  3479   000D90                     RXF15SIDH       equ	3472	;# 
  3480   000D91                     RXF15SIDL       equ	3473	;# 
  3481   000D92                     RXF15EIDH       equ	3474	;# 
  3482   000D93                     RXF15EIDL       equ	3475	;# 
  3483   000DD4                     RXFCON0         equ	3540	;# 
  3484   000DD5                     RXFCON1         equ	3541	;# 
  3485   000DD8                     SDFLC           equ	3544	;# 
  3486   000DE0                     RXFBCON0        equ	3552	;# 
  3487   000DE1                     RXFBCON1        equ	3553	;# 
  3488   000DE2                     RXFBCON2        equ	3554	;# 
  3489   000DE3                     RXFBCON3        equ	3555	;# 
  3490   000DE4                     RXFBCON4        equ	3556	;# 
  3491   000DE5                     RXFBCON5        equ	3557	;# 
  3492   000DE6                     RXFBCON6        equ	3558	;# 
  3493   000DE7                     RXFBCON7        equ	3559	;# 
  3494   000DF0                     MSEL0           equ	3568	;# 
  3495   000DF1                     MSEL1           equ	3569	;# 
  3496   000DF2                     MSEL2           equ	3570	;# 
  3497   000DF3                     MSEL3           equ	3571	;# 
  3498   000DF8                     BSEL0           equ	3576	;# 
  3499   000DFA                     BIE0            equ	3578	;# 
  3500   000DFC                     TXBIE           equ	3580	;# 
  3501   000E20                     B0CON           equ	3616	;# 
  3502   000E21                     B0SIDH          equ	3617	;# 
  3503   000E22                     B0SIDL          equ	3618	;# 
  3504   000E23                     B0EIDH          equ	3619	;# 
  3505   000E24                     B0EIDL          equ	3620	;# 
  3506   000E25                     B0DLC           equ	3621	;# 
  3507   000E26                     B0D0            equ	3622	;# 
  3508   000E27                     B0D1            equ	3623	;# 
  3509   000E28                     B0D2            equ	3624	;# 
  3510   000E29                     B0D3            equ	3625	;# 
  3511   000E2A                     B0D4            equ	3626	;# 
  3512   000E2B                     B0D5            equ	3627	;# 
  3513   000E2C                     B0D6            equ	3628	;# 
  3514   000E2D                     B0D7            equ	3629	;# 
  3515   000E2E                     CANSTAT_RO9     equ	3630	;# 
  3516   000E2F                     CANCON_RO9      equ	3631	;# 
  3517   000E30                     B1CON           equ	3632	;# 
  3518   000E31                     B1SIDH          equ	3633	;# 
  3519   000E32                     B1SIDL          equ	3634	;# 
  3520   000E33                     B1EIDH          equ	3635	;# 
  3521   000E34                     B1EIDL          equ	3636	;# 
  3522   000E35                     B1DLC           equ	3637	;# 
  3523   000E36                     B1D0            equ	3638	;# 
  3524   000E37                     B1D1            equ	3639	;# 
  3525   000E38                     B1D2            equ	3640	;# 
  3526   000E39                     B1D3            equ	3641	;# 
  3527   000E3A                     B1D4            equ	3642	;# 
  3528   000E3B                     B1D5            equ	3643	;# 
  3529   000E3C                     B1D6            equ	3644	;# 
  3530   000E3D                     B1D7            equ	3645	;# 
  3531   000E3E                     CANSTAT_RO8     equ	3646	;# 
  3532   000E3F                     CANCON_RO8      equ	3647	;# 
  3533   000E40                     B2CON           equ	3648	;# 
  3534   000E41                     B2SIDH          equ	3649	;# 
  3535   000E42                     B2SIDL          equ	3650	;# 
  3536   000E43                     B2EIDH          equ	3651	;# 
  3537   000E44                     B2EIDL          equ	3652	;# 
  3538   000E45                     B2DLC           equ	3653	;# 
  3539   000E46                     B2D0            equ	3654	;# 
  3540   000E47                     B2D1            equ	3655	;# 
  3541   000E48                     B2D2            equ	3656	;# 
  3542   000E49                     B2D3            equ	3657	;# 
  3543   000E4A                     B2D4            equ	3658	;# 
  3544   000E4B                     B2D5            equ	3659	;# 
  3545   000E4C                     B2D6            equ	3660	;# 
  3546   000E4D                     B2D7            equ	3661	;# 
  3547   000E4E                     CANSTAT_RO7     equ	3662	;# 
  3548   000E4F                     CANCON_RO7      equ	3663	;# 
  3549   000E50                     B3CON           equ	3664	;# 
  3550   000E51                     B3SIDH          equ	3665	;# 
  3551   000E52                     B3SIDL          equ	3666	;# 
  3552   000E53                     B3EIDH          equ	3667	;# 
  3553   000E54                     B3EIDL          equ	3668	;# 
  3554   000E55                     B3DLC           equ	3669	;# 
  3555   000E56                     B3D0            equ	3670	;# 
  3556   000E57                     B3D1            equ	3671	;# 
  3557   000E58                     B3D2            equ	3672	;# 
  3558   000E59                     B3D3            equ	3673	;# 
  3559   000E5A                     B3D4            equ	3674	;# 
  3560   000E5B                     B3D5            equ	3675	;# 
  3561   000E5C                     B3D6            equ	3676	;# 
  3562   000E5D                     B3D7            equ	3677	;# 
  3563   000E5E                     CANSTAT_RO6     equ	3678	;# 
  3564   000E5F                     CANCON_RO6      equ	3679	;# 
  3565   000E60                     B4CON           equ	3680	;# 
  3566   000E61                     B4SIDH          equ	3681	;# 
  3567   000E62                     B4SIDL          equ	3682	;# 
  3568   000E63                     B4EIDH          equ	3683	;# 
  3569   000E64                     B4EIDL          equ	3684	;# 
  3570   000E65                     B4DLC           equ	3685	;# 
  3571   000E66                     B4D0            equ	3686	;# 
  3572   000E67                     B4D1            equ	3687	;# 
  3573   000E68                     B4D2            equ	3688	;# 
  3574   000E69                     B4D3            equ	3689	;# 
  3575   000E6A                     B4D4            equ	3690	;# 
  3576   000E6B                     B4D5            equ	3691	;# 
  3577   000E6C                     B4D6            equ	3692	;# 
  3578   000E6D                     B4D7            equ	3693	;# 
  3579   000E6E                     CANSTAT_RO5     equ	3694	;# 
  3580   000E6F                     CANCON_RO5      equ	3695	;# 
  3581   000E70                     B5CON           equ	3696	;# 
  3582   000E71                     B5SIDH          equ	3697	;# 
  3583   000E72                     B5SIDL          equ	3698	;# 
  3584   000E73                     B5EIDH          equ	3699	;# 
  3585   000E74                     B5EIDL          equ	3700	;# 
  3586   000E75                     B5DLC           equ	3701	;# 
  3587   000E76                     B5D0            equ	3702	;# 
  3588   000E77                     B5D1            equ	3703	;# 
  3589   000E78                     B5D2            equ	3704	;# 
  3590   000E79                     B5D3            equ	3705	;# 
  3591   000E7A                     B5D4            equ	3706	;# 
  3592   000E7B                     B5D5            equ	3707	;# 
  3593   000E7C                     B5D6            equ	3708	;# 
  3594   000E7D                     B5D7            equ	3709	;# 
  3595   000E7E                     CANSTAT_RO4     equ	3710	;# 
  3596   000E7F                     CANCON_RO4      equ	3711	;# 
  3597   000F00                     RXF0SIDH        equ	3840	;# 
  3598   000F01                     RXF0SIDL        equ	3841	;# 
  3599   000F02                     RXF0EIDH        equ	3842	;# 
  3600   000F03                     RXF0EIDL        equ	3843	;# 
  3601   000F04                     RXF1SIDH        equ	3844	;# 
  3602   000F05                     RXF1SIDL        equ	3845	;# 
  3603   000F06                     RXF1EIDH        equ	3846	;# 
  3604   000F07                     RXF1EIDL        equ	3847	;# 
  3605   000F08                     RXF2SIDH        equ	3848	;# 
  3606   000F09                     RXF2SIDL        equ	3849	;# 
  3607   000F0A                     RXF2EIDH        equ	3850	;# 
  3608   000F0B                     RXF2EIDL        equ	3851	;# 
  3609   000F0C                     RXF3SIDH        equ	3852	;# 
  3610   000F0D                     RXF3SIDL        equ	3853	;# 
  3611   000F0E                     RXF3EIDH        equ	3854	;# 
  3612   000F0F                     RXF3EIDL        equ	3855	;# 
  3613   000F10                     RXF4SIDH        equ	3856	;# 
  3614   000F11                     RXF4SIDL        equ	3857	;# 
  3615   000F12                     RXF4EIDH        equ	3858	;# 
  3616   000F13                     RXF4EIDL        equ	3859	;# 
  3617   000F14                     RXF5SIDH        equ	3860	;# 
  3618   000F15                     RXF5SIDL        equ	3861	;# 
  3619   000F16                     RXF5EIDH        equ	3862	;# 
  3620   000F17                     RXF5EIDL        equ	3863	;# 
  3621   000F18                     RXM0SIDH        equ	3864	;# 
  3622   000F19                     RXM0SIDL        equ	3865	;# 
  3623   000F1A                     RXM0EIDH        equ	3866	;# 
  3624   000F1B                     RXM0EIDL        equ	3867	;# 
  3625   000F1C                     RXM1SIDH        equ	3868	;# 
  3626   000F1D                     RXM1SIDL        equ	3869	;# 
  3627   000F1E                     RXM1EIDH        equ	3870	;# 
  3628   000F1F                     RXM1EIDL        equ	3871	;# 
  3629   000F20                     TXB2CON         equ	3872	;# 
  3630   000F21                     TXB2SIDH        equ	3873	;# 
  3631   000F22                     TXB2SIDL        equ	3874	;# 
  3632   000F23                     TXB2EIDH        equ	3875	;# 
  3633   000F24                     TXB2EIDL        equ	3876	;# 
  3634   000F25                     TXB2DLC         equ	3877	;# 
  3635   000F26                     TXB2D0          equ	3878	;# 
  3636   000F27                     TXB2D1          equ	3879	;# 
  3637   000F28                     TXB2D2          equ	3880	;# 
  3638   000F29                     TXB2D3          equ	3881	;# 
  3639   000F2A                     TXB2D4          equ	3882	;# 
  3640   000F2B                     TXB2D5          equ	3883	;# 
  3641   000F2C                     TXB2D6          equ	3884	;# 
  3642   000F2D                     TXB2D7          equ	3885	;# 
  3643   000F2E                     CANSTAT_RO3     equ	3886	;# 
  3644   000F2F                     CANCON_RO3      equ	3887	;# 
  3645   000F30                     TXB1CON         equ	3888	;# 
  3646   000F31                     TXB1SIDH        equ	3889	;# 
  3647   000F32                     TXB1SIDL        equ	3890	;# 
  3648   000F33                     TXB1EIDH        equ	3891	;# 
  3649   000F34                     TXB1EIDL        equ	3892	;# 
  3650   000F35                     TXB1DLC         equ	3893	;# 
  3651   000F36                     TXB1D0          equ	3894	;# 
  3652   000F37                     TXB1D1          equ	3895	;# 
  3653   000F38                     TXB1D2          equ	3896	;# 
  3654   000F39                     TXB1D3          equ	3897	;# 
  3655   000F3A                     TXB1D4          equ	3898	;# 
  3656   000F3B                     TXB1D5          equ	3899	;# 
  3657   000F3C                     TXB1D6          equ	3900	;# 
  3658   000F3D                     TXB1D7          equ	3901	;# 
  3659   000F3E                     CANSTAT_RO2     equ	3902	;# 
  3660   000F3F                     CANCON_RO2      equ	3903	;# 
  3661   000F40                     TXB0CON         equ	3904	;# 
  3662   000F41                     TXB0SIDH        equ	3905	;# 
  3663   000F42                     TXB0SIDL        equ	3906	;# 
  3664   000F43                     TXB0EIDH        equ	3907	;# 
  3665   000F44                     TXB0EIDL        equ	3908	;# 
  3666   000F45                     TXB0DLC         equ	3909	;# 
  3667   000F46                     TXB0D0          equ	3910	;# 
  3668   000F47                     TXB0D1          equ	3911	;# 
  3669   000F48                     TXB0D2          equ	3912	;# 
  3670   000F49                     TXB0D3          equ	3913	;# 
  3671   000F4A                     TXB0D4          equ	3914	;# 
  3672   000F4B                     TXB0D5          equ	3915	;# 
  3673   000F4C                     TXB0D6          equ	3916	;# 
  3674   000F4D                     TXB0D7          equ	3917	;# 
  3675   000F4E                     CANSTAT_RO1     equ	3918	;# 
  3676   000F4F                     CANCON_RO1      equ	3919	;# 
  3677   000F50                     RXB1CON         equ	3920	;# 
  3678   000F51                     RXB1SIDH        equ	3921	;# 
  3679   000F52                     RXB1SIDL        equ	3922	;# 
  3680   000F53                     RXB1EIDH        equ	3923	;# 
  3681   000F54                     RXB1EIDL        equ	3924	;# 
  3682   000F55                     RXB1DLC         equ	3925	;# 
  3683   000F56                     RXB1D0          equ	3926	;# 
  3684   000F57                     RXB1D1          equ	3927	;# 
  3685   000F58                     RXB1D2          equ	3928	;# 
  3686   000F59                     RXB1D3          equ	3929	;# 
  3687   000F5A                     RXB1D4          equ	3930	;# 
  3688   000F5B                     RXB1D5          equ	3931	;# 
  3689   000F5C                     RXB1D6          equ	3932	;# 
  3690   000F5D                     RXB1D7          equ	3933	;# 
  3691   000F5E                     CANSTAT_RO0     equ	3934	;# 
  3692   000F5F                     CANCON_RO0      equ	3935	;# 
  3693   000F60                     RXB0CON         equ	3936	;# 
  3694   000F61                     RXB0SIDH        equ	3937	;# 
  3695   000F62                     RXB0SIDL        equ	3938	;# 
  3696   000F63                     RXB0EIDH        equ	3939	;# 
  3697   000F64                     RXB0EIDL        equ	3940	;# 
  3698   000F65                     RXB0DLC         equ	3941	;# 
  3699   000F66                     RXB0D0          equ	3942	;# 
  3700   000F67                     RXB0D1          equ	3943	;# 
  3701   000F68                     RXB0D2          equ	3944	;# 
  3702   000F69                     RXB0D3          equ	3945	;# 
  3703   000F6A                     RXB0D4          equ	3946	;# 
  3704   000F6B                     RXB0D5          equ	3947	;# 
  3705   000F6C                     RXB0D6          equ	3948	;# 
  3706   000F6D                     RXB0D7          equ	3949	;# 
  3707   000F6E                     CANSTAT         equ	3950	;# 
  3708   000F6F                     CANCON          equ	3951	;# 
  3709   000F70                     BRGCON1         equ	3952	;# 
  3710   000F71                     BRGCON2         equ	3953	;# 
  3711   000F72                     BRGCON3         equ	3954	;# 
  3712   000F73                     CIOCON          equ	3955	;# 
  3713   000F74                     COMSTAT         equ	3956	;# 
  3714   000F75                     RXERRCNT        equ	3957	;# 
  3715   000F76                     TXERRCNT        equ	3958	;# 
  3716   000F77                     ECANCON         equ	3959	;# 
  3717   000F80                     PORTA           equ	3968	;# 
  3718   000F81                     PORTB           equ	3969	;# 
  3719   000F82                     PORTC           equ	3970	;# 
  3720   000F83                     PORTD           equ	3971	;# 
  3721   000F84                     PORTE           equ	3972	;# 
  3722   000F89                     LATA            equ	3977	;# 
  3723   000F8A                     LATB            equ	3978	;# 
  3724   000F8B                     LATC            equ	3979	;# 
  3725   000F8C                     LATD            equ	3980	;# 
  3726   000F8D                     LATE            equ	3981	;# 
  3727   000F92                     TRISA           equ	3986	;# 
  3728   000F92                     DDRA            equ	3986	;# 
  3729   000F93                     TRISB           equ	3987	;# 
  3730   000F93                     DDRB            equ	3987	;# 
  3731   000F94                     TRISC           equ	3988	;# 
  3732   000F94                     DDRC            equ	3988	;# 
  3733   000F95                     TRISD           equ	3989	;# 
  3734   000F95                     DDRD            equ	3989	;# 
  3735   000F96                     TRISE           equ	3990	;# 
  3736   000F96                     DDRE            equ	3990	;# 
  3737   000F9B                     OSCTUNE         equ	3995	;# 
  3738   000F9D                     PIE1            equ	3997	;# 
  3739   000F9E                     PIR1            equ	3998	;# 
  3740   000F9F                     IPR1            equ	3999	;# 
  3741   000FA0                     PIE2            equ	4000	;# 
  3742   000FA1                     PIR2            equ	4001	;# 
  3743   000FA2                     IPR2            equ	4002	;# 
  3744   000FA3                     PIE3            equ	4003	;# 
  3745   000FA4                     PIR3            equ	4004	;# 
  3746   000FA5                     IPR3            equ	4005	;# 
  3747   000FA6                     EECON1          equ	4006	;# 
  3748   000FA7                     EECON2          equ	4007	;# 
  3749   000FA8                     EEDATA          equ	4008	;# 
  3750   000FA9                     EEADR           equ	4009	;# 
  3751   000FAB                     RCSTA           equ	4011	;# 
  3752   000FAB                     RCSTA1          equ	4011	;# 
  3753   000FAC                     TXSTA           equ	4012	;# 
  3754   000FAC                     TXSTA1          equ	4012	;# 
  3755   000FAD                     TXREG           equ	4013	;# 
  3756   000FAD                     TXREG1          equ	4013	;# 
  3757   000FAE                     RCREG           equ	4014	;# 
  3758   000FAE                     RCREG1          equ	4014	;# 
  3759   000FAF                     SPBRG           equ	4015	;# 
  3760   000FAF                     SPBRG1          equ	4015	;# 
  3761   000FB0                     SPBRGH          equ	4016	;# 
  3762   000FB1                     T3CON           equ	4017	;# 
  3763   000FB2                     TMR3            equ	4018	;# 
  3764   000FB2                     TMR3L           equ	4018	;# 
  3765   000FB3                     TMR3H           equ	4019	;# 
  3766   000FB4                     CMCON           equ	4020	;# 
  3767   000FB5                     CVRCON          equ	4021	;# 
  3768   000FB6                     ECCP1AS         equ	4022	;# 
  3769   000FB7                     ECCP1DEL        equ	4023	;# 
  3770   000FB8                     BAUDCON         equ	4024	;# 
  3771   000FB8                     BAUDCTL         equ	4024	;# 
  3772   000FBA                     ECCP1CON        equ	4026	;# 
  3773   000FBB                     ECCPR1          equ	4027	;# 
  3774   000FBB                     ECCPR1L         equ	4027	;# 
  3775   000FBC                     ECCPR1H         equ	4028	;# 
  3776   000FBD                     CCP1CON         equ	4029	;# 
  3777   000FBE                     CCPR1           equ	4030	;# 
  3778   000FBE                     CCPR1L          equ	4030	;# 
  3779   000FBF                     CCPR1H          equ	4031	;# 
  3780   000FC0                     ADCON2          equ	4032	;# 
  3781   000FC1                     ADCON1          equ	4033	;# 
  3782   000FC2                     ADCON0          equ	4034	;# 
  3783   000FC3                     ADRES           equ	4035	;# 
  3784   000FC3                     ADRESL          equ	4035	;# 
  3785   000FC4                     ADRESH          equ	4036	;# 
  3786   000FC5                     SSPCON2         equ	4037	;# 
  3787   000FC6                     SSPCON1         equ	4038	;# 
  3788   000FC7                     SSPSTAT         equ	4039	;# 
  3789   000FC8                     SSPADD          equ	4040	;# 
  3790   000FC9                     SSPBUF          equ	4041	;# 
  3791   000FCA                     T2CON           equ	4042	;# 
  3792   000FCB                     PR2             equ	4043	;# 
  3793   000FCB                     MEMCON          equ	4043	;# 
  3794   000FCC                     TMR2            equ	4044	;# 
  3795   000FCD                     T1CON           equ	4045	;# 
  3796   000FCE                     TMR1            equ	4046	;# 
  3797   000FCE                     TMR1L           equ	4046	;# 
  3798   000FCF                     TMR1H           equ	4047	;# 
  3799   000FD0                     RCON            equ	4048	;# 
  3800   000FD1                     WDTCON          equ	4049	;# 
  3801   000FD2                     HLVDCON         equ	4050	;# 
  3802   000FD2                     LVDCON          equ	4050	;# 
  3803   000FD3                     OSCCON          equ	4051	;# 
  3804   000FD5                     T0CON           equ	4053	;# 
  3805   000FD6                     TMR0            equ	4054	;# 
  3806   000FD6                     TMR0L           equ	4054	;# 
  3807   000FD7                     TMR0H           equ	4055	;# 
  3808   000FD8                     STATUS          equ	4056	;# 
  3809   000FD9                     FSR2            equ	4057	;# 
  3810   000FD9                     FSR2L           equ	4057	;# 
  3811   000FDA                     FSR2H           equ	4058	;# 
  3812   000FDB                     PLUSW2          equ	4059	;# 
  3813   000FDC                     PREINC2         equ	4060	;# 
  3814   000FDD                     POSTDEC2        equ	4061	;# 
  3815   000FDE                     POSTINC2        equ	4062	;# 
  3816   000FDF                     INDF2           equ	4063	;# 
  3817   000FE0                     BSR             equ	4064	;# 
  3818   000FE1                     FSR1            equ	4065	;# 
  3819   000FE1                     FSR1L           equ	4065	;# 
  3820   000FE2                     FSR1H           equ	4066	;# 
  3821   000FE3                     PLUSW1          equ	4067	;# 
  3822   000FE4                     PREINC1         equ	4068	;# 
  3823   000FE5                     POSTDEC1        equ	4069	;# 
  3824   000FE6                     POSTINC1        equ	4070	;# 
  3825   000FE7                     INDF1           equ	4071	;# 
  3826   000FE8                     WREG            equ	4072	;# 
  3827   000FE9                     FSR0            equ	4073	;# 
  3828   000FE9                     FSR0L           equ	4073	;# 
  3829   000FEA                     FSR0H           equ	4074	;# 
  3830   000FEB                     PLUSW0          equ	4075	;# 
  3831   000FEC                     PREINC0         equ	4076	;# 
  3832   000FED                     POSTDEC0        equ	4077	;# 
  3833   000FEE                     POSTINC0        equ	4078	;# 
  3834   000FEF                     INDF0           equ	4079	;# 
  3835   000FF0                     INTCON3         equ	4080	;# 
  3836   000FF1                     INTCON2         equ	4081	;# 
  3837   000FF2                     INTCON          equ	4082	;# 
  3838   000FF3                     PROD            equ	4083	;# 
  3839   000FF3                     PRODL           equ	4083	;# 
  3840   000FF4                     PRODH           equ	4084	;# 
  3841   000FF5                     TABLAT          equ	4085	;# 
  3842   000FF6                     TBLPTR          equ	4086	;# 
  3843   000FF6                     TBLPTRL         equ	4086	;# 
  3844   000FF7                     TBLPTRH         equ	4087	;# 
  3845   000FF8                     TBLPTRU         equ	4088	;# 
  3846   000FF9                     PCLAT           equ	4089	;# 
  3847   000FF9                     PC              equ	4089	;# 
  3848   000FF9                     PCL             equ	4089	;# 
  3849   000FFA                     PCLATH          equ	4090	;# 
  3850   000FFB                     PCLATU          equ	4091	;# 
  3851   000FFC                     STKPTR          equ	4092	;# 
  3852   000FFD                     TOS             equ	4093	;# 
  3853   000FFD                     TOSL            equ	4093	;# 
  3854   000FFE                     TOSH            equ	4094	;# 
  3855   000FFF                     TOSU            equ	4095	;# 
  3856   000D60                     RXF6SIDH        equ	3424	;# 
  3857   000D61                     RXF6SIDL        equ	3425	;# 
  3858   000D62                     RXF6EIDH        equ	3426	;# 
  3859   000D63                     RXF6EIDL        equ	3427	;# 
  3860   000D64                     RXF7SIDH        equ	3428	;# 
  3861   000D65                     RXF7SIDL        equ	3429	;# 
  3862   000D66                     RXF7EIDH        equ	3430	;# 
  3863   000D67                     RXF7EIDL        equ	3431	;# 
  3864   000D68                     RXF8SIDH        equ	3432	;# 
  3865   000D69                     RXF8SIDL        equ	3433	;# 
  3866   000D6A                     RXF8EIDH        equ	3434	;# 
  3867   000D6B                     RXF8EIDL        equ	3435	;# 
  3868   000D70                     RXF9SIDH        equ	3440	;# 
  3869   000D71                     RXF9SIDL        equ	3441	;# 
  3870   000D72                     RXF9EIDH        equ	3442	;# 
  3871   000D73                     RXF9EIDL        equ	3443	;# 
  3872   000D74                     RXF10SIDH       equ	3444	;# 
  3873   000D75                     RXF10SIDL       equ	3445	;# 
  3874   000D76                     RXF10EIDH       equ	3446	;# 
  3875   000D77                     RXF10EIDL       equ	3447	;# 
  3876   000D78                     RXF11SIDH       equ	3448	;# 
  3877   000D79                     RXF11SIDL       equ	3449	;# 
  3878   000D7A                     RXF11EIDH       equ	3450	;# 
  3879   000D7B                     RXF11EIDL       equ	3451	;# 
  3880   000D80                     RXF12SIDH       equ	3456	;# 
  3881   000D81                     RXF12SIDL       equ	3457	;# 
  3882   000D82                     RXF12EIDH       equ	3458	;# 
  3883   000D83                     RXF12EIDL       equ	3459	;# 
  3884   000D84                     RXF13SIDH       equ	3460	;# 
  3885   000D85                     RXF13SIDL       equ	3461	;# 
  3886   000D86                     RXF13EIDH       equ	3462	;# 
  3887   000D87                     RXF13EIDL       equ	3463	;# 
  3888   000D88                     RXF14SIDH       equ	3464	;# 
  3889   000D89                     RXF14SIDL       equ	3465	;# 
  3890   000D8A                     RXF14EIDH       equ	3466	;# 
  3891   000D8B                     RXF14EIDL       equ	3467	;# 
  3892   000D90                     RXF15SIDH       equ	3472	;# 
  3893   000D91                     RXF15SIDL       equ	3473	;# 
  3894   000D92                     RXF15EIDH       equ	3474	;# 
  3895   000D93                     RXF15EIDL       equ	3475	;# 
  3896   000DD4                     RXFCON0         equ	3540	;# 
  3897   000DD5                     RXFCON1         equ	3541	;# 
  3898   000DD8                     SDFLC           equ	3544	;# 
  3899   000DE0                     RXFBCON0        equ	3552	;# 
  3900   000DE1                     RXFBCON1        equ	3553	;# 
  3901   000DE2                     RXFBCON2        equ	3554	;# 
  3902   000DE3                     RXFBCON3        equ	3555	;# 
  3903   000DE4                     RXFBCON4        equ	3556	;# 
  3904   000DE5                     RXFBCON5        equ	3557	;# 
  3905   000DE6                     RXFBCON6        equ	3558	;# 
  3906   000DE7                     RXFBCON7        equ	3559	;# 
  3907   000DF0                     MSEL0           equ	3568	;# 
  3908   000DF1                     MSEL1           equ	3569	;# 
  3909   000DF2                     MSEL2           equ	3570	;# 
  3910   000DF3                     MSEL3           equ	3571	;# 
  3911   000DF8                     BSEL0           equ	3576	;# 
  3912   000DFA                     BIE0            equ	3578	;# 
  3913   000DFC                     TXBIE           equ	3580	;# 
  3914   000E20                     B0CON           equ	3616	;# 
  3915   000E21                     B0SIDH          equ	3617	;# 
  3916   000E22                     B0SIDL          equ	3618	;# 
  3917   000E23                     B0EIDH          equ	3619	;# 
  3918   000E24                     B0EIDL          equ	3620	;# 
  3919   000E25                     B0DLC           equ	3621	;# 
  3920   000E26                     B0D0            equ	3622	;# 
  3921   000E27                     B0D1            equ	3623	;# 
  3922   000E28                     B0D2            equ	3624	;# 
  3923   000E29                     B0D3            equ	3625	;# 
  3924   000E2A                     B0D4            equ	3626	;# 
  3925   000E2B                     B0D5            equ	3627	;# 
  3926   000E2C                     B0D6            equ	3628	;# 
  3927   000E2D                     B0D7            equ	3629	;# 
  3928   000E2E                     CANSTAT_RO9     equ	3630	;# 
  3929   000E2F                     CANCON_RO9      equ	3631	;# 
  3930   000E30                     B1CON           equ	3632	;# 
  3931   000E31                     B1SIDH          equ	3633	;# 
  3932   000E32                     B1SIDL          equ	3634	;# 
  3933   000E33                     B1EIDH          equ	3635	;# 
  3934   000E34                     B1EIDL          equ	3636	;# 
  3935   000E35                     B1DLC           equ	3637	;# 
  3936   000E36                     B1D0            equ	3638	;# 
  3937   000E37                     B1D1            equ	3639	;# 
  3938   000E38                     B1D2            equ	3640	;# 
  3939   000E39                     B1D3            equ	3641	;# 
  3940   000E3A                     B1D4            equ	3642	;# 
  3941   000E3B                     B1D5            equ	3643	;# 
  3942   000E3C                     B1D6            equ	3644	;# 
  3943   000E3D                     B1D7            equ	3645	;# 
  3944   000E3E                     CANSTAT_RO8     equ	3646	;# 
  3945   000E3F                     CANCON_RO8      equ	3647	;# 
  3946   000E40                     B2CON           equ	3648	;# 
  3947   000E41                     B2SIDH          equ	3649	;# 
  3948   000E42                     B2SIDL          equ	3650	;# 
  3949   000E43                     B2EIDH          equ	3651	;# 
  3950   000E44                     B2EIDL          equ	3652	;# 
  3951   000E45                     B2DLC           equ	3653	;# 
  3952   000E46                     B2D0            equ	3654	;# 
  3953   000E47                     B2D1            equ	3655	;# 
  3954   000E48                     B2D2            equ	3656	;# 
  3955   000E49                     B2D3            equ	3657	;# 
  3956   000E4A                     B2D4            equ	3658	;# 
  3957   000E4B                     B2D5            equ	3659	;# 
  3958   000E4C                     B2D6            equ	3660	;# 
  3959   000E4D                     B2D7            equ	3661	;# 
  3960   000E4E                     CANSTAT_RO7     equ	3662	;# 
  3961   000E4F                     CANCON_RO7      equ	3663	;# 
  3962   000E50                     B3CON           equ	3664	;# 
  3963   000E51                     B3SIDH          equ	3665	;# 
  3964   000E52                     B3SIDL          equ	3666	;# 
  3965   000E53                     B3EIDH          equ	3667	;# 
  3966   000E54                     B3EIDL          equ	3668	;# 
  3967   000E55                     B3DLC           equ	3669	;# 
  3968   000E56                     B3D0            equ	3670	;# 
  3969   000E57                     B3D1            equ	3671	;# 
  3970   000E58                     B3D2            equ	3672	;# 
  3971   000E59                     B3D3            equ	3673	;# 
  3972   000E5A                     B3D4            equ	3674	;# 
  3973   000E5B                     B3D5            equ	3675	;# 
  3974   000E5C                     B3D6            equ	3676	;# 
  3975   000E5D                     B3D7            equ	3677	;# 
  3976   000E5E                     CANSTAT_RO6     equ	3678	;# 
  3977   000E5F                     CANCON_RO6      equ	3679	;# 
  3978   000E60                     B4CON           equ	3680	;# 
  3979   000E61                     B4SIDH          equ	3681	;# 
  3980   000E62                     B4SIDL          equ	3682	;# 
  3981   000E63                     B4EIDH          equ	3683	;# 
  3982   000E64                     B4EIDL          equ	3684	;# 
  3983   000E65                     B4DLC           equ	3685	;# 
  3984   000E66                     B4D0            equ	3686	;# 
  3985   000E67                     B4D1            equ	3687	;# 
  3986   000E68                     B4D2            equ	3688	;# 
  3987   000E69                     B4D3            equ	3689	;# 
  3988   000E6A                     B4D4            equ	3690	;# 
  3989   000E6B                     B4D5            equ	3691	;# 
  3990   000E6C                     B4D6            equ	3692	;# 
  3991   000E6D                     B4D7            equ	3693	;# 
  3992   000E6E                     CANSTAT_RO5     equ	3694	;# 
  3993   000E6F                     CANCON_RO5      equ	3695	;# 
  3994   000E70                     B5CON           equ	3696	;# 
  3995   000E71                     B5SIDH          equ	3697	;# 
  3996   000E72                     B5SIDL          equ	3698	;# 
  3997   000E73                     B5EIDH          equ	3699	;# 
  3998   000E74                     B5EIDL          equ	3700	;# 
  3999   000E75                     B5DLC           equ	3701	;# 
  4000   000E76                     B5D0            equ	3702	;# 
  4001   000E77                     B5D1            equ	3703	;# 
  4002   000E78                     B5D2            equ	3704	;# 
  4003   000E79                     B5D3            equ	3705	;# 
  4004   000E7A                     B5D4            equ	3706	;# 
  4005   000E7B                     B5D5            equ	3707	;# 
  4006   000E7C                     B5D6            equ	3708	;# 
  4007   000E7D                     B5D7            equ	3709	;# 
  4008   000E7E                     CANSTAT_RO4     equ	3710	;# 
  4009   000E7F                     CANCON_RO4      equ	3711	;# 
  4010   000F00                     RXF0SIDH        equ	3840	;# 
  4011   000F01                     RXF0SIDL        equ	3841	;# 
  4012   000F02                     RXF0EIDH        equ	3842	;# 
  4013   000F03                     RXF0EIDL        equ	3843	;# 
  4014   000F04                     RXF1SIDH        equ	3844	;# 
  4015   000F05                     RXF1SIDL        equ	3845	;# 
  4016   000F06                     RXF1EIDH        equ	3846	;# 
  4017   000F07                     RXF1EIDL        equ	3847	;# 
  4018   000F08                     RXF2SIDH        equ	3848	;# 
  4019   000F09                     RXF2SIDL        equ	3849	;# 
  4020   000F0A                     RXF2EIDH        equ	3850	;# 
  4021   000F0B                     RXF2EIDL        equ	3851	;# 
  4022   000F0C                     RXF3SIDH        equ	3852	;# 
  4023   000F0D                     RXF3SIDL        equ	3853	;# 
  4024   000F0E                     RXF3EIDH        equ	3854	;# 
  4025   000F0F                     RXF3EIDL        equ	3855	;# 
  4026   000F10                     RXF4SIDH        equ	3856	;# 
  4027   000F11                     RXF4SIDL        equ	3857	;# 
  4028   000F12                     RXF4EIDH        equ	3858	;# 
  4029   000F13                     RXF4EIDL        equ	3859	;# 
  4030   000F14                     RXF5SIDH        equ	3860	;# 
  4031   000F15                     RXF5SIDL        equ	3861	;# 
  4032   000F16                     RXF5EIDH        equ	3862	;# 
  4033   000F17                     RXF5EIDL        equ	3863	;# 
  4034   000F18                     RXM0SIDH        equ	3864	;# 
  4035   000F19                     RXM0SIDL        equ	3865	;# 
  4036   000F1A                     RXM0EIDH        equ	3866	;# 
  4037   000F1B                     RXM0EIDL        equ	3867	;# 
  4038   000F1C                     RXM1SIDH        equ	3868	;# 
  4039   000F1D                     RXM1SIDL        equ	3869	;# 
  4040   000F1E                     RXM1EIDH        equ	3870	;# 
  4041   000F1F                     RXM1EIDL        equ	3871	;# 
  4042   000F20                     TXB2CON         equ	3872	;# 
  4043   000F21                     TXB2SIDH        equ	3873	;# 
  4044   000F22                     TXB2SIDL        equ	3874	;# 
  4045   000F23                     TXB2EIDH        equ	3875	;# 
  4046   000F24                     TXB2EIDL        equ	3876	;# 
  4047   000F25                     TXB2DLC         equ	3877	;# 
  4048   000F26                     TXB2D0          equ	3878	;# 
  4049   000F27                     TXB2D1          equ	3879	;# 
  4050   000F28                     TXB2D2          equ	3880	;# 
  4051   000F29                     TXB2D3          equ	3881	;# 
  4052   000F2A                     TXB2D4          equ	3882	;# 
  4053   000F2B                     TXB2D5          equ	3883	;# 
  4054   000F2C                     TXB2D6          equ	3884	;# 
  4055   000F2D                     TXB2D7          equ	3885	;# 
  4056   000F2E                     CANSTAT_RO3     equ	3886	;# 
  4057   000F2F                     CANCON_RO3      equ	3887	;# 
  4058   000F30                     TXB1CON         equ	3888	;# 
  4059   000F31                     TXB1SIDH        equ	3889	;# 
  4060   000F32                     TXB1SIDL        equ	3890	;# 
  4061   000F33                     TXB1EIDH        equ	3891	;# 
  4062   000F34                     TXB1EIDL        equ	3892	;# 
  4063   000F35                     TXB1DLC         equ	3893	;# 
  4064   000F36                     TXB1D0          equ	3894	;# 
  4065   000F37                     TXB1D1          equ	3895	;# 
  4066   000F38                     TXB1D2          equ	3896	;# 
  4067   000F39                     TXB1D3          equ	3897	;# 
  4068   000F3A                     TXB1D4          equ	3898	;# 
  4069   000F3B                     TXB1D5          equ	3899	;# 
  4070   000F3C                     TXB1D6          equ	3900	;# 
  4071   000F3D                     TXB1D7          equ	3901	;# 
  4072   000F3E                     CANSTAT_RO2     equ	3902	;# 
  4073   000F3F                     CANCON_RO2      equ	3903	;# 
  4074   000F40                     TXB0CON         equ	3904	;# 
  4075   000F41                     TXB0SIDH        equ	3905	;# 
  4076   000F42                     TXB0SIDL        equ	3906	;# 
  4077   000F43                     TXB0EIDH        equ	3907	;# 
  4078   000F44                     TXB0EIDL        equ	3908	;# 
  4079   000F45                     TXB0DLC         equ	3909	;# 
  4080   000F46                     TXB0D0          equ	3910	;# 
  4081   000F47                     TXB0D1          equ	3911	;# 
  4082   000F48                     TXB0D2          equ	3912	;# 
  4083   000F49                     TXB0D3          equ	3913	;# 
  4084   000F4A                     TXB0D4          equ	3914	;# 
  4085   000F4B                     TXB0D5          equ	3915	;# 
  4086   000F4C                     TXB0D6          equ	3916	;# 
  4087   000F4D                     TXB0D7          equ	3917	;# 
  4088   000F4E                     CANSTAT_RO1     equ	3918	;# 
  4089   000F4F                     CANCON_RO1      equ	3919	;# 
  4090   000F50                     RXB1CON         equ	3920	;# 
  4091   000F51                     RXB1SIDH        equ	3921	;# 
  4092   000F52                     RXB1SIDL        equ	3922	;# 
  4093   000F53                     RXB1EIDH        equ	3923	;# 
  4094   000F54                     RXB1EIDL        equ	3924	;# 
  4095   000F55                     RXB1DLC         equ	3925	;# 
  4096   000F56                     RXB1D0          equ	3926	;# 
  4097   000F57                     RXB1D1          equ	3927	;# 
  4098   000F58                     RXB1D2          equ	3928	;# 
  4099   000F59                     RXB1D3          equ	3929	;# 
  4100   000F5A                     RXB1D4          equ	3930	;# 
  4101   000F5B                     RXB1D5          equ	3931	;# 
  4102   000F5C                     RXB1D6          equ	3932	;# 
  4103   000F5D                     RXB1D7          equ	3933	;# 
  4104   000F5E                     CANSTAT_RO0     equ	3934	;# 
  4105   000F5F                     CANCON_RO0      equ	3935	;# 
  4106   000F60                     RXB0CON         equ	3936	;# 
  4107   000F61                     RXB0SIDH        equ	3937	;# 
  4108   000F62                     RXB0SIDL        equ	3938	;# 
  4109   000F63                     RXB0EIDH        equ	3939	;# 
  4110   000F64                     RXB0EIDL        equ	3940	;# 
  4111   000F65                     RXB0DLC         equ	3941	;# 
  4112   000F66                     RXB0D0          equ	3942	;# 
  4113   000F67                     RXB0D1          equ	3943	;# 
  4114   000F68                     RXB0D2          equ	3944	;# 
  4115   000F69                     RXB0D3          equ	3945	;# 
  4116   000F6A                     RXB0D4          equ	3946	;# 
  4117   000F6B                     RXB0D5          equ	3947	;# 
  4118   000F6C                     RXB0D6          equ	3948	;# 
  4119   000F6D                     RXB0D7          equ	3949	;# 
  4120   000F6E                     CANSTAT         equ	3950	;# 
  4121   000F6F                     CANCON          equ	3951	;# 
  4122   000F70                     BRGCON1         equ	3952	;# 
  4123   000F71                     BRGCON2         equ	3953	;# 
  4124   000F72                     BRGCON3         equ	3954	;# 
  4125   000F73                     CIOCON          equ	3955	;# 
  4126   000F74                     COMSTAT         equ	3956	;# 
  4127   000F75                     RXERRCNT        equ	3957	;# 
  4128   000F76                     TXERRCNT        equ	3958	;# 
  4129   000F77                     ECANCON         equ	3959	;# 
  4130   000F80                     PORTA           equ	3968	;# 
  4131   000F81                     PORTB           equ	3969	;# 
  4132   000F82                     PORTC           equ	3970	;# 
  4133   000F83                     PORTD           equ	3971	;# 
  4134   000F84                     PORTE           equ	3972	;# 
  4135   000F89                     LATA            equ	3977	;# 
  4136   000F8A                     LATB            equ	3978	;# 
  4137   000F8B                     LATC            equ	3979	;# 
  4138   000F8C                     LATD            equ	3980	;# 
  4139   000F8D                     LATE            equ	3981	;# 
  4140   000F92                     TRISA           equ	3986	;# 
  4141   000F92                     DDRA            equ	3986	;# 
  4142   000F93                     TRISB           equ	3987	;# 
  4143   000F93                     DDRB            equ	3987	;# 
  4144   000F94                     TRISC           equ	3988	;# 
  4145   000F94                     DDRC            equ	3988	;# 
  4146   000F95                     TRISD           equ	3989	;# 
  4147   000F95                     DDRD            equ	3989	;# 
  4148   000F96                     TRISE           equ	3990	;# 
  4149   000F96                     DDRE            equ	3990	;# 
  4150   000F9B                     OSCTUNE         equ	3995	;# 
  4151   000F9D                     PIE1            equ	3997	;# 
  4152   000F9E                     PIR1            equ	3998	;# 
  4153   000F9F                     IPR1            equ	3999	;# 
  4154   000FA0                     PIE2            equ	4000	;# 
  4155   000FA1                     PIR2            equ	4001	;# 
  4156   000FA2                     IPR2            equ	4002	;# 
  4157   000FA3                     PIE3            equ	4003	;# 
  4158   000FA4                     PIR3            equ	4004	;# 
  4159   000FA5                     IPR3            equ	4005	;# 
  4160   000FA6                     EECON1          equ	4006	;# 
  4161   000FA7                     EECON2          equ	4007	;# 
  4162   000FA8                     EEDATA          equ	4008	;# 
  4163   000FA9                     EEADR           equ	4009	;# 
  4164   000FAB                     RCSTA           equ	4011	;# 
  4165   000FAB                     RCSTA1          equ	4011	;# 
  4166   000FAC                     TXSTA           equ	4012	;# 
  4167   000FAC                     TXSTA1          equ	4012	;# 
  4168   000FAD                     TXREG           equ	4013	;# 
  4169   000FAD                     TXREG1          equ	4013	;# 
  4170   000FAE                     RCREG           equ	4014	;# 
  4171   000FAE                     RCREG1          equ	4014	;# 
  4172   000FAF                     SPBRG           equ	4015	;# 
  4173   000FAF                     SPBRG1          equ	4015	;# 
  4174   000FB0                     SPBRGH          equ	4016	;# 
  4175   000FB1                     T3CON           equ	4017	;# 
  4176   000FB2                     TMR3            equ	4018	;# 
  4177   000FB2                     TMR3L           equ	4018	;# 
  4178   000FB3                     TMR3H           equ	4019	;# 
  4179   000FB4                     CMCON           equ	4020	;# 
  4180   000FB5                     CVRCON          equ	4021	;# 
  4181   000FB6                     ECCP1AS         equ	4022	;# 
  4182   000FB7                     ECCP1DEL        equ	4023	;# 
  4183   000FB8                     BAUDCON         equ	4024	;# 
  4184   000FB8                     BAUDCTL         equ	4024	;# 
  4185   000FBA                     ECCP1CON        equ	4026	;# 
  4186   000FBB                     ECCPR1          equ	4027	;# 
  4187   000FBB                     ECCPR1L         equ	4027	;# 
  4188   000FBC                     ECCPR1H         equ	4028	;# 
  4189   000FBD                     CCP1CON         equ	4029	;# 
  4190   000FBE                     CCPR1           equ	4030	;# 
  4191   000FBE                     CCPR1L          equ	4030	;# 
  4192   000FBF                     CCPR1H          equ	4031	;# 
  4193   000FC0                     ADCON2          equ	4032	;# 
  4194   000FC1                     ADCON1          equ	4033	;# 
  4195   000FC2                     ADCON0          equ	4034	;# 
  4196   000FC3                     ADRES           equ	4035	;# 
  4197   000FC3                     ADRESL          equ	4035	;# 
  4198   000FC4                     ADRESH          equ	4036	;# 
  4199   000FC5                     SSPCON2         equ	4037	;# 
  4200   000FC6                     SSPCON1         equ	4038	;# 
  4201   000FC7                     SSPSTAT         equ	4039	;# 
  4202   000FC8                     SSPADD          equ	4040	;# 
  4203   000FC9                     SSPBUF          equ	4041	;# 
  4204   000FCA                     T2CON           equ	4042	;# 
  4205   000FCB                     PR2             equ	4043	;# 
  4206   000FCB                     MEMCON          equ	4043	;# 
  4207   000FCC                     TMR2            equ	4044	;# 
  4208   000FCD                     T1CON           equ	4045	;# 
  4209   000FCE                     TMR1            equ	4046	;# 
  4210   000FCE                     TMR1L           equ	4046	;# 
  4211   000FCF                     TMR1H           equ	4047	;# 
  4212   000FD0                     RCON            equ	4048	;# 
  4213   000FD1                     WDTCON          equ	4049	;# 
  4214   000FD2                     HLVDCON         equ	4050	;# 
  4215   000FD2                     LVDCON          equ	4050	;# 
  4216   000FD3                     OSCCON          equ	4051	;# 
  4217   000FD5                     T0CON           equ	4053	;# 
  4218   000FD6                     TMR0            equ	4054	;# 
  4219   000FD6                     TMR0L           equ	4054	;# 
  4220   000FD7                     TMR0H           equ	4055	;# 
  4221   000FD8                     STATUS          equ	4056	;# 
  4222   000FD9                     FSR2            equ	4057	;# 
  4223   000FD9                     FSR2L           equ	4057	;# 
  4224   000FDA                     FSR2H           equ	4058	;# 
  4225   000FDB                     PLUSW2          equ	4059	;# 
  4226   000FDC                     PREINC2         equ	4060	;# 
  4227   000FDD                     POSTDEC2        equ	4061	;# 
  4228   000FDE                     POSTINC2        equ	4062	;# 
  4229   000FDF                     INDF2           equ	4063	;# 
  4230   000FE0                     BSR             equ	4064	;# 
  4231   000FE1                     FSR1            equ	4065	;# 
  4232   000FE1                     FSR1L           equ	4065	;# 
  4233   000FE2                     FSR1H           equ	4066	;# 
  4234   000FE3                     PLUSW1          equ	4067	;# 
  4235   000FE4                     PREINC1         equ	4068	;# 
  4236   000FE5                     POSTDEC1        equ	4069	;# 
  4237   000FE6                     POSTINC1        equ	4070	;# 
  4238   000FE7                     INDF1           equ	4071	;# 
  4239   000FE8                     WREG            equ	4072	;# 
  4240   000FE9                     FSR0            equ	4073	;# 
  4241   000FE9                     FSR0L           equ	4073	;# 
  4242   000FEA                     FSR0H           equ	4074	;# 
  4243   000FEB                     PLUSW0          equ	4075	;# 
  4244   000FEC                     PREINC0         equ	4076	;# 
  4245   000FED                     POSTDEC0        equ	4077	;# 
  4246   000FEE                     POSTINC0        equ	4078	;# 
  4247   000FEF                     INDF0           equ	4079	;# 
  4248   000FF0                     INTCON3         equ	4080	;# 
  4249   000FF1                     INTCON2         equ	4081	;# 
  4250   000FF2                     INTCON          equ	4082	;# 
  4251   000FF3                     PROD            equ	4083	;# 
  4252   000FF3                     PRODL           equ	4083	;# 
  4253   000FF4                     PRODH           equ	4084	;# 
  4254   000FF5                     TABLAT          equ	4085	;# 
  4255   000FF6                     TBLPTR          equ	4086	;# 
  4256   000FF6                     TBLPTRL         equ	4086	;# 
  4257   000FF7                     TBLPTRH         equ	4087	;# 
  4258   000FF8                     TBLPTRU         equ	4088	;# 
  4259   000FF9                     PCLAT           equ	4089	;# 
  4260   000FF9                     PC              equ	4089	;# 
  4261   000FF9                     PCL             equ	4089	;# 
  4262   000FFA                     PCLATH          equ	4090	;# 
  4263   000FFB                     PCLATU          equ	4091	;# 
  4264   000FFC                     STKPTR          equ	4092	;# 
  4265   000FFD                     TOS             equ	4093	;# 
  4266   000FFD                     TOSL            equ	4093	;# 
  4267   000FFE                     TOSH            equ	4094	;# 
  4268   000FFF                     TOSU            equ	4095	;# 
  4269   000D60                     RXF6SIDH        equ	3424	;# 
  4270   000D61                     RXF6SIDL        equ	3425	;# 
  4271   000D62                     RXF6EIDH        equ	3426	;# 
  4272   000D63                     RXF6EIDL        equ	3427	;# 
  4273   000D64                     RXF7SIDH        equ	3428	;# 
  4274   000D65                     RXF7SIDL        equ	3429	;# 
  4275   000D66                     RXF7EIDH        equ	3430	;# 
  4276   000D67                     RXF7EIDL        equ	3431	;# 
  4277   000D68                     RXF8SIDH        equ	3432	;# 
  4278   000D69                     RXF8SIDL        equ	3433	;# 
  4279   000D6A                     RXF8EIDH        equ	3434	;# 
  4280   000D6B                     RXF8EIDL        equ	3435	;# 
  4281   000D70                     RXF9SIDH        equ	3440	;# 
  4282   000D71                     RXF9SIDL        equ	3441	;# 
  4283   000D72                     RXF9EIDH        equ	3442	;# 
  4284   000D73                     RXF9EIDL        equ	3443	;# 
  4285   000D74                     RXF10SIDH       equ	3444	;# 
  4286   000D75                     RXF10SIDL       equ	3445	;# 
  4287   000D76                     RXF10EIDH       equ	3446	;# 
  4288   000D77                     RXF10EIDL       equ	3447	;# 
  4289   000D78                     RXF11SIDH       equ	3448	;# 
  4290   000D79                     RXF11SIDL       equ	3449	;# 
  4291   000D7A                     RXF11EIDH       equ	3450	;# 
  4292   000D7B                     RXF11EIDL       equ	3451	;# 
  4293   000D80                     RXF12SIDH       equ	3456	;# 
  4294   000D81                     RXF12SIDL       equ	3457	;# 
  4295   000D82                     RXF12EIDH       equ	3458	;# 
  4296   000D83                     RXF12EIDL       equ	3459	;# 
  4297   000D84                     RXF13SIDH       equ	3460	;# 
  4298   000D85                     RXF13SIDL       equ	3461	;# 
  4299   000D86                     RXF13EIDH       equ	3462	;# 
  4300   000D87                     RXF13EIDL       equ	3463	;# 
  4301   000D88                     RXF14SIDH       equ	3464	;# 
  4302   000D89                     RXF14SIDL       equ	3465	;# 
  4303   000D8A                     RXF14EIDH       equ	3466	;# 
  4304   000D8B                     RXF14EIDL       equ	3467	;# 
  4305   000D90                     RXF15SIDH       equ	3472	;# 
  4306   000D91                     RXF15SIDL       equ	3473	;# 
  4307   000D92                     RXF15EIDH       equ	3474	;# 
  4308   000D93                     RXF15EIDL       equ	3475	;# 
  4309   000DD4                     RXFCON0         equ	3540	;# 
  4310   000DD5                     RXFCON1         equ	3541	;# 
  4311   000DD8                     SDFLC           equ	3544	;# 
  4312   000DE0                     RXFBCON0        equ	3552	;# 
  4313   000DE1                     RXFBCON1        equ	3553	;# 
  4314   000DE2                     RXFBCON2        equ	3554	;# 
  4315   000DE3                     RXFBCON3        equ	3555	;# 
  4316   000DE4                     RXFBCON4        equ	3556	;# 
  4317   000DE5                     RXFBCON5        equ	3557	;# 
  4318   000DE6                     RXFBCON6        equ	3558	;# 
  4319   000DE7                     RXFBCON7        equ	3559	;# 
  4320   000DF0                     MSEL0           equ	3568	;# 
  4321   000DF1                     MSEL1           equ	3569	;# 
  4322   000DF2                     MSEL2           equ	3570	;# 
  4323   000DF3                     MSEL3           equ	3571	;# 
  4324   000DF8                     BSEL0           equ	3576	;# 
  4325   000DFA                     BIE0            equ	3578	;# 
  4326   000DFC                     TXBIE           equ	3580	;# 
  4327   000E20                     B0CON           equ	3616	;# 
  4328   000E21                     B0SIDH          equ	3617	;# 
  4329   000E22                     B0SIDL          equ	3618	;# 
  4330   000E23                     B0EIDH          equ	3619	;# 
  4331   000E24                     B0EIDL          equ	3620	;# 
  4332   000E25                     B0DLC           equ	3621	;# 
  4333   000E26                     B0D0            equ	3622	;# 
  4334   000E27                     B0D1            equ	3623	;# 
  4335   000E28                     B0D2            equ	3624	;# 
  4336   000E29                     B0D3            equ	3625	;# 
  4337   000E2A                     B0D4            equ	3626	;# 
  4338   000E2B                     B0D5            equ	3627	;# 
  4339   000E2C                     B0D6            equ	3628	;# 
  4340   000E2D                     B0D7            equ	3629	;# 
  4341   000E2E                     CANSTAT_RO9     equ	3630	;# 
  4342   000E2F                     CANCON_RO9      equ	3631	;# 
  4343   000E30                     B1CON           equ	3632	;# 
  4344   000E31                     B1SIDH          equ	3633	;# 
  4345   000E32                     B1SIDL          equ	3634	;# 
  4346   000E33                     B1EIDH          equ	3635	;# 
  4347   000E34                     B1EIDL          equ	3636	;# 
  4348   000E35                     B1DLC           equ	3637	;# 
  4349   000E36                     B1D0            equ	3638	;# 
  4350   000E37                     B1D1            equ	3639	;# 
  4351   000E38                     B1D2            equ	3640	;# 
  4352   000E39                     B1D3            equ	3641	;# 
  4353   000E3A                     B1D4            equ	3642	;# 
  4354   000E3B                     B1D5            equ	3643	;# 
  4355   000E3C                     B1D6            equ	3644	;# 
  4356   000E3D                     B1D7            equ	3645	;# 
  4357   000E3E                     CANSTAT_RO8     equ	3646	;# 
  4358   000E3F                     CANCON_RO8      equ	3647	;# 
  4359   000E40                     B2CON           equ	3648	;# 
  4360   000E41                     B2SIDH          equ	3649	;# 
  4361   000E42                     B2SIDL          equ	3650	;# 
  4362   000E43                     B2EIDH          equ	3651	;# 
  4363   000E44                     B2EIDL          equ	3652	;# 
  4364   000E45                     B2DLC           equ	3653	;# 
  4365   000E46                     B2D0            equ	3654	;# 
  4366   000E47                     B2D1            equ	3655	;# 
  4367   000E48                     B2D2            equ	3656	;# 
  4368   000E49                     B2D3            equ	3657	;# 
  4369   000E4A                     B2D4            equ	3658	;# 
  4370   000E4B                     B2D5            equ	3659	;# 
  4371   000E4C                     B2D6            equ	3660	;# 
  4372   000E4D                     B2D7            equ	3661	;# 
  4373   000E4E                     CANSTAT_RO7     equ	3662	;# 
  4374   000E4F                     CANCON_RO7      equ	3663	;# 
  4375   000E50                     B3CON           equ	3664	;# 
  4376   000E51                     B3SIDH          equ	3665	;# 
  4377   000E52                     B3SIDL          equ	3666	;# 
  4378   000E53                     B3EIDH          equ	3667	;# 
  4379   000E54                     B3EIDL          equ	3668	;# 
  4380   000E55                     B3DLC           equ	3669	;# 
  4381   000E56                     B3D0            equ	3670	;# 
  4382   000E57                     B3D1            equ	3671	;# 
  4383   000E58                     B3D2            equ	3672	;# 
  4384   000E59                     B3D3            equ	3673	;# 
  4385   000E5A                     B3D4            equ	3674	;# 
  4386   000E5B                     B3D5            equ	3675	;# 
  4387   000E5C                     B3D6            equ	3676	;# 
  4388   000E5D                     B3D7            equ	3677	;# 
  4389   000E5E                     CANSTAT_RO6     equ	3678	;# 
  4390   000E5F                     CANCON_RO6      equ	3679	;# 
  4391   000E60                     B4CON           equ	3680	;# 
  4392   000E61                     B4SIDH          equ	3681	;# 
  4393   000E62                     B4SIDL          equ	3682	;# 
  4394   000E63                     B4EIDH          equ	3683	;# 
  4395   000E64                     B4EIDL          equ	3684	;# 
  4396   000E65                     B4DLC           equ	3685	;# 
  4397   000E66                     B4D0            equ	3686	;# 
  4398   000E67                     B4D1            equ	3687	;# 
  4399   000E68                     B4D2            equ	3688	;# 
  4400   000E69                     B4D3            equ	3689	;# 
  4401   000E6A                     B4D4            equ	3690	;# 
  4402   000E6B                     B4D5            equ	3691	;# 
  4403   000E6C                     B4D6            equ	3692	;# 
  4404   000E6D                     B4D7            equ	3693	;# 
  4405   000E6E                     CANSTAT_RO5     equ	3694	;# 
  4406   000E6F                     CANCON_RO5      equ	3695	;# 
  4407   000E70                     B5CON           equ	3696	;# 
  4408   000E71                     B5SIDH          equ	3697	;# 
  4409   000E72                     B5SIDL          equ	3698	;# 
  4410   000E73                     B5EIDH          equ	3699	;# 
  4411   000E74                     B5EIDL          equ	3700	;# 
  4412   000E75                     B5DLC           equ	3701	;# 
  4413   000E76                     B5D0            equ	3702	;# 
  4414   000E77                     B5D1            equ	3703	;# 
  4415   000E78                     B5D2            equ	3704	;# 
  4416   000E79                     B5D3            equ	3705	;# 
  4417   000E7A                     B5D4            equ	3706	;# 
  4418   000E7B                     B5D5            equ	3707	;# 
  4419   000E7C                     B5D6            equ	3708	;# 
  4420   000E7D                     B5D7            equ	3709	;# 
  4421   000E7E                     CANSTAT_RO4     equ	3710	;# 
  4422   000E7F                     CANCON_RO4      equ	3711	;# 
  4423   000F00                     RXF0SIDH        equ	3840	;# 
  4424   000F01                     RXF0SIDL        equ	3841	;# 
  4425   000F02                     RXF0EIDH        equ	3842	;# 
  4426   000F03                     RXF0EIDL        equ	3843	;# 
  4427   000F04                     RXF1SIDH        equ	3844	;# 
  4428   000F05                     RXF1SIDL        equ	3845	;# 
  4429   000F06                     RXF1EIDH        equ	3846	;# 
  4430   000F07                     RXF1EIDL        equ	3847	;# 
  4431   000F08                     RXF2SIDH        equ	3848	;# 
  4432   000F09                     RXF2SIDL        equ	3849	;# 
  4433   000F0A                     RXF2EIDH        equ	3850	;# 
  4434   000F0B                     RXF2EIDL        equ	3851	;# 
  4435   000F0C                     RXF3SIDH        equ	3852	;# 
  4436   000F0D                     RXF3SIDL        equ	3853	;# 
  4437   000F0E                     RXF3EIDH        equ	3854	;# 
  4438   000F0F                     RXF3EIDL        equ	3855	;# 
  4439   000F10                     RXF4SIDH        equ	3856	;# 
  4440   000F11                     RXF4SIDL        equ	3857	;# 
  4441   000F12                     RXF4EIDH        equ	3858	;# 
  4442   000F13                     RXF4EIDL        equ	3859	;# 
  4443   000F14                     RXF5SIDH        equ	3860	;# 
  4444   000F15                     RXF5SIDL        equ	3861	;# 
  4445   000F16                     RXF5EIDH        equ	3862	;# 
  4446   000F17                     RXF5EIDL        equ	3863	;# 
  4447   000F18                     RXM0SIDH        equ	3864	;# 
  4448   000F19                     RXM0SIDL        equ	3865	;# 
  4449   000F1A                     RXM0EIDH        equ	3866	;# 
  4450   000F1B                     RXM0EIDL        equ	3867	;# 
  4451   000F1C                     RXM1SIDH        equ	3868	;# 
  4452   000F1D                     RXM1SIDL        equ	3869	;# 
  4453   000F1E                     RXM1EIDH        equ	3870	;# 
  4454   000F1F                     RXM1EIDL        equ	3871	;# 
  4455   000F20                     TXB2CON         equ	3872	;# 
  4456   000F21                     TXB2SIDH        equ	3873	;# 
  4457   000F22                     TXB2SIDL        equ	3874	;# 
  4458   000F23                     TXB2EIDH        equ	3875	;# 
  4459   000F24                     TXB2EIDL        equ	3876	;# 
  4460   000F25                     TXB2DLC         equ	3877	;# 
  4461   000F26                     TXB2D0          equ	3878	;# 
  4462   000F27                     TXB2D1          equ	3879	;# 
  4463   000F28                     TXB2D2          equ	3880	;# 
  4464   000F29                     TXB2D3          equ	3881	;# 
  4465   000F2A                     TXB2D4          equ	3882	;# 
  4466   000F2B                     TXB2D5          equ	3883	;# 
  4467   000F2C                     TXB2D6          equ	3884	;# 
  4468   000F2D                     TXB2D7          equ	3885	;# 
  4469   000F2E                     CANSTAT_RO3     equ	3886	;# 
  4470   000F2F                     CANCON_RO3      equ	3887	;# 
  4471   000F30                     TXB1CON         equ	3888	;# 
  4472   000F31                     TXB1SIDH        equ	3889	;# 
  4473   000F32                     TXB1SIDL        equ	3890	;# 
  4474   000F33                     TXB1EIDH        equ	3891	;# 
  4475   000F34                     TXB1EIDL        equ	3892	;# 
  4476   000F35                     TXB1DLC         equ	3893	;# 
  4477   000F36                     TXB1D0          equ	3894	;# 
  4478   000F37                     TXB1D1          equ	3895	;# 
  4479   000F38                     TXB1D2          equ	3896	;# 
  4480   000F39                     TXB1D3          equ	3897	;# 
  4481   000F3A                     TXB1D4          equ	3898	;# 
  4482   000F3B                     TXB1D5          equ	3899	;# 
  4483   000F3C                     TXB1D6          equ	3900	;# 
  4484   000F3D                     TXB1D7          equ	3901	;# 
  4485   000F3E                     CANSTAT_RO2     equ	3902	;# 
  4486   000F3F                     CANCON_RO2      equ	3903	;# 
  4487   000F40                     TXB0CON         equ	3904	;# 
  4488   000F41                     TXB0SIDH        equ	3905	;# 
  4489   000F42                     TXB0SIDL        equ	3906	;# 
  4490   000F43                     TXB0EIDH        equ	3907	;# 
  4491   000F44                     TXB0EIDL        equ	3908	;# 
  4492   000F45                     TXB0DLC         equ	3909	;# 
  4493   000F46                     TXB0D0          equ	3910	;# 
  4494   000F47                     TXB0D1          equ	3911	;# 
  4495   000F48                     TXB0D2          equ	3912	;# 
  4496   000F49                     TXB0D3          equ	3913	;# 
  4497   000F4A                     TXB0D4          equ	3914	;# 
  4498   000F4B                     TXB0D5          equ	3915	;# 
  4499   000F4C                     TXB0D6          equ	3916	;# 
  4500   000F4D                     TXB0D7          equ	3917	;# 
  4501   000F4E                     CANSTAT_RO1     equ	3918	;# 
  4502   000F4F                     CANCON_RO1      equ	3919	;# 
  4503   000F50                     RXB1CON         equ	3920	;# 
  4504   000F51                     RXB1SIDH        equ	3921	;# 
  4505   000F52                     RXB1SIDL        equ	3922	;# 
  4506   000F53                     RXB1EIDH        equ	3923	;# 
  4507   000F54                     RXB1EIDL        equ	3924	;# 
  4508   000F55                     RXB1DLC         equ	3925	;# 
  4509   000F56                     RXB1D0          equ	3926	;# 
  4510   000F57                     RXB1D1          equ	3927	;# 
  4511   000F58                     RXB1D2          equ	3928	;# 
  4512   000F59                     RXB1D3          equ	3929	;# 
  4513   000F5A                     RXB1D4          equ	3930	;# 
  4514   000F5B                     RXB1D5          equ	3931	;# 
  4515   000F5C                     RXB1D6          equ	3932	;# 
  4516   000F5D                     RXB1D7          equ	3933	;# 
  4517   000F5E                     CANSTAT_RO0     equ	3934	;# 
  4518   000F5F                     CANCON_RO0      equ	3935	;# 
  4519   000F60                     RXB0CON         equ	3936	;# 
  4520   000F61                     RXB0SIDH        equ	3937	;# 
  4521   000F62                     RXB0SIDL        equ	3938	;# 
  4522   000F63                     RXB0EIDH        equ	3939	;# 
  4523   000F64                     RXB0EIDL        equ	3940	;# 
  4524   000F65                     RXB0DLC         equ	3941	;# 
  4525   000F66                     RXB0D0          equ	3942	;# 
  4526   000F67                     RXB0D1          equ	3943	;# 
  4527   000F68                     RXB0D2          equ	3944	;# 
  4528   000F69                     RXB0D3          equ	3945	;# 
  4529   000F6A                     RXB0D4          equ	3946	;# 
  4530   000F6B                     RXB0D5          equ	3947	;# 
  4531   000F6C                     RXB0D6          equ	3948	;# 
  4532   000F6D                     RXB0D7          equ	3949	;# 
  4533   000F6E                     CANSTAT         equ	3950	;# 
  4534   000F6F                     CANCON          equ	3951	;# 
  4535   000F70                     BRGCON1         equ	3952	;# 
  4536   000F71                     BRGCON2         equ	3953	;# 
  4537   000F72                     BRGCON3         equ	3954	;# 
  4538   000F73                     CIOCON          equ	3955	;# 
  4539   000F74                     COMSTAT         equ	3956	;# 
  4540   000F75                     RXERRCNT        equ	3957	;# 
  4541   000F76                     TXERRCNT        equ	3958	;# 
  4542   000F77                     ECANCON         equ	3959	;# 
  4543   000F80                     PORTA           equ	3968	;# 
  4544   000F81                     PORTB           equ	3969	;# 
  4545   000F82                     PORTC           equ	3970	;# 
  4546   000F83                     PORTD           equ	3971	;# 
  4547   000F84                     PORTE           equ	3972	;# 
  4548   000F89                     LATA            equ	3977	;# 
  4549   000F8A                     LATB            equ	3978	;# 
  4550   000F8B                     LATC            equ	3979	;# 
  4551   000F8C                     LATD            equ	3980	;# 
  4552   000F8D                     LATE            equ	3981	;# 
  4553   000F92                     TRISA           equ	3986	;# 
  4554   000F92                     DDRA            equ	3986	;# 
  4555   000F93                     TRISB           equ	3987	;# 
  4556   000F93                     DDRB            equ	3987	;# 
  4557   000F94                     TRISC           equ	3988	;# 
  4558   000F94                     DDRC            equ	3988	;# 
  4559   000F95                     TRISD           equ	3989	;# 
  4560   000F95                     DDRD            equ	3989	;# 
  4561   000F96                     TRISE           equ	3990	;# 
  4562   000F96                     DDRE            equ	3990	;# 
  4563   000F9B                     OSCTUNE         equ	3995	;# 
  4564   000F9D                     PIE1            equ	3997	;# 
  4565   000F9E                     PIR1            equ	3998	;# 
  4566   000F9F                     IPR1            equ	3999	;# 
  4567   000FA0                     PIE2            equ	4000	;# 
  4568   000FA1                     PIR2            equ	4001	;# 
  4569   000FA2                     IPR2            equ	4002	;# 
  4570   000FA3                     PIE3            equ	4003	;# 
  4571   000FA4                     PIR3            equ	4004	;# 
  4572   000FA5                     IPR3            equ	4005	;# 
  4573   000FA6                     EECON1          equ	4006	;# 
  4574   000FA7                     EECON2          equ	4007	;# 
  4575   000FA8                     EEDATA          equ	4008	;# 
  4576   000FA9                     EEADR           equ	4009	;# 
  4577   000FAB                     RCSTA           equ	4011	;# 
  4578   000FAB                     RCSTA1          equ	4011	;# 
  4579   000FAC                     TXSTA           equ	4012	;# 
  4580   000FAC                     TXSTA1          equ	4012	;# 
  4581   000FAD                     TXREG           equ	4013	;# 
  4582   000FAD                     TXREG1          equ	4013	;# 
  4583   000FAE                     RCREG           equ	4014	;# 
  4584   000FAE                     RCREG1          equ	4014	;# 
  4585   000FAF                     SPBRG           equ	4015	;# 
  4586   000FAF                     SPBRG1          equ	4015	;# 
  4587   000FB0                     SPBRGH          equ	4016	;# 
  4588   000FB1                     T3CON           equ	4017	;# 
  4589   000FB2                     TMR3            equ	4018	;# 
  4590   000FB2                     TMR3L           equ	4018	;# 
  4591   000FB3                     TMR3H           equ	4019	;# 
  4592   000FB4                     CMCON           equ	4020	;# 
  4593   000FB5                     CVRCON          equ	4021	;# 
  4594   000FB6                     ECCP1AS         equ	4022	;# 
  4595   000FB7                     ECCP1DEL        equ	4023	;# 
  4596   000FB8                     BAUDCON         equ	4024	;# 
  4597   000FB8                     BAUDCTL         equ	4024	;# 
  4598   000FBA                     ECCP1CON        equ	4026	;# 
  4599   000FBB                     ECCPR1          equ	4027	;# 
  4600   000FBB                     ECCPR1L         equ	4027	;# 
  4601   000FBC                     ECCPR1H         equ	4028	;# 
  4602   000FBD                     CCP1CON         equ	4029	;# 
  4603   000FBE                     CCPR1           equ	4030	;# 
  4604   000FBE                     CCPR1L          equ	4030	;# 
  4605   000FBF                     CCPR1H          equ	4031	;# 
  4606   000FC0                     ADCON2          equ	4032	;# 
  4607   000FC1                     ADCON1          equ	4033	;# 
  4608   000FC2                     ADCON0          equ	4034	;# 
  4609   000FC3                     ADRES           equ	4035	;# 
  4610   000FC3                     ADRESL          equ	4035	;# 
  4611   000FC4                     ADRESH          equ	4036	;# 
  4612   000FC5                     SSPCON2         equ	4037	;# 
  4613   000FC6                     SSPCON1         equ	4038	;# 
  4614   000FC7                     SSPSTAT         equ	4039	;# 
  4615   000FC8                     SSPADD          equ	4040	;# 
  4616   000FC9                     SSPBUF          equ	4041	;# 
  4617   000FCA                     T2CON           equ	4042	;# 
  4618   000FCB                     PR2             equ	4043	;# 
  4619   000FCB                     MEMCON          equ	4043	;# 
  4620   000FCC                     TMR2            equ	4044	;# 
  4621   000FCD                     T1CON           equ	4045	;# 
  4622   000FCE                     TMR1            equ	4046	;# 
  4623   000FCE                     TMR1L           equ	4046	;# 
  4624   000FCF                     TMR1H           equ	4047	;# 
  4625   000FD0                     RCON            equ	4048	;# 
  4626   000FD1                     WDTCON          equ	4049	;# 
  4627   000FD2                     HLVDCON         equ	4050	;# 
  4628   000FD2                     LVDCON          equ	4050	;# 
  4629   000FD3                     OSCCON          equ	4051	;# 
  4630   000FD5                     T0CON           equ	4053	;# 
  4631   000FD6                     TMR0            equ	4054	;# 
  4632   000FD6                     TMR0L           equ	4054	;# 
  4633   000FD7                     TMR0H           equ	4055	;# 
  4634   000FD8                     STATUS          equ	4056	;# 
  4635   000FD9                     FSR2            equ	4057	;# 
  4636   000FD9                     FSR2L           equ	4057	;# 
  4637   000FDA                     FSR2H           equ	4058	;# 
  4638   000FDB                     PLUSW2          equ	4059	;# 
  4639   000FDC                     PREINC2         equ	4060	;# 
  4640   000FDD                     POSTDEC2        equ	4061	;# 
  4641   000FDE                     POSTINC2        equ	4062	;# 
  4642   000FDF                     INDF2           equ	4063	;# 
  4643   000FE0                     BSR             equ	4064	;# 
  4644   000FE1                     FSR1            equ	4065	;# 
  4645   000FE1                     FSR1L           equ	4065	;# 
  4646   000FE2                     FSR1H           equ	4066	;# 
  4647   000FE3                     PLUSW1          equ	4067	;# 
  4648   000FE4                     PREINC1         equ	4068	;# 
  4649   000FE5                     POSTDEC1        equ	4069	;# 
  4650   000FE6                     POSTINC1        equ	4070	;# 
  4651   000FE7                     INDF1           equ	4071	;# 
  4652   000FE8                     WREG            equ	4072	;# 
  4653   000FE9                     FSR0            equ	4073	;# 
  4654   000FE9                     FSR0L           equ	4073	;# 
  4655   000FEA                     FSR0H           equ	4074	;# 
  4656   000FEB                     PLUSW0          equ	4075	;# 
  4657   000FEC                     PREINC0         equ	4076	;# 
  4658   000FED                     POSTDEC0        equ	4077	;# 
  4659   000FEE                     POSTINC0        equ	4078	;# 
  4660   000FEF                     INDF0           equ	4079	;# 
  4661   000FF0                     INTCON3         equ	4080	;# 
  4662   000FF1                     INTCON2         equ	4081	;# 
  4663   000FF2                     INTCON          equ	4082	;# 
  4664   000FF3                     PROD            equ	4083	;# 
  4665   000FF3                     PRODL           equ	4083	;# 
  4666   000FF4                     PRODH           equ	4084	;# 
  4667   000FF5                     TABLAT          equ	4085	;# 
  4668   000FF6                     TBLPTR          equ	4086	;# 
  4669   000FF6                     TBLPTRL         equ	4086	;# 
  4670   000FF7                     TBLPTRH         equ	4087	;# 
  4671   000FF8                     TBLPTRU         equ	4088	;# 
  4672   000FF9                     PCLAT           equ	4089	;# 
  4673   000FF9                     PC              equ	4089	;# 
  4674   000FF9                     PCL             equ	4089	;# 
  4675   000FFA                     PCLATH          equ	4090	;# 
  4676   000FFB                     PCLATU          equ	4091	;# 
  4677   000FFC                     STKPTR          equ	4092	;# 
  4678   000FFD                     TOS             equ	4093	;# 
  4679   000FFD                     TOSL            equ	4093	;# 
  4680   000FFE                     TOSH            equ	4094	;# 
  4681   000FFF                     TOSU            equ	4095	;# 
  4682   000D60                     RXF6SIDH        equ	3424	;# 
  4683   000D61                     RXF6SIDL        equ	3425	;# 
  4684   000D62                     RXF6EIDH        equ	3426	;# 
  4685   000D63                     RXF6EIDL        equ	3427	;# 
  4686   000D64                     RXF7SIDH        equ	3428	;# 
  4687   000D65                     RXF7SIDL        equ	3429	;# 
  4688   000D66                     RXF7EIDH        equ	3430	;# 
  4689   000D67                     RXF7EIDL        equ	3431	;# 
  4690   000D68                     RXF8SIDH        equ	3432	;# 
  4691   000D69                     RXF8SIDL        equ	3433	;# 
  4692   000D6A                     RXF8EIDH        equ	3434	;# 
  4693   000D6B                     RXF8EIDL        equ	3435	;# 
  4694   000D70                     RXF9SIDH        equ	3440	;# 
  4695   000D71                     RXF9SIDL        equ	3441	;# 
  4696   000D72                     RXF9EIDH        equ	3442	;# 
  4697   000D73                     RXF9EIDL        equ	3443	;# 
  4698   000D74                     RXF10SIDH       equ	3444	;# 
  4699   000D75                     RXF10SIDL       equ	3445	;# 
  4700   000D76                     RXF10EIDH       equ	3446	;# 
  4701   000D77                     RXF10EIDL       equ	3447	;# 
  4702   000D78                     RXF11SIDH       equ	3448	;# 
  4703   000D79                     RXF11SIDL       equ	3449	;# 
  4704   000D7A                     RXF11EIDH       equ	3450	;# 
  4705   000D7B                     RXF11EIDL       equ	3451	;# 
  4706   000D80                     RXF12SIDH       equ	3456	;# 
  4707   000D81                     RXF12SIDL       equ	3457	;# 
  4708   000D82                     RXF12EIDH       equ	3458	;# 
  4709   000D83                     RXF12EIDL       equ	3459	;# 
  4710   000D84                     RXF13SIDH       equ	3460	;# 
  4711   000D85                     RXF13SIDL       equ	3461	;# 
  4712   000D86                     RXF13EIDH       equ	3462	;# 
  4713   000D87                     RXF13EIDL       equ	3463	;# 
  4714   000D88                     RXF14SIDH       equ	3464	;# 
  4715   000D89                     RXF14SIDL       equ	3465	;# 
  4716   000D8A                     RXF14EIDH       equ	3466	;# 
  4717   000D8B                     RXF14EIDL       equ	3467	;# 
  4718   000D90                     RXF15SIDH       equ	3472	;# 
  4719   000D91                     RXF15SIDL       equ	3473	;# 
  4720   000D92                     RXF15EIDH       equ	3474	;# 
  4721   000D93                     RXF15EIDL       equ	3475	;# 
  4722   000DD4                     RXFCON0         equ	3540	;# 
  4723   000DD5                     RXFCON1         equ	3541	;# 
  4724   000DD8                     SDFLC           equ	3544	;# 
  4725   000DE0                     RXFBCON0        equ	3552	;# 
  4726   000DE1                     RXFBCON1        equ	3553	;# 
  4727   000DE2                     RXFBCON2        equ	3554	;# 
  4728   000DE3                     RXFBCON3        equ	3555	;# 
  4729   000DE4                     RXFBCON4        equ	3556	;# 
  4730   000DE5                     RXFBCON5        equ	3557	;# 
  4731   000DE6                     RXFBCON6        equ	3558	;# 
  4732   000DE7                     RXFBCON7        equ	3559	;# 
  4733   000DF0                     MSEL0           equ	3568	;# 
  4734   000DF1                     MSEL1           equ	3569	;# 
  4735   000DF2                     MSEL2           equ	3570	;# 
  4736   000DF3                     MSEL3           equ	3571	;# 
  4737   000DF8                     BSEL0           equ	3576	;# 
  4738   000DFA                     BIE0            equ	3578	;# 
  4739   000DFC                     TXBIE           equ	3580	;# 
  4740   000E20                     B0CON           equ	3616	;# 
  4741   000E21                     B0SIDH          equ	3617	;# 
  4742   000E22                     B0SIDL          equ	3618	;# 
  4743   000E23                     B0EIDH          equ	3619	;# 
  4744   000E24                     B0EIDL          equ	3620	;# 
  4745   000E25                     B0DLC           equ	3621	;# 
  4746   000E26                     B0D0            equ	3622	;# 
  4747   000E27                     B0D1            equ	3623	;# 
  4748   000E28                     B0D2            equ	3624	;# 
  4749   000E29                     B0D3            equ	3625	;# 
  4750   000E2A                     B0D4            equ	3626	;# 
  4751   000E2B                     B0D5            equ	3627	;# 
  4752   000E2C                     B0D6            equ	3628	;# 
  4753   000E2D                     B0D7            equ	3629	;# 
  4754   000E2E                     CANSTAT_RO9     equ	3630	;# 
  4755   000E2F                     CANCON_RO9      equ	3631	;# 
  4756   000E30                     B1CON           equ	3632	;# 
  4757   000E31                     B1SIDH          equ	3633	;# 
  4758   000E32                     B1SIDL          equ	3634	;# 
  4759   000E33                     B1EIDH          equ	3635	;# 
  4760   000E34                     B1EIDL          equ	3636	;# 
  4761   000E35                     B1DLC           equ	3637	;# 
  4762   000E36                     B1D0            equ	3638	;# 
  4763   000E37                     B1D1            equ	3639	;# 
  4764   000E38                     B1D2            equ	3640	;# 
  4765   000E39                     B1D3            equ	3641	;# 
  4766   000E3A                     B1D4            equ	3642	;# 
  4767   000E3B                     B1D5            equ	3643	;# 
  4768   000E3C                     B1D6            equ	3644	;# 
  4769   000E3D                     B1D7            equ	3645	;# 
  4770   000E3E                     CANSTAT_RO8     equ	3646	;# 
  4771   000E3F                     CANCON_RO8      equ	3647	;# 
  4772   000E40                     B2CON           equ	3648	;# 
  4773   000E41                     B2SIDH          equ	3649	;# 
  4774   000E42                     B2SIDL          equ	3650	;# 
  4775   000E43                     B2EIDH          equ	3651	;# 
  4776   000E44                     B2EIDL          equ	3652	;# 
  4777   000E45                     B2DLC           equ	3653	;# 
  4778   000E46                     B2D0            equ	3654	;# 
  4779   000E47                     B2D1            equ	3655	;# 
  4780   000E48                     B2D2            equ	3656	;# 
  4781   000E49                     B2D3            equ	3657	;# 
  4782   000E4A                     B2D4            equ	3658	;# 
  4783   000E4B                     B2D5            equ	3659	;# 
  4784   000E4C                     B2D6            equ	3660	;# 
  4785   000E4D                     B2D7            equ	3661	;# 
  4786   000E4E                     CANSTAT_RO7     equ	3662	;# 
  4787   000E4F                     CANCON_RO7      equ	3663	;# 
  4788   000E50                     B3CON           equ	3664	;# 
  4789   000E51                     B3SIDH          equ	3665	;# 
  4790   000E52                     B3SIDL          equ	3666	;# 
  4791   000E53                     B3EIDH          equ	3667	;# 
  4792   000E54                     B3EIDL          equ	3668	;# 
  4793   000E55                     B3DLC           equ	3669	;# 
  4794   000E56                     B3D0            equ	3670	;# 
  4795   000E57                     B3D1            equ	3671	;# 
  4796   000E58                     B3D2            equ	3672	;# 
  4797   000E59                     B3D3            equ	3673	;# 
  4798   000E5A                     B3D4            equ	3674	;# 
  4799   000E5B                     B3D5            equ	3675	;# 
  4800   000E5C                     B3D6            equ	3676	;# 
  4801   000E5D                     B3D7            equ	3677	;# 
  4802   000E5E                     CANSTAT_RO6     equ	3678	;# 
  4803   000E5F                     CANCON_RO6      equ	3679	;# 
  4804   000E60                     B4CON           equ	3680	;# 
  4805   000E61                     B4SIDH          equ	3681	;# 
  4806   000E62                     B4SIDL          equ	3682	;# 
  4807   000E63                     B4EIDH          equ	3683	;# 
  4808   000E64                     B4EIDL          equ	3684	;# 
  4809   000E65                     B4DLC           equ	3685	;# 
  4810   000E66                     B4D0            equ	3686	;# 
  4811   000E67                     B4D1            equ	3687	;# 
  4812   000E68                     B4D2            equ	3688	;# 
  4813   000E69                     B4D3            equ	3689	;# 
  4814   000E6A                     B4D4            equ	3690	;# 
  4815   000E6B                     B4D5            equ	3691	;# 
  4816   000E6C                     B4D6            equ	3692	;# 
  4817   000E6D                     B4D7            equ	3693	;# 
  4818   000E6E                     CANSTAT_RO5     equ	3694	;# 
  4819   000E6F                     CANCON_RO5      equ	3695	;# 
  4820   000E70                     B5CON           equ	3696	;# 
  4821   000E71                     B5SIDH          equ	3697	;# 
  4822   000E72                     B5SIDL          equ	3698	;# 
  4823   000E73                     B5EIDH          equ	3699	;# 
  4824   000E74                     B5EIDL          equ	3700	;# 
  4825   000E75                     B5DLC           equ	3701	;# 
  4826   000E76                     B5D0            equ	3702	;# 
  4827   000E77                     B5D1            equ	3703	;# 
  4828   000E78                     B5D2            equ	3704	;# 
  4829   000E79                     B5D3            equ	3705	;# 
  4830   000E7A                     B5D4            equ	3706	;# 
  4831   000E7B                     B5D5            equ	3707	;# 
  4832   000E7C                     B5D6            equ	3708	;# 
  4833   000E7D                     B5D7            equ	3709	;# 
  4834   000E7E                     CANSTAT_RO4     equ	3710	;# 
  4835   000E7F                     CANCON_RO4      equ	3711	;# 
  4836   000F00                     RXF0SIDH        equ	3840	;# 
  4837   000F01                     RXF0SIDL        equ	3841	;# 
  4838   000F02                     RXF0EIDH        equ	3842	;# 
  4839   000F03                     RXF0EIDL        equ	3843	;# 
  4840   000F04                     RXF1SIDH        equ	3844	;# 
  4841   000F05                     RXF1SIDL        equ	3845	;# 
  4842   000F06                     RXF1EIDH        equ	3846	;# 
  4843   000F07                     RXF1EIDL        equ	3847	;# 
  4844   000F08                     RXF2SIDH        equ	3848	;# 
  4845   000F09                     RXF2SIDL        equ	3849	;# 
  4846   000F0A                     RXF2EIDH        equ	3850	;# 
  4847   000F0B                     RXF2EIDL        equ	3851	;# 
  4848   000F0C                     RXF3SIDH        equ	3852	;# 
  4849   000F0D                     RXF3SIDL        equ	3853	;# 
  4850   000F0E                     RXF3EIDH        equ	3854	;# 
  4851   000F0F                     RXF3EIDL        equ	3855	;# 
  4852   000F10                     RXF4SIDH        equ	3856	;# 
  4853   000F11                     RXF4SIDL        equ	3857	;# 
  4854   000F12                     RXF4EIDH        equ	3858	;# 
  4855   000F13                     RXF4EIDL        equ	3859	;# 
  4856   000F14                     RXF5SIDH        equ	3860	;# 
  4857   000F15                     RXF5SIDL        equ	3861	;# 
  4858   000F16                     RXF5EIDH        equ	3862	;# 
  4859   000F17                     RXF5EIDL        equ	3863	;# 
  4860   000F18                     RXM0SIDH        equ	3864	;# 
  4861   000F19                     RXM0SIDL        equ	3865	;# 
  4862   000F1A                     RXM0EIDH        equ	3866	;# 
  4863   000F1B                     RXM0EIDL        equ	3867	;# 
  4864   000F1C                     RXM1SIDH        equ	3868	;# 
  4865   000F1D                     RXM1SIDL        equ	3869	;# 
  4866   000F1E                     RXM1EIDH        equ	3870	;# 
  4867   000F1F                     RXM1EIDL        equ	3871	;# 
  4868   000F20                     TXB2CON         equ	3872	;# 
  4869   000F21                     TXB2SIDH        equ	3873	;# 
  4870   000F22                     TXB2SIDL        equ	3874	;# 
  4871   000F23                     TXB2EIDH        equ	3875	;# 
  4872   000F24                     TXB2EIDL        equ	3876	;# 
  4873   000F25                     TXB2DLC         equ	3877	;# 
  4874   000F26                     TXB2D0          equ	3878	;# 
  4875   000F27                     TXB2D1          equ	3879	;# 
  4876   000F28                     TXB2D2          equ	3880	;# 
  4877   000F29                     TXB2D3          equ	3881	;# 
  4878   000F2A                     TXB2D4          equ	3882	;# 
  4879   000F2B                     TXB2D5          equ	3883	;# 
  4880   000F2C                     TXB2D6          equ	3884	;# 
  4881   000F2D                     TXB2D7          equ	3885	;# 
  4882   000F2E                     CANSTAT_RO3     equ	3886	;# 
  4883   000F2F                     CANCON_RO3      equ	3887	;# 
  4884   000F30                     TXB1CON         equ	3888	;# 
  4885   000F31                     TXB1SIDH        equ	3889	;# 
  4886   000F32                     TXB1SIDL        equ	3890	;# 
  4887   000F33                     TXB1EIDH        equ	3891	;# 
  4888   000F34                     TXB1EIDL        equ	3892	;# 
  4889   000F35                     TXB1DLC         equ	3893	;# 
  4890   000F36                     TXB1D0          equ	3894	;# 
  4891   000F37                     TXB1D1          equ	3895	;# 
  4892   000F38                     TXB1D2          equ	3896	;# 
  4893   000F39                     TXB1D3          equ	3897	;# 
  4894   000F3A                     TXB1D4          equ	3898	;# 
  4895   000F3B                     TXB1D5          equ	3899	;# 
  4896   000F3C                     TXB1D6          equ	3900	;# 
  4897   000F3D                     TXB1D7          equ	3901	;# 
  4898   000F3E                     CANSTAT_RO2     equ	3902	;# 
  4899   000F3F                     CANCON_RO2      equ	3903	;# 
  4900   000F40                     TXB0CON         equ	3904	;# 
  4901   000F41                     TXB0SIDH        equ	3905	;# 
  4902   000F42                     TXB0SIDL        equ	3906	;# 
  4903   000F43                     TXB0EIDH        equ	3907	;# 
  4904   000F44                     TXB0EIDL        equ	3908	;# 
  4905   000F45                     TXB0DLC         equ	3909	;# 
  4906   000F46                     TXB0D0          equ	3910	;# 
  4907   000F47                     TXB0D1          equ	3911	;# 
  4908   000F48                     TXB0D2          equ	3912	;# 
  4909   000F49                     TXB0D3          equ	3913	;# 
  4910   000F4A                     TXB0D4          equ	3914	;# 
  4911   000F4B                     TXB0D5          equ	3915	;# 
  4912   000F4C                     TXB0D6          equ	3916	;# 
  4913   000F4D                     TXB0D7          equ	3917	;# 
  4914   000F4E                     CANSTAT_RO1     equ	3918	;# 
  4915   000F4F                     CANCON_RO1      equ	3919	;# 
  4916   000F50                     RXB1CON         equ	3920	;# 
  4917   000F51                     RXB1SIDH        equ	3921	;# 
  4918   000F52                     RXB1SIDL        equ	3922	;# 
  4919   000F53                     RXB1EIDH        equ	3923	;# 
  4920   000F54                     RXB1EIDL        equ	3924	;# 
  4921   000F55                     RXB1DLC         equ	3925	;# 
  4922   000F56                     RXB1D0          equ	3926	;# 
  4923   000F57                     RXB1D1          equ	3927	;# 
  4924   000F58                     RXB1D2          equ	3928	;# 
  4925   000F59                     RXB1D3          equ	3929	;# 
  4926   000F5A                     RXB1D4          equ	3930	;# 
  4927   000F5B                     RXB1D5          equ	3931	;# 
  4928   000F5C                     RXB1D6          equ	3932	;# 
  4929   000F5D                     RXB1D7          equ	3933	;# 
  4930   000F5E                     CANSTAT_RO0     equ	3934	;# 
  4931   000F5F                     CANCON_RO0      equ	3935	;# 
  4932   000F60                     RXB0CON         equ	3936	;# 
  4933   000F61                     RXB0SIDH        equ	3937	;# 
  4934   000F62                     RXB0SIDL        equ	3938	;# 
  4935   000F63                     RXB0EIDH        equ	3939	;# 
  4936   000F64                     RXB0EIDL        equ	3940	;# 
  4937   000F65                     RXB0DLC         equ	3941	;# 
  4938   000F66                     RXB0D0          equ	3942	;# 
  4939   000F67                     RXB0D1          equ	3943	;# 
  4940   000F68                     RXB0D2          equ	3944	;# 
  4941   000F69                     RXB0D3          equ	3945	;# 
  4942   000F6A                     RXB0D4          equ	3946	;# 
  4943   000F6B                     RXB0D5          equ	3947	;# 
  4944   000F6C                     RXB0D6          equ	3948	;# 
  4945   000F6D                     RXB0D7          equ	3949	;# 
  4946   000F6E                     CANSTAT         equ	3950	;# 
  4947   000F6F                     CANCON          equ	3951	;# 
  4948   000F70                     BRGCON1         equ	3952	;# 
  4949   000F71                     BRGCON2         equ	3953	;# 
  4950   000F72                     BRGCON3         equ	3954	;# 
  4951   000F73                     CIOCON          equ	3955	;# 
  4952   000F74                     COMSTAT         equ	3956	;# 
  4953   000F75                     RXERRCNT        equ	3957	;# 
  4954   000F76                     TXERRCNT        equ	3958	;# 
  4955   000F77                     ECANCON         equ	3959	;# 
  4956   000F80                     PORTA           equ	3968	;# 
  4957   000F81                     PORTB           equ	3969	;# 
  4958   000F82                     PORTC           equ	3970	;# 
  4959   000F83                     PORTD           equ	3971	;# 
  4960   000F84                     PORTE           equ	3972	;# 
  4961   000F89                     LATA            equ	3977	;# 
  4962   000F8A                     LATB            equ	3978	;# 
  4963   000F8B                     LATC            equ	3979	;# 
  4964   000F8C                     LATD            equ	3980	;# 
  4965   000F8D                     LATE            equ	3981	;# 
  4966   000F92                     TRISA           equ	3986	;# 
  4967   000F92                     DDRA            equ	3986	;# 
  4968   000F93                     TRISB           equ	3987	;# 
  4969   000F93                     DDRB            equ	3987	;# 
  4970   000F94                     TRISC           equ	3988	;# 
  4971   000F94                     DDRC            equ	3988	;# 
  4972   000F95                     TRISD           equ	3989	;# 
  4973   000F95                     DDRD            equ	3989	;# 
  4974   000F96                     TRISE           equ	3990	;# 
  4975   000F96                     DDRE            equ	3990	;# 
  4976   000F9B                     OSCTUNE         equ	3995	;# 
  4977   000F9D                     PIE1            equ	3997	;# 
  4978   000F9E                     PIR1            equ	3998	;# 
  4979   000F9F                     IPR1            equ	3999	;# 
  4980   000FA0                     PIE2            equ	4000	;# 
  4981   000FA1                     PIR2            equ	4001	;# 
  4982   000FA2                     IPR2            equ	4002	;# 
  4983   000FA3                     PIE3            equ	4003	;# 
  4984   000FA4                     PIR3            equ	4004	;# 
  4985   000FA5                     IPR3            equ	4005	;# 
  4986   000FA6                     EECON1          equ	4006	;# 
  4987   000FA7                     EECON2          equ	4007	;# 
  4988   000FA8                     EEDATA          equ	4008	;# 
  4989   000FA9                     EEADR           equ	4009	;# 
  4990   000FAB                     RCSTA           equ	4011	;# 
  4991   000FAB                     RCSTA1          equ	4011	;# 
  4992   000FAC                     TXSTA           equ	4012	;# 
  4993   000FAC                     TXSTA1          equ	4012	;# 
  4994   000FAD                     TXREG           equ	4013	;# 
  4995   000FAD                     TXREG1          equ	4013	;# 
  4996   000FAE                     RCREG           equ	4014	;# 
  4997   000FAE                     RCREG1          equ	4014	;# 
  4998   000FAF                     SPBRG           equ	4015	;# 
  4999   000FAF                     SPBRG1          equ	4015	;# 
  5000   000FB0                     SPBRGH          equ	4016	;# 
  5001   000FB1                     T3CON           equ	4017	;# 
  5002   000FB2                     TMR3            equ	4018	;# 
  5003   000FB2                     TMR3L           equ	4018	;# 
  5004   000FB3                     TMR3H           equ	4019	;# 
  5005   000FB4                     CMCON           equ	4020	;# 
  5006   000FB5                     CVRCON          equ	4021	;# 
  5007   000FB6                     ECCP1AS         equ	4022	;# 
  5008   000FB7                     ECCP1DEL        equ	4023	;# 
  5009   000FB8                     BAUDCON         equ	4024	;# 
  5010   000FB8                     BAUDCTL         equ	4024	;# 
  5011   000FBA                     ECCP1CON        equ	4026	;# 
  5012   000FBB                     ECCPR1          equ	4027	;# 
  5013   000FBB                     ECCPR1L         equ	4027	;# 
  5014   000FBC                     ECCPR1H         equ	4028	;# 
  5015   000FBD                     CCP1CON         equ	4029	;# 
  5016   000FBE                     CCPR1           equ	4030	;# 
  5017   000FBE                     CCPR1L          equ	4030	;# 
  5018   000FBF                     CCPR1H          equ	4031	;# 
  5019   000FC0                     ADCON2          equ	4032	;# 
  5020   000FC1                     ADCON1          equ	4033	;# 
  5021   000FC2                     ADCON0          equ	4034	;# 
  5022   000FC3                     ADRES           equ	4035	;# 
  5023   000FC3                     ADRESL          equ	4035	;# 
  5024   000FC4                     ADRESH          equ	4036	;# 
  5025   000FC5                     SSPCON2         equ	4037	;# 
  5026   000FC6                     SSPCON1         equ	4038	;# 
  5027   000FC7                     SSPSTAT         equ	4039	;# 
  5028   000FC8                     SSPADD          equ	4040	;# 
  5029   000FC9                     SSPBUF          equ	4041	;# 
  5030   000FCA                     T2CON           equ	4042	;# 
  5031   000FCB                     PR2             equ	4043	;# 
  5032   000FCB                     MEMCON          equ	4043	;# 
  5033   000FCC                     TMR2            equ	4044	;# 
  5034   000FCD                     T1CON           equ	4045	;# 
  5035   000FCE                     TMR1            equ	4046	;# 
  5036   000FCE                     TMR1L           equ	4046	;# 
  5037   000FCF                     TMR1H           equ	4047	;# 
  5038   000FD0                     RCON            equ	4048	;# 
  5039   000FD1                     WDTCON          equ	4049	;# 
  5040   000FD2                     HLVDCON         equ	4050	;# 
  5041   000FD2                     LVDCON          equ	4050	;# 
  5042   000FD3                     OSCCON          equ	4051	;# 
  5043   000FD5                     T0CON           equ	4053	;# 
  5044   000FD6                     TMR0            equ	4054	;# 
  5045   000FD6                     TMR0L           equ	4054	;# 
  5046   000FD7                     TMR0H           equ	4055	;# 
  5047   000FD8                     STATUS          equ	4056	;# 
  5048   000FD9                     FSR2            equ	4057	;# 
  5049   000FD9                     FSR2L           equ	4057	;# 
  5050   000FDA                     FSR2H           equ	4058	;# 
  5051   000FDB                     PLUSW2          equ	4059	;# 
  5052   000FDC                     PREINC2         equ	4060	;# 
  5053   000FDD                     POSTDEC2        equ	4061	;# 
  5054   000FDE                     POSTINC2        equ	4062	;# 
  5055   000FDF                     INDF2           equ	4063	;# 
  5056   000FE0                     BSR             equ	4064	;# 
  5057   000FE1                     FSR1            equ	4065	;# 
  5058   000FE1                     FSR1L           equ	4065	;# 
  5059   000FE2                     FSR1H           equ	4066	;# 
  5060   000FE3                     PLUSW1          equ	4067	;# 
  5061   000FE4                     PREINC1         equ	4068	;# 
  5062   000FE5                     POSTDEC1        equ	4069	;# 
  5063   000FE6                     POSTINC1        equ	4070	;# 
  5064   000FE7                     INDF1           equ	4071	;# 
  5065   000FE8                     WREG            equ	4072	;# 
  5066   000FE9                     FSR0            equ	4073	;# 
  5067   000FE9                     FSR0L           equ	4073	;# 
  5068   000FEA                     FSR0H           equ	4074	;# 
  5069   000FEB                     PLUSW0          equ	4075	;# 
  5070   000FEC                     PREINC0         equ	4076	;# 
  5071   000FED                     POSTDEC0        equ	4077	;# 
  5072   000FEE                     POSTINC0        equ	4078	;# 
  5073   000FEF                     INDF0           equ	4079	;# 
  5074   000FF0                     INTCON3         equ	4080	;# 
  5075   000FF1                     INTCON2         equ	4081	;# 
  5076   000FF2                     INTCON          equ	4082	;# 
  5077   000FF3                     PROD            equ	4083	;# 
  5078   000FF3                     PRODL           equ	4083	;# 
  5079   000FF4                     PRODH           equ	4084	;# 
  5080   000FF5                     TABLAT          equ	4085	;# 
  5081   000FF6                     TBLPTR          equ	4086	;# 
  5082   000FF6                     TBLPTRL         equ	4086	;# 
  5083   000FF7                     TBLPTRH         equ	4087	;# 
  5084   000FF8                     TBLPTRU         equ	4088	;# 
  5085   000FF9                     PCLAT           equ	4089	;# 
  5086   000FF9                     PC              equ	4089	;# 
  5087   000FF9                     PCL             equ	4089	;# 
  5088   000FFA                     PCLATH          equ	4090	;# 
  5089   000FFB                     PCLATU          equ	4091	;# 
  5090   000FFC                     STKPTR          equ	4092	;# 
  5091   000FFD                     TOS             equ	4093	;# 
  5092   000FFD                     TOSL            equ	4093	;# 
  5093   000FFE                     TOSH            equ	4094	;# 
  5094   000FFF                     TOSU            equ	4095	;# 
  5095   000D60                     RXF6SIDH        equ	3424	;# 
  5096   000D61                     RXF6SIDL        equ	3425	;# 
  5097   000D62                     RXF6EIDH        equ	3426	;# 
  5098   000D63                     RXF6EIDL        equ	3427	;# 
  5099   000D64                     RXF7SIDH        equ	3428	;# 
  5100   000D65                     RXF7SIDL        equ	3429	;# 
  5101   000D66                     RXF7EIDH        equ	3430	;# 
  5102   000D67                     RXF7EIDL        equ	3431	;# 
  5103   000D68                     RXF8SIDH        equ	3432	;# 
  5104   000D69                     RXF8SIDL        equ	3433	;# 
  5105   000D6A                     RXF8EIDH        equ	3434	;# 
  5106   000D6B                     RXF8EIDL        equ	3435	;# 
  5107   000D70                     RXF9SIDH        equ	3440	;# 
  5108   000D71                     RXF9SIDL        equ	3441	;# 
  5109   000D72                     RXF9EIDH        equ	3442	;# 
  5110   000D73                     RXF9EIDL        equ	3443	;# 
  5111   000D74                     RXF10SIDH       equ	3444	;# 
  5112   000D75                     RXF10SIDL       equ	3445	;# 
  5113   000D76                     RXF10EIDH       equ	3446	;# 
  5114   000D77                     RXF10EIDL       equ	3447	;# 
  5115   000D78                     RXF11SIDH       equ	3448	;# 
  5116   000D79                     RXF11SIDL       equ	3449	;# 
  5117   000D7A                     RXF11EIDH       equ	3450	;# 
  5118   000D7B                     RXF11EIDL       equ	3451	;# 
  5119   000D80                     RXF12SIDH       equ	3456	;# 
  5120   000D81                     RXF12SIDL       equ	3457	;# 
  5121   000D82                     RXF12EIDH       equ	3458	;# 
  5122   000D83                     RXF12EIDL       equ	3459	;# 
  5123   000D84                     RXF13SIDH       equ	3460	;# 
  5124   000D85                     RXF13SIDL       equ	3461	;# 
  5125   000D86                     RXF13EIDH       equ	3462	;# 
  5126   000D87                     RXF13EIDL       equ	3463	;# 
  5127   000D88                     RXF14SIDH       equ	3464	;# 
  5128   000D89                     RXF14SIDL       equ	3465	;# 
  5129   000D8A                     RXF14EIDH       equ	3466	;# 
  5130   000D8B                     RXF14EIDL       equ	3467	;# 
  5131   000D90                     RXF15SIDH       equ	3472	;# 
  5132   000D91                     RXF15SIDL       equ	3473	;# 
  5133   000D92                     RXF15EIDH       equ	3474	;# 
  5134   000D93                     RXF15EIDL       equ	3475	;# 
  5135   000DD4                     RXFCON0         equ	3540	;# 
  5136   000DD5                     RXFCON1         equ	3541	;# 
  5137   000DD8                     SDFLC           equ	3544	;# 
  5138   000DE0                     RXFBCON0        equ	3552	;# 
  5139   000DE1                     RXFBCON1        equ	3553	;# 
  5140   000DE2                     RXFBCON2        equ	3554	;# 
  5141   000DE3                     RXFBCON3        equ	3555	;# 
  5142   000DE4                     RXFBCON4        equ	3556	;# 
  5143   000DE5                     RXFBCON5        equ	3557	;# 
  5144   000DE6                     RXFBCON6        equ	3558	;# 
  5145   000DE7                     RXFBCON7        equ	3559	;# 
  5146   000DF0                     MSEL0           equ	3568	;# 
  5147   000DF1                     MSEL1           equ	3569	;# 
  5148   000DF2                     MSEL2           equ	3570	;# 
  5149   000DF3                     MSEL3           equ	3571	;# 
  5150   000DF8                     BSEL0           equ	3576	;# 
  5151   000DFA                     BIE0            equ	3578	;# 
  5152   000DFC                     TXBIE           equ	3580	;# 
  5153   000E20                     B0CON           equ	3616	;# 
  5154   000E21                     B0SIDH          equ	3617	;# 
  5155   000E22                     B0SIDL          equ	3618	;# 
  5156   000E23                     B0EIDH          equ	3619	;# 
  5157   000E24                     B0EIDL          equ	3620	;# 
  5158   000E25                     B0DLC           equ	3621	;# 
  5159   000E26                     B0D0            equ	3622	;# 
  5160   000E27                     B0D1            equ	3623	;# 
  5161   000E28                     B0D2            equ	3624	;# 
  5162   000E29                     B0D3            equ	3625	;# 
  5163   000E2A                     B0D4            equ	3626	;# 
  5164   000E2B                     B0D5            equ	3627	;# 
  5165   000E2C                     B0D6            equ	3628	;# 
  5166   000E2D                     B0D7            equ	3629	;# 
  5167   000E2E                     CANSTAT_RO9     equ	3630	;# 
  5168   000E2F                     CANCON_RO9      equ	3631	;# 
  5169   000E30                     B1CON           equ	3632	;# 
  5170   000E31                     B1SIDH          equ	3633	;# 
  5171   000E32                     B1SIDL          equ	3634	;# 
  5172   000E33                     B1EIDH          equ	3635	;# 
  5173   000E34                     B1EIDL          equ	3636	;# 
  5174   000E35                     B1DLC           equ	3637	;# 
  5175   000E36                     B1D0            equ	3638	;# 
  5176   000E37                     B1D1            equ	3639	;# 
  5177   000E38                     B1D2            equ	3640	;# 
  5178   000E39                     B1D3            equ	3641	;# 
  5179   000E3A                     B1D4            equ	3642	;# 
  5180   000E3B                     B1D5            equ	3643	;# 
  5181   000E3C                     B1D6            equ	3644	;# 
  5182   000E3D                     B1D7            equ	3645	;# 
  5183   000E3E                     CANSTAT_RO8     equ	3646	;# 
  5184   000E3F                     CANCON_RO8      equ	3647	;# 
  5185   000E40                     B2CON           equ	3648	;# 
  5186   000E41                     B2SIDH          equ	3649	;# 
  5187   000E42                     B2SIDL          equ	3650	;# 
  5188   000E43                     B2EIDH          equ	3651	;# 
  5189   000E44                     B2EIDL          equ	3652	;# 
  5190   000E45                     B2DLC           equ	3653	;# 
  5191   000E46                     B2D0            equ	3654	;# 
  5192   000E47                     B2D1            equ	3655	;# 
  5193   000E48                     B2D2            equ	3656	;# 
  5194   000E49                     B2D3            equ	3657	;# 
  5195   000E4A                     B2D4            equ	3658	;# 
  5196   000E4B                     B2D5            equ	3659	;# 
  5197   000E4C                     B2D6            equ	3660	;# 
  5198   000E4D                     B2D7            equ	3661	;# 
  5199   000E4E                     CANSTAT_RO7     equ	3662	;# 
  5200   000E4F                     CANCON_RO7      equ	3663	;# 
  5201   000E50                     B3CON           equ	3664	;# 
  5202   000E51                     B3SIDH          equ	3665	;# 
  5203   000E52                     B3SIDL          equ	3666	;# 
  5204   000E53                     B3EIDH          equ	3667	;# 
  5205   000E54                     B3EIDL          equ	3668	;# 
  5206   000E55                     B3DLC           equ	3669	;# 
  5207   000E56                     B3D0            equ	3670	;# 
  5208   000E57                     B3D1            equ	3671	;# 
  5209   000E58                     B3D2            equ	3672	;# 
  5210   000E59                     B3D3            equ	3673	;# 
  5211   000E5A                     B3D4            equ	3674	;# 
  5212   000E5B                     B3D5            equ	3675	;# 
  5213   000E5C                     B3D6            equ	3676	;# 
  5214   000E5D                     B3D7            equ	3677	;# 
  5215   000E5E                     CANSTAT_RO6     equ	3678	;# 
  5216   000E5F                     CANCON_RO6      equ	3679	;# 
  5217   000E60                     B4CON           equ	3680	;# 
  5218   000E61                     B4SIDH          equ	3681	;# 
  5219   000E62                     B4SIDL          equ	3682	;# 
  5220   000E63                     B4EIDH          equ	3683	;# 
  5221   000E64                     B4EIDL          equ	3684	;# 
  5222   000E65                     B4DLC           equ	3685	;# 
  5223   000E66                     B4D0            equ	3686	;# 
  5224   000E67                     B4D1            equ	3687	;# 
  5225   000E68                     B4D2            equ	3688	;# 
  5226   000E69                     B4D3            equ	3689	;# 
  5227   000E6A                     B4D4            equ	3690	;# 
  5228   000E6B                     B4D5            equ	3691	;# 
  5229   000E6C                     B4D6            equ	3692	;# 
  5230   000E6D                     B4D7            equ	3693	;# 
  5231   000E6E                     CANSTAT_RO5     equ	3694	;# 
  5232   000E6F                     CANCON_RO5      equ	3695	;# 
  5233   000E70                     B5CON           equ	3696	;# 
  5234   000E71                     B5SIDH          equ	3697	;# 
  5235   000E72                     B5SIDL          equ	3698	;# 
  5236   000E73                     B5EIDH          equ	3699	;# 
  5237   000E74                     B5EIDL          equ	3700	;# 
  5238   000E75                     B5DLC           equ	3701	;# 
  5239   000E76                     B5D0            equ	3702	;# 
  5240   000E77                     B5D1            equ	3703	;# 
  5241   000E78                     B5D2            equ	3704	;# 
  5242   000E79                     B5D3            equ	3705	;# 
  5243   000E7A                     B5D4            equ	3706	;# 
  5244   000E7B                     B5D5            equ	3707	;# 
  5245   000E7C                     B5D6            equ	3708	;# 
  5246   000E7D                     B5D7            equ	3709	;# 
  5247   000E7E                     CANSTAT_RO4     equ	3710	;# 
  5248   000E7F                     CANCON_RO4      equ	3711	;# 
  5249   000F00                     RXF0SIDH        equ	3840	;# 
  5250   000F01                     RXF0SIDL        equ	3841	;# 
  5251   000F02                     RXF0EIDH        equ	3842	;# 
  5252   000F03                     RXF0EIDL        equ	3843	;# 
  5253   000F04                     RXF1SIDH        equ	3844	;# 
  5254   000F05                     RXF1SIDL        equ	3845	;# 
  5255   000F06                     RXF1EIDH        equ	3846	;# 
  5256   000F07                     RXF1EIDL        equ	3847	;# 
  5257   000F08                     RXF2SIDH        equ	3848	;# 
  5258   000F09                     RXF2SIDL        equ	3849	;# 
  5259   000F0A                     RXF2EIDH        equ	3850	;# 
  5260   000F0B                     RXF2EIDL        equ	3851	;# 
  5261   000F0C                     RXF3SIDH        equ	3852	;# 
  5262   000F0D                     RXF3SIDL        equ	3853	;# 
  5263   000F0E                     RXF3EIDH        equ	3854	;# 
  5264   000F0F                     RXF3EIDL        equ	3855	;# 
  5265   000F10                     RXF4SIDH        equ	3856	;# 
  5266   000F11                     RXF4SIDL        equ	3857	;# 
  5267   000F12                     RXF4EIDH        equ	3858	;# 
  5268   000F13                     RXF4EIDL        equ	3859	;# 
  5269   000F14                     RXF5SIDH        equ	3860	;# 
  5270   000F15                     RXF5SIDL        equ	3861	;# 
  5271   000F16                     RXF5EIDH        equ	3862	;# 
  5272   000F17                     RXF5EIDL        equ	3863	;# 
  5273   000F18                     RXM0SIDH        equ	3864	;# 
  5274   000F19                     RXM0SIDL        equ	3865	;# 
  5275   000F1A                     RXM0EIDH        equ	3866	;# 
  5276   000F1B                     RXM0EIDL        equ	3867	;# 
  5277   000F1C                     RXM1SIDH        equ	3868	;# 
  5278   000F1D                     RXM1SIDL        equ	3869	;# 
  5279   000F1E                     RXM1EIDH        equ	3870	;# 
  5280   000F1F                     RXM1EIDL        equ	3871	;# 
  5281   000F20                     TXB2CON         equ	3872	;# 
  5282   000F21                     TXB2SIDH        equ	3873	;# 
  5283   000F22                     TXB2SIDL        equ	3874	;# 
  5284   000F23                     TXB2EIDH        equ	3875	;# 
  5285   000F24                     TXB2EIDL        equ	3876	;# 
  5286   000F25                     TXB2DLC         equ	3877	;# 
  5287   000F26                     TXB2D0          equ	3878	;# 
  5288   000F27                     TXB2D1          equ	3879	;# 
  5289   000F28                     TXB2D2          equ	3880	;# 
  5290   000F29                     TXB2D3          equ	3881	;# 
  5291   000F2A                     TXB2D4          equ	3882	;# 
  5292   000F2B                     TXB2D5          equ	3883	;# 
  5293   000F2C                     TXB2D6          equ	3884	;# 
  5294   000F2D                     TXB2D7          equ	3885	;# 
  5295   000F2E                     CANSTAT_RO3     equ	3886	;# 
  5296   000F2F                     CANCON_RO3      equ	3887	;# 
  5297   000F30                     TXB1CON         equ	3888	;# 
  5298   000F31                     TXB1SIDH        equ	3889	;# 
  5299   000F32                     TXB1SIDL        equ	3890	;# 
  5300   000F33                     TXB1EIDH        equ	3891	;# 
  5301   000F34                     TXB1EIDL        equ	3892	;# 
  5302   000F35                     TXB1DLC         equ	3893	;# 
  5303   000F36                     TXB1D0          equ	3894	;# 
  5304   000F37                     TXB1D1          equ	3895	;# 
  5305   000F38                     TXB1D2          equ	3896	;# 
  5306   000F39                     TXB1D3          equ	3897	;# 
  5307   000F3A                     TXB1D4          equ	3898	;# 
  5308   000F3B                     TXB1D5          equ	3899	;# 
  5309   000F3C                     TXB1D6          equ	3900	;# 
  5310   000F3D                     TXB1D7          equ	3901	;# 
  5311   000F3E                     CANSTAT_RO2     equ	3902	;# 
  5312   000F3F                     CANCON_RO2      equ	3903	;# 
  5313   000F40                     TXB0CON         equ	3904	;# 
  5314   000F41                     TXB0SIDH        equ	3905	;# 
  5315   000F42                     TXB0SIDL        equ	3906	;# 
  5316   000F43                     TXB0EIDH        equ	3907	;# 
  5317   000F44                     TXB0EIDL        equ	3908	;# 
  5318   000F45                     TXB0DLC         equ	3909	;# 
  5319   000F46                     TXB0D0          equ	3910	;# 
  5320   000F47                     TXB0D1          equ	3911	;# 
  5321   000F48                     TXB0D2          equ	3912	;# 
  5322   000F49                     TXB0D3          equ	3913	;# 
  5323   000F4A                     TXB0D4          equ	3914	;# 
  5324   000F4B                     TXB0D5          equ	3915	;# 
  5325   000F4C                     TXB0D6          equ	3916	;# 
  5326   000F4D                     TXB0D7          equ	3917	;# 
  5327   000F4E                     CANSTAT_RO1     equ	3918	;# 
  5328   000F4F                     CANCON_RO1      equ	3919	;# 
  5329   000F50                     RXB1CON         equ	3920	;# 
  5330   000F51                     RXB1SIDH        equ	3921	;# 
  5331   000F52                     RXB1SIDL        equ	3922	;# 
  5332   000F53                     RXB1EIDH        equ	3923	;# 
  5333   000F54                     RXB1EIDL        equ	3924	;# 
  5334   000F55                     RXB1DLC         equ	3925	;# 
  5335   000F56                     RXB1D0          equ	3926	;# 
  5336   000F57                     RXB1D1          equ	3927	;# 
  5337   000F58                     RXB1D2          equ	3928	;# 
  5338   000F59                     RXB1D3          equ	3929	;# 
  5339   000F5A                     RXB1D4          equ	3930	;# 
  5340   000F5B                     RXB1D5          equ	3931	;# 
  5341   000F5C                     RXB1D6          equ	3932	;# 
  5342   000F5D                     RXB1D7          equ	3933	;# 
  5343   000F5E                     CANSTAT_RO0     equ	3934	;# 
  5344   000F5F                     CANCON_RO0      equ	3935	;# 
  5345   000F60                     RXB0CON         equ	3936	;# 
  5346   000F61                     RXB0SIDH        equ	3937	;# 
  5347   000F62                     RXB0SIDL        equ	3938	;# 
  5348   000F63                     RXB0EIDH        equ	3939	;# 
  5349   000F64                     RXB0EIDL        equ	3940	;# 
  5350   000F65                     RXB0DLC         equ	3941	;# 
  5351   000F66                     RXB0D0          equ	3942	;# 
  5352   000F67                     RXB0D1          equ	3943	;# 
  5353   000F68                     RXB0D2          equ	3944	;# 
  5354   000F69                     RXB0D3          equ	3945	;# 
  5355   000F6A                     RXB0D4          equ	3946	;# 
  5356   000F6B                     RXB0D5          equ	3947	;# 
  5357   000F6C                     RXB0D6          equ	3948	;# 
  5358   000F6D                     RXB0D7          equ	3949	;# 
  5359   000F6E                     CANSTAT         equ	3950	;# 
  5360   000F6F                     CANCON          equ	3951	;# 
  5361   000F70                     BRGCON1         equ	3952	;# 
  5362   000F71                     BRGCON2         equ	3953	;# 
  5363   000F72                     BRGCON3         equ	3954	;# 
  5364   000F73                     CIOCON          equ	3955	;# 
  5365   000F74                     COMSTAT         equ	3956	;# 
  5366   000F75                     RXERRCNT        equ	3957	;# 
  5367   000F76                     TXERRCNT        equ	3958	;# 
  5368   000F77                     ECANCON         equ	3959	;# 
  5369   000F80                     PORTA           equ	3968	;# 
  5370   000F81                     PORTB           equ	3969	;# 
  5371   000F82                     PORTC           equ	3970	;# 
  5372   000F83                     PORTD           equ	3971	;# 
  5373   000F84                     PORTE           equ	3972	;# 
  5374   000F89                     LATA            equ	3977	;# 
  5375   000F8A                     LATB            equ	3978	;# 
  5376   000F8B                     LATC            equ	3979	;# 
  5377   000F8C                     LATD            equ	3980	;# 
  5378   000F8D                     LATE            equ	3981	;# 
  5379   000F92                     TRISA           equ	3986	;# 
  5380   000F92                     DDRA            equ	3986	;# 
  5381   000F93                     TRISB           equ	3987	;# 
  5382   000F93                     DDRB            equ	3987	;# 
  5383   000F94                     TRISC           equ	3988	;# 
  5384   000F94                     DDRC            equ	3988	;# 
  5385   000F95                     TRISD           equ	3989	;# 
  5386   000F95                     DDRD            equ	3989	;# 
  5387   000F96                     TRISE           equ	3990	;# 
  5388   000F96                     DDRE            equ	3990	;# 
  5389   000F9B                     OSCTUNE         equ	3995	;# 
  5390   000F9D                     PIE1            equ	3997	;# 
  5391   000F9E                     PIR1            equ	3998	;# 
  5392   000F9F                     IPR1            equ	3999	;# 
  5393   000FA0                     PIE2            equ	4000	;# 
  5394   000FA1                     PIR2            equ	4001	;# 
  5395   000FA2                     IPR2            equ	4002	;# 
  5396   000FA3                     PIE3            equ	4003	;# 
  5397   000FA4                     PIR3            equ	4004	;# 
  5398   000FA5                     IPR3            equ	4005	;# 
  5399   000FA6                     EECON1          equ	4006	;# 
  5400   000FA7                     EECON2          equ	4007	;# 
  5401   000FA8                     EEDATA          equ	4008	;# 
  5402   000FA9                     EEADR           equ	4009	;# 
  5403   000FAB                     RCSTA           equ	4011	;# 
  5404   000FAB                     RCSTA1          equ	4011	;# 
  5405   000FAC                     TXSTA           equ	4012	;# 
  5406   000FAC                     TXSTA1          equ	4012	;# 
  5407   000FAD                     TXREG           equ	4013	;# 
  5408   000FAD                     TXREG1          equ	4013	;# 
  5409   000FAE                     RCREG           equ	4014	;# 
  5410   000FAE                     RCREG1          equ	4014	;# 
  5411   000FAF                     SPBRG           equ	4015	;# 
  5412   000FAF                     SPBRG1          equ	4015	;# 
  5413   000FB0                     SPBRGH          equ	4016	;# 
  5414   000FB1                     T3CON           equ	4017	;# 
  5415   000FB2                     TMR3            equ	4018	;# 
  5416   000FB2                     TMR3L           equ	4018	;# 
  5417   000FB3                     TMR3H           equ	4019	;# 
  5418   000FB4                     CMCON           equ	4020	;# 
  5419   000FB5                     CVRCON          equ	4021	;# 
  5420   000FB6                     ECCP1AS         equ	4022	;# 
  5421   000FB7                     ECCP1DEL        equ	4023	;# 
  5422   000FB8                     BAUDCON         equ	4024	;# 
  5423   000FB8                     BAUDCTL         equ	4024	;# 
  5424   000FBA                     ECCP1CON        equ	4026	;# 
  5425   000FBB                     ECCPR1          equ	4027	;# 
  5426   000FBB                     ECCPR1L         equ	4027	;# 
  5427   000FBC                     ECCPR1H         equ	4028	;# 
  5428   000FBD                     CCP1CON         equ	4029	;# 
  5429   000FBE                     CCPR1           equ	4030	;# 
  5430   000FBE                     CCPR1L          equ	4030	;# 
  5431   000FBF                     CCPR1H          equ	4031	;# 
  5432   000FC0                     ADCON2          equ	4032	;# 
  5433   000FC1                     ADCON1          equ	4033	;# 
  5434   000FC2                     ADCON0          equ	4034	;# 
  5435   000FC3                     ADRES           equ	4035	;# 
  5436   000FC3                     ADRESL          equ	4035	;# 
  5437   000FC4                     ADRESH          equ	4036	;# 
  5438   000FC5                     SSPCON2         equ	4037	;# 
  5439   000FC6                     SSPCON1         equ	4038	;# 
  5440   000FC7                     SSPSTAT         equ	4039	;# 
  5441   000FC8                     SSPADD          equ	4040	;# 
  5442   000FC9                     SSPBUF          equ	4041	;# 
  5443   000FCA                     T2CON           equ	4042	;# 
  5444   000FCB                     PR2             equ	4043	;# 
  5445   000FCB                     MEMCON          equ	4043	;# 
  5446   000FCC                     TMR2            equ	4044	;# 
  5447   000FCD                     T1CON           equ	4045	;# 
  5448   000FCE                     TMR1            equ	4046	;# 
  5449   000FCE                     TMR1L           equ	4046	;# 
  5450   000FCF                     TMR1H           equ	4047	;# 
  5451   000FD0                     RCON            equ	4048	;# 
  5452   000FD1                     WDTCON          equ	4049	;# 
  5453   000FD2                     HLVDCON         equ	4050	;# 
  5454   000FD2                     LVDCON          equ	4050	;# 
  5455   000FD3                     OSCCON          equ	4051	;# 
  5456   000FD5                     T0CON           equ	4053	;# 
  5457   000FD6                     TMR0            equ	4054	;# 
  5458   000FD6                     TMR0L           equ	4054	;# 
  5459   000FD7                     TMR0H           equ	4055	;# 
  5460   000FD8                     STATUS          equ	4056	;# 
  5461   000FD9                     FSR2            equ	4057	;# 
  5462   000FD9                     FSR2L           equ	4057	;# 
  5463   000FDA                     FSR2H           equ	4058	;# 
  5464   000FDB                     PLUSW2          equ	4059	;# 
  5465   000FDC                     PREINC2         equ	4060	;# 
  5466   000FDD                     POSTDEC2        equ	4061	;# 
  5467   000FDE                     POSTINC2        equ	4062	;# 
  5468   000FDF                     INDF2           equ	4063	;# 
  5469   000FE0                     BSR             equ	4064	;# 
  5470   000FE1                     FSR1            equ	4065	;# 
  5471   000FE1                     FSR1L           equ	4065	;# 
  5472   000FE2                     FSR1H           equ	4066	;# 
  5473   000FE3                     PLUSW1          equ	4067	;# 
  5474   000FE4                     PREINC1         equ	4068	;# 
  5475   000FE5                     POSTDEC1        equ	4069	;# 
  5476   000FE6                     POSTINC1        equ	4070	;# 
  5477   000FE7                     INDF1           equ	4071	;# 
  5478   000FE8                     WREG            equ	4072	;# 
  5479   000FE9                     FSR0            equ	4073	;# 
  5480   000FE9                     FSR0L           equ	4073	;# 
  5481   000FEA                     FSR0H           equ	4074	;# 
  5482   000FEB                     PLUSW0          equ	4075	;# 
  5483   000FEC                     PREINC0         equ	4076	;# 
  5484   000FED                     POSTDEC0        equ	4077	;# 
  5485   000FEE                     POSTINC0        equ	4078	;# 
  5486   000FEF                     INDF0           equ	4079	;# 
  5487   000FF0                     INTCON3         equ	4080	;# 
  5488   000FF1                     INTCON2         equ	4081	;# 
  5489   000FF2                     INTCON          equ	4082	;# 
  5490   000FF3                     PROD            equ	4083	;# 
  5491   000FF3                     PRODL           equ	4083	;# 
  5492   000FF4                     PRODH           equ	4084	;# 
  5493   000FF5                     TABLAT          equ	4085	;# 
  5494   000FF6                     TBLPTR          equ	4086	;# 
  5495   000FF6                     TBLPTRL         equ	4086	;# 
  5496   000FF7                     TBLPTRH         equ	4087	;# 
  5497   000FF8                     TBLPTRU         equ	4088	;# 
  5498   000FF9                     PCLAT           equ	4089	;# 
  5499   000FF9                     PC              equ	4089	;# 
  5500   000FF9                     PCL             equ	4089	;# 
  5501   000FFA                     PCLATH          equ	4090	;# 
  5502   000FFB                     PCLATU          equ	4091	;# 
  5503   000FFC                     STKPTR          equ	4092	;# 
  5504   000FFD                     TOS             equ	4093	;# 
  5505   000FFD                     TOSL            equ	4093	;# 
  5506   000FFE                     TOSH            equ	4094	;# 
  5507   000FFF                     TOSU            equ	4095	;# 
  5508   000D60                     RXF6SIDH        equ	3424	;# 
  5509   000D61                     RXF6SIDL        equ	3425	;# 
  5510   000D62                     RXF6EIDH        equ	3426	;# 
  5511   000D63                     RXF6EIDL        equ	3427	;# 
  5512   000D64                     RXF7SIDH        equ	3428	;# 
  5513   000D65                     RXF7SIDL        equ	3429	;# 
  5514   000D66                     RXF7EIDH        equ	3430	;# 
  5515   000D67                     RXF7EIDL        equ	3431	;# 
  5516   000D68                     RXF8SIDH        equ	3432	;# 
  5517   000D69                     RXF8SIDL        equ	3433	;# 
  5518   000D6A                     RXF8EIDH        equ	3434	;# 
  5519   000D6B                     RXF8EIDL        equ	3435	;# 
  5520   000D70                     RXF9SIDH        equ	3440	;# 
  5521   000D71                     RXF9SIDL        equ	3441	;# 
  5522   000D72                     RXF9EIDH        equ	3442	;# 
  5523   000D73                     RXF9EIDL        equ	3443	;# 
  5524   000D74                     RXF10SIDH       equ	3444	;# 
  5525   000D75                     RXF10SIDL       equ	3445	;# 
  5526   000D76                     RXF10EIDH       equ	3446	;# 
  5527   000D77                     RXF10EIDL       equ	3447	;# 
  5528   000D78                     RXF11SIDH       equ	3448	;# 
  5529   000D79                     RXF11SIDL       equ	3449	;# 
  5530   000D7A                     RXF11EIDH       equ	3450	;# 
  5531   000D7B                     RXF11EIDL       equ	3451	;# 
  5532   000D80                     RXF12SIDH       equ	3456	;# 
  5533   000D81                     RXF12SIDL       equ	3457	;# 
  5534   000D82                     RXF12EIDH       equ	3458	;# 
  5535   000D83                     RXF12EIDL       equ	3459	;# 
  5536   000D84                     RXF13SIDH       equ	3460	;# 
  5537   000D85                     RXF13SIDL       equ	3461	;# 
  5538   000D86                     RXF13EIDH       equ	3462	;# 
  5539   000D87                     RXF13EIDL       equ	3463	;# 
  5540   000D88                     RXF14SIDH       equ	3464	;# 
  5541   000D89                     RXF14SIDL       equ	3465	;# 
  5542   000D8A                     RXF14EIDH       equ	3466	;# 
  5543   000D8B                     RXF14EIDL       equ	3467	;# 
  5544   000D90                     RXF15SIDH       equ	3472	;# 
  5545   000D91                     RXF15SIDL       equ	3473	;# 
  5546   000D92                     RXF15EIDH       equ	3474	;# 
  5547   000D93                     RXF15EIDL       equ	3475	;# 
  5548   000DD4                     RXFCON0         equ	3540	;# 
  5549   000DD5                     RXFCON1         equ	3541	;# 
  5550   000DD8                     SDFLC           equ	3544	;# 
  5551   000DE0                     RXFBCON0        equ	3552	;# 
  5552   000DE1                     RXFBCON1        equ	3553	;# 
  5553   000DE2                     RXFBCON2        equ	3554	;# 
  5554   000DE3                     RXFBCON3        equ	3555	;# 
  5555   000DE4                     RXFBCON4        equ	3556	;# 
  5556   000DE5                     RXFBCON5        equ	3557	;# 
  5557   000DE6                     RXFBCON6        equ	3558	;# 
  5558   000DE7                     RXFBCON7        equ	3559	;# 
  5559   000DF0                     MSEL0           equ	3568	;# 
  5560   000DF1                     MSEL1           equ	3569	;# 
  5561   000DF2                     MSEL2           equ	3570	;# 
  5562   000DF3                     MSEL3           equ	3571	;# 
  5563   000DF8                     BSEL0           equ	3576	;# 
  5564   000DFA                     BIE0            equ	3578	;# 
  5565   000DFC                     TXBIE           equ	3580	;# 
  5566   000E20                     B0CON           equ	3616	;# 
  5567   000E21                     B0SIDH          equ	3617	;# 
  5568   000E22                     B0SIDL          equ	3618	;# 
  5569   000E23                     B0EIDH          equ	3619	;# 
  5570   000E24                     B0EIDL          equ	3620	;# 
  5571   000E25                     B0DLC           equ	3621	;# 
  5572   000E26                     B0D0            equ	3622	;# 
  5573   000E27                     B0D1            equ	3623	;# 
  5574   000E28                     B0D2            equ	3624	;# 
  5575   000E29                     B0D3            equ	3625	;# 
  5576   000E2A                     B0D4            equ	3626	;# 
  5577   000E2B                     B0D5            equ	3627	;# 
  5578   000E2C                     B0D6            equ	3628	;# 
  5579   000E2D                     B0D7            equ	3629	;# 
  5580   000E2E                     CANSTAT_RO9     equ	3630	;# 
  5581   000E2F                     CANCON_RO9      equ	3631	;# 
  5582   000E30                     B1CON           equ	3632	;# 
  5583   000E31                     B1SIDH          equ	3633	;# 
  5584   000E32                     B1SIDL          equ	3634	;# 
  5585   000E33                     B1EIDH          equ	3635	;# 
  5586   000E34                     B1EIDL          equ	3636	;# 
  5587   000E35                     B1DLC           equ	3637	;# 
  5588   000E36                     B1D0            equ	3638	;# 
  5589   000E37                     B1D1            equ	3639	;# 
  5590   000E38                     B1D2            equ	3640	;# 
  5591   000E39                     B1D3            equ	3641	;# 
  5592   000E3A                     B1D4            equ	3642	;# 
  5593   000E3B                     B1D5            equ	3643	;# 
  5594   000E3C                     B1D6            equ	3644	;# 
  5595   000E3D                     B1D7            equ	3645	;# 
  5596   000E3E                     CANSTAT_RO8     equ	3646	;# 
  5597   000E3F                     CANCON_RO8      equ	3647	;# 
  5598   000E40                     B2CON           equ	3648	;# 
  5599   000E41                     B2SIDH          equ	3649	;# 
  5600   000E42                     B2SIDL          equ	3650	;# 
  5601   000E43                     B2EIDH          equ	3651	;# 
  5602   000E44                     B2EIDL          equ	3652	;# 
  5603   000E45                     B2DLC           equ	3653	;# 
  5604   000E46                     B2D0            equ	3654	;# 
  5605   000E47                     B2D1            equ	3655	;# 
  5606   000E48                     B2D2            equ	3656	;# 
  5607   000E49                     B2D3            equ	3657	;# 
  5608   000E4A                     B2D4            equ	3658	;# 
  5609   000E4B                     B2D5            equ	3659	;# 
  5610   000E4C                     B2D6            equ	3660	;# 
  5611   000E4D                     B2D7            equ	3661	;# 
  5612   000E4E                     CANSTAT_RO7     equ	3662	;# 
  5613   000E4F                     CANCON_RO7      equ	3663	;# 
  5614   000E50                     B3CON           equ	3664	;# 
  5615   000E51                     B3SIDH          equ	3665	;# 
  5616   000E52                     B3SIDL          equ	3666	;# 
  5617   000E53                     B3EIDH          equ	3667	;# 
  5618   000E54                     B3EIDL          equ	3668	;# 
  5619   000E55                     B3DLC           equ	3669	;# 
  5620   000E56                     B3D0            equ	3670	;# 
  5621   000E57                     B3D1            equ	3671	;# 
  5622   000E58                     B3D2            equ	3672	;# 
  5623   000E59                     B3D3            equ	3673	;# 
  5624   000E5A                     B3D4            equ	3674	;# 
  5625   000E5B                     B3D5            equ	3675	;# 
  5626   000E5C                     B3D6            equ	3676	;# 
  5627   000E5D                     B3D7            equ	3677	;# 
  5628   000E5E                     CANSTAT_RO6     equ	3678	;# 
  5629   000E5F                     CANCON_RO6      equ	3679	;# 
  5630   000E60                     B4CON           equ	3680	;# 
  5631   000E61                     B4SIDH          equ	3681	;# 
  5632   000E62                     B4SIDL          equ	3682	;# 
  5633   000E63                     B4EIDH          equ	3683	;# 
  5634   000E64                     B4EIDL          equ	3684	;# 
  5635   000E65                     B4DLC           equ	3685	;# 
  5636   000E66                     B4D0            equ	3686	;# 
  5637   000E67                     B4D1            equ	3687	;# 
  5638   000E68                     B4D2            equ	3688	;# 
  5639   000E69                     B4D3            equ	3689	;# 
  5640   000E6A                     B4D4            equ	3690	;# 
  5641   000E6B                     B4D5            equ	3691	;# 
  5642   000E6C                     B4D6            equ	3692	;# 
  5643   000E6D                     B4D7            equ	3693	;# 
  5644   000E6E                     CANSTAT_RO5     equ	3694	;# 
  5645   000E6F                     CANCON_RO5      equ	3695	;# 
  5646   000E70                     B5CON           equ	3696	;# 
  5647   000E71                     B5SIDH          equ	3697	;# 
  5648   000E72                     B5SIDL          equ	3698	;# 
  5649   000E73                     B5EIDH          equ	3699	;# 
  5650   000E74                     B5EIDL          equ	3700	;# 
  5651   000E75                     B5DLC           equ	3701	;# 
  5652   000E76                     B5D0            equ	3702	;# 
  5653   000E77                     B5D1            equ	3703	;# 
  5654   000E78                     B5D2            equ	3704	;# 
  5655   000E79                     B5D3            equ	3705	;# 
  5656   000E7A                     B5D4            equ	3706	;# 
  5657   000E7B                     B5D5            equ	3707	;# 
  5658   000E7C                     B5D6            equ	3708	;# 
  5659   000E7D                     B5D7            equ	3709	;# 
  5660   000E7E                     CANSTAT_RO4     equ	3710	;# 
  5661   000E7F                     CANCON_RO4      equ	3711	;# 
  5662   000F00                     RXF0SIDH        equ	3840	;# 
  5663   000F01                     RXF0SIDL        equ	3841	;# 
  5664   000F02                     RXF0EIDH        equ	3842	;# 
  5665   000F03                     RXF0EIDL        equ	3843	;# 
  5666   000F04                     RXF1SIDH        equ	3844	;# 
  5667   000F05                     RXF1SIDL        equ	3845	;# 
  5668   000F06                     RXF1EIDH        equ	3846	;# 
  5669   000F07                     RXF1EIDL        equ	3847	;# 
  5670   000F08                     RXF2SIDH        equ	3848	;# 
  5671   000F09                     RXF2SIDL        equ	3849	;# 
  5672   000F0A                     RXF2EIDH        equ	3850	;# 
  5673   000F0B                     RXF2EIDL        equ	3851	;# 
  5674   000F0C                     RXF3SIDH        equ	3852	;# 
  5675   000F0D                     RXF3SIDL        equ	3853	;# 
  5676   000F0E                     RXF3EIDH        equ	3854	;# 
  5677   000F0F                     RXF3EIDL        equ	3855	;# 
  5678   000F10                     RXF4SIDH        equ	3856	;# 
  5679   000F11                     RXF4SIDL        equ	3857	;# 
  5680   000F12                     RXF4EIDH        equ	3858	;# 
  5681   000F13                     RXF4EIDL        equ	3859	;# 
  5682   000F14                     RXF5SIDH        equ	3860	;# 
  5683   000F15                     RXF5SIDL        equ	3861	;# 
  5684   000F16                     RXF5EIDH        equ	3862	;# 
  5685   000F17                     RXF5EIDL        equ	3863	;# 
  5686   000F18                     RXM0SIDH        equ	3864	;# 
  5687   000F19                     RXM0SIDL        equ	3865	;# 
  5688   000F1A                     RXM0EIDH        equ	3866	;# 
  5689   000F1B                     RXM0EIDL        equ	3867	;# 
  5690   000F1C                     RXM1SIDH        equ	3868	;# 
  5691   000F1D                     RXM1SIDL        equ	3869	;# 
  5692   000F1E                     RXM1EIDH        equ	3870	;# 
  5693   000F1F                     RXM1EIDL        equ	3871	;# 
  5694   000F20                     TXB2CON         equ	3872	;# 
  5695   000F21                     TXB2SIDH        equ	3873	;# 
  5696   000F22                     TXB2SIDL        equ	3874	;# 
  5697   000F23                     TXB2EIDH        equ	3875	;# 
  5698   000F24                     TXB2EIDL        equ	3876	;# 
  5699   000F25                     TXB2DLC         equ	3877	;# 
  5700   000F26                     TXB2D0          equ	3878	;# 
  5701   000F27                     TXB2D1          equ	3879	;# 
  5702   000F28                     TXB2D2          equ	3880	;# 
  5703   000F29                     TXB2D3          equ	3881	;# 
  5704   000F2A                     TXB2D4          equ	3882	;# 
  5705   000F2B                     TXB2D5          equ	3883	;# 
  5706   000F2C                     TXB2D6          equ	3884	;# 
  5707   000F2D                     TXB2D7          equ	3885	;# 
  5708   000F2E                     CANSTAT_RO3     equ	3886	;# 
  5709   000F2F                     CANCON_RO3      equ	3887	;# 
  5710   000F30                     TXB1CON         equ	3888	;# 
  5711   000F31                     TXB1SIDH        equ	3889	;# 
  5712   000F32                     TXB1SIDL        equ	3890	;# 
  5713   000F33                     TXB1EIDH        equ	3891	;# 
  5714   000F34                     TXB1EIDL        equ	3892	;# 
  5715   000F35                     TXB1DLC         equ	3893	;# 
  5716   000F36                     TXB1D0          equ	3894	;# 
  5717   000F37                     TXB1D1          equ	3895	;# 
  5718   000F38                     TXB1D2          equ	3896	;# 
  5719   000F39                     TXB1D3          equ	3897	;# 
  5720   000F3A                     TXB1D4          equ	3898	;# 
  5721   000F3B                     TXB1D5          equ	3899	;# 
  5722   000F3C                     TXB1D6          equ	3900	;# 
  5723   000F3D                     TXB1D7          equ	3901	;# 
  5724   000F3E                     CANSTAT_RO2     equ	3902	;# 
  5725   000F3F                     CANCON_RO2      equ	3903	;# 
  5726   000F40                     TXB0CON         equ	3904	;# 
  5727   000F41                     TXB0SIDH        equ	3905	;# 
  5728   000F42                     TXB0SIDL        equ	3906	;# 
  5729   000F43                     TXB0EIDH        equ	3907	;# 
  5730   000F44                     TXB0EIDL        equ	3908	;# 
  5731   000F45                     TXB0DLC         equ	3909	;# 
  5732   000F46                     TXB0D0          equ	3910	;# 
  5733   000F47                     TXB0D1          equ	3911	;# 
  5734   000F48                     TXB0D2          equ	3912	;# 
  5735   000F49                     TXB0D3          equ	3913	;# 
  5736   000F4A                     TXB0D4          equ	3914	;# 
  5737   000F4B                     TXB0D5          equ	3915	;# 
  5738   000F4C                     TXB0D6          equ	3916	;# 
  5739   000F4D                     TXB0D7          equ	3917	;# 
  5740   000F4E                     CANSTAT_RO1     equ	3918	;# 
  5741   000F4F                     CANCON_RO1      equ	3919	;# 
  5742   000F50                     RXB1CON         equ	3920	;# 
  5743   000F51                     RXB1SIDH        equ	3921	;# 
  5744   000F52                     RXB1SIDL        equ	3922	;# 
  5745   000F53                     RXB1EIDH        equ	3923	;# 
  5746   000F54                     RXB1EIDL        equ	3924	;# 
  5747   000F55                     RXB1DLC         equ	3925	;# 
  5748   000F56                     RXB1D0          equ	3926	;# 
  5749   000F57                     RXB1D1          equ	3927	;# 
  5750   000F58                     RXB1D2          equ	3928	;# 
  5751   000F59                     RXB1D3          equ	3929	;# 
  5752   000F5A                     RXB1D4          equ	3930	;# 
  5753   000F5B                     RXB1D5          equ	3931	;# 
  5754   000F5C                     RXB1D6          equ	3932	;# 
  5755   000F5D                     RXB1D7          equ	3933	;# 
  5756   000F5E                     CANSTAT_RO0     equ	3934	;# 
  5757   000F5F                     CANCON_RO0      equ	3935	;# 
  5758   000F60                     RXB0CON         equ	3936	;# 
  5759   000F61                     RXB0SIDH        equ	3937	;# 
  5760   000F62                     RXB0SIDL        equ	3938	;# 
  5761   000F63                     RXB0EIDH        equ	3939	;# 
  5762   000F64                     RXB0EIDL        equ	3940	;# 
  5763   000F65                     RXB0DLC         equ	3941	;# 
  5764   000F66                     RXB0D0          equ	3942	;# 
  5765   000F67                     RXB0D1          equ	3943	;# 
  5766   000F68                     RXB0D2          equ	3944	;# 
  5767   000F69                     RXB0D3          equ	3945	;# 
  5768   000F6A                     RXB0D4          equ	3946	;# 
  5769   000F6B                     RXB0D5          equ	3947	;# 
  5770   000F6C                     RXB0D6          equ	3948	;# 
  5771   000F6D                     RXB0D7          equ	3949	;# 
  5772   000F6E                     CANSTAT         equ	3950	;# 
  5773   000F6F                     CANCON          equ	3951	;# 
  5774   000F70                     BRGCON1         equ	3952	;# 
  5775   000F71                     BRGCON2         equ	3953	;# 
  5776   000F72                     BRGCON3         equ	3954	;# 
  5777   000F73                     CIOCON          equ	3955	;# 
  5778   000F74                     COMSTAT         equ	3956	;# 
  5779   000F75                     RXERRCNT        equ	3957	;# 
  5780   000F76                     TXERRCNT        equ	3958	;# 
  5781   000F77                     ECANCON         equ	3959	;# 
  5782   000F80                     PORTA           equ	3968	;# 
  5783   000F81                     PORTB           equ	3969	;# 
  5784   000F82                     PORTC           equ	3970	;# 
  5785   000F83                     PORTD           equ	3971	;# 
  5786   000F84                     PORTE           equ	3972	;# 
  5787   000F89                     LATA            equ	3977	;# 
  5788   000F8A                     LATB            equ	3978	;# 
  5789   000F8B                     LATC            equ	3979	;# 
  5790   000F8C                     LATD            equ	3980	;# 
  5791   000F8D                     LATE            equ	3981	;# 
  5792   000F92                     TRISA           equ	3986	;# 
  5793   000F92                     DDRA            equ	3986	;# 
  5794   000F93                     TRISB           equ	3987	;# 
  5795   000F93                     DDRB            equ	3987	;# 
  5796   000F94                     TRISC           equ	3988	;# 
  5797   000F94                     DDRC            equ	3988	;# 
  5798   000F95                     TRISD           equ	3989	;# 
  5799   000F95                     DDRD            equ	3989	;# 
  5800   000F96                     TRISE           equ	3990	;# 
  5801   000F96                     DDRE            equ	3990	;# 
  5802   000F9B                     OSCTUNE         equ	3995	;# 
  5803   000F9D                     PIE1            equ	3997	;# 
  5804   000F9E                     PIR1            equ	3998	;# 
  5805   000F9F                     IPR1            equ	3999	;# 
  5806   000FA0                     PIE2            equ	4000	;# 
  5807   000FA1                     PIR2            equ	4001	;# 
  5808   000FA2                     IPR2            equ	4002	;# 
  5809   000FA3                     PIE3            equ	4003	;# 
  5810   000FA4                     PIR3            equ	4004	;# 
  5811   000FA5                     IPR3            equ	4005	;# 
  5812   000FA6                     EECON1          equ	4006	;# 
  5813   000FA7                     EECON2          equ	4007	;# 
  5814   000FA8                     EEDATA          equ	4008	;# 
  5815   000FA9                     EEADR           equ	4009	;# 
  5816   000FAB                     RCSTA           equ	4011	;# 
  5817   000FAB                     RCSTA1          equ	4011	;# 
  5818   000FAC                     TXSTA           equ	4012	;# 
  5819   000FAC                     TXSTA1          equ	4012	;# 
  5820   000FAD                     TXREG           equ	4013	;# 
  5821   000FAD                     TXREG1          equ	4013	;# 
  5822   000FAE                     RCREG           equ	4014	;# 
  5823   000FAE                     RCREG1          equ	4014	;# 
  5824   000FAF                     SPBRG           equ	4015	;# 
  5825   000FAF                     SPBRG1          equ	4015	;# 
  5826   000FB0                     SPBRGH          equ	4016	;# 
  5827   000FB1                     T3CON           equ	4017	;# 
  5828   000FB2                     TMR3            equ	4018	;# 
  5829   000FB2                     TMR3L           equ	4018	;# 
  5830   000FB3                     TMR3H           equ	4019	;# 
  5831   000FB4                     CMCON           equ	4020	;# 
  5832   000FB5                     CVRCON          equ	4021	;# 
  5833   000FB6                     ECCP1AS         equ	4022	;# 
  5834   000FB7                     ECCP1DEL        equ	4023	;# 
  5835   000FB8                     BAUDCON         equ	4024	;# 
  5836   000FB8                     BAUDCTL         equ	4024	;# 
  5837   000FBA                     ECCP1CON        equ	4026	;# 
  5838   000FBB                     ECCPR1          equ	4027	;# 
  5839   000FBB                     ECCPR1L         equ	4027	;# 
  5840   000FBC                     ECCPR1H         equ	4028	;# 
  5841   000FBD                     CCP1CON         equ	4029	;# 
  5842   000FBE                     CCPR1           equ	4030	;# 
  5843   000FBE                     CCPR1L          equ	4030	;# 
  5844   000FBF                     CCPR1H          equ	4031	;# 
  5845   000FC0                     ADCON2          equ	4032	;# 
  5846   000FC1                     ADCON1          equ	4033	;# 
  5847   000FC2                     ADCON0          equ	4034	;# 
  5848   000FC3                     ADRES           equ	4035	;# 
  5849   000FC3                     ADRESL          equ	4035	;# 
  5850   000FC4                     ADRESH          equ	4036	;# 
  5851   000FC5                     SSPCON2         equ	4037	;# 
  5852   000FC6                     SSPCON1         equ	4038	;# 
  5853   000FC7                     SSPSTAT         equ	4039	;# 
  5854   000FC8                     SSPADD          equ	4040	;# 
  5855   000FC9                     SSPBUF          equ	4041	;# 
  5856   000FCA                     T2CON           equ	4042	;# 
  5857   000FCB                     PR2             equ	4043	;# 
  5858   000FCB                     MEMCON          equ	4043	;# 
  5859   000FCC                     TMR2            equ	4044	;# 
  5860   000FCD                     T1CON           equ	4045	;# 
  5861   000FCE                     TMR1            equ	4046	;# 
  5862   000FCE                     TMR1L           equ	4046	;# 
  5863   000FCF                     TMR1H           equ	4047	;# 
  5864   000FD0                     RCON            equ	4048	;# 
  5865   000FD1                     WDTCON          equ	4049	;# 
  5866   000FD2                     HLVDCON         equ	4050	;# 
  5867   000FD2                     LVDCON          equ	4050	;# 
  5868   000FD3                     OSCCON          equ	4051	;# 
  5869   000FD5                     T0CON           equ	4053	;# 
  5870   000FD6                     TMR0            equ	4054	;# 
  5871   000FD6                     TMR0L           equ	4054	;# 
  5872   000FD7                     TMR0H           equ	4055	;# 
  5873   000FD8                     STATUS          equ	4056	;# 
  5874   000FD9                     FSR2            equ	4057	;# 
  5875   000FD9                     FSR2L           equ	4057	;# 
  5876   000FDA                     FSR2H           equ	4058	;# 
  5877   000FDB                     PLUSW2          equ	4059	;# 
  5878   000FDC                     PREINC2         equ	4060	;# 
  5879   000FDD                     POSTDEC2        equ	4061	;# 
  5880   000FDE                     POSTINC2        equ	4062	;# 
  5881   000FDF                     INDF2           equ	4063	;# 
  5882   000FE0                     BSR             equ	4064	;# 
  5883   000FE1                     FSR1            equ	4065	;# 
  5884   000FE1                     FSR1L           equ	4065	;# 
  5885   000FE2                     FSR1H           equ	4066	;# 
  5886   000FE3                     PLUSW1          equ	4067	;# 
  5887   000FE4                     PREINC1         equ	4068	;# 
  5888   000FE5                     POSTDEC1        equ	4069	;# 
  5889   000FE6                     POSTINC1        equ	4070	;# 
  5890   000FE7                     INDF1           equ	4071	;# 
  5891   000FE8                     WREG            equ	4072	;# 
  5892   000FE9                     FSR0            equ	4073	;# 
  5893   000FE9                     FSR0L           equ	4073	;# 
  5894   000FEA                     FSR0H           equ	4074	;# 
  5895   000FEB                     PLUSW0          equ	4075	;# 
  5896   000FEC                     PREINC0         equ	4076	;# 
  5897   000FED                     POSTDEC0        equ	4077	;# 
  5898   000FEE                     POSTINC0        equ	4078	;# 
  5899   000FEF                     INDF0           equ	4079	;# 
  5900   000FF0                     INTCON3         equ	4080	;# 
  5901   000FF1                     INTCON2         equ	4081	;# 
  5902   000FF2                     INTCON          equ	4082	;# 
  5903   000FF3                     PROD            equ	4083	;# 
  5904   000FF3                     PRODL           equ	4083	;# 
  5905   000FF4                     PRODH           equ	4084	;# 
  5906   000FF5                     TABLAT          equ	4085	;# 
  5907   000FF6                     TBLPTR          equ	4086	;# 
  5908   000FF6                     TBLPTRL         equ	4086	;# 
  5909   000FF7                     TBLPTRH         equ	4087	;# 
  5910   000FF8                     TBLPTRU         equ	4088	;# 
  5911   000FF9                     PCLAT           equ	4089	;# 
  5912   000FF9                     PC              equ	4089	;# 
  5913   000FF9                     PCL             equ	4089	;# 
  5914   000FFA                     PCLATH          equ	4090	;# 
  5915   000FFB                     PCLATU          equ	4091	;# 
  5916   000FFC                     STKPTR          equ	4092	;# 
  5917   000FFD                     TOS             equ	4093	;# 
  5918   000FFD                     TOSL            equ	4093	;# 
  5919   000FFE                     TOSH            equ	4094	;# 
  5920   000FFF                     TOSU            equ	4095	;# 
  5921                           
  5922                           	psect	idataCOMRAM
  5923   0019F4                     __pidataCOMRAM:
  5924                           	callstack 0
  5925                           
  5926                           ;initializer for read_switches@once
  5927   0019F4  01                 	db	1
  5928                           
  5929                           ;initializer for _key
  5930   0019F5  FF                 	db	255
  5931                           
  5932                           	psect	idataBANK0
  5933   001800                     __pidataBANK0:
  5934                           	callstack 0
  5935                           
  5936                           ;initializer for download_log@F10519
  5937   001800  20                 	db	32
  5938   001801  20                 	db	32
  5939   001802  20                 	db	32
  5940   001803  20                 	db	32
  5941   001804  20                 	db	32
  5942   001805  20                 	db	32
  5943   001806  20                 	db	32
  5944   001807  20                 	db	32
  5945   001808  20                 	db	32
  5946   001809  00                 	db	0
  5947                           
  5948                           ;initializer for display_main_menu@F10519
  5949   00180A  CE                 	db	low STR_14
  5950   00180B  2F                 	db	high STR_14
  5951   00180C  C0                 	db	low STR_15
  5952   00180D  2F                 	db	high STR_15
  5953   00180E  EA                 	db	low STR_16
  5954   00180F  2F                 	db	high STR_16
  5955   001810  DC                 	db	low STR_17
  5956   001811  2F                 	db	high STR_17
  5957   001812  4F                 	db	low (STR_12+6)
  5958   001813  2F                 	db	high (STR_12+6)
  5959                           
  5960                           ;initializer for download_log@F10525
  5961   001814  20                 	db	32
  5962   001815  20                 	db	32
  5963   001816  20                 	db	32
  5964   001817  20                 	db	32
  5965   001818  20                 	db	32
  5966   001819  20                 	db	32
  5967   00181A  20                 	db	32
  5968   00181B  20                 	db	32
  5969   00181C  00                 	db	0
  5970                           
  5971                           ;initializer for download_log@F10521
  5972   00181D  20                 	db	32
  5973   00181E  20                 	db	32
  5974   00181F  20                 	db	32
  5975   001820  20                 	db	32
  5976   001821  20                 	db	32
  5977   001822  20                 	db	32
  5978   001823  20                 	db	32
  5979   001824  00                 	db	0
  5980                           
  5981                           ;initializer for download_log@F10523
  5982   001825  20                 	db	32
  5983   001826  20                 	db	32
  5984   001827  20                 	db	32
  5985   001828  20                 	db	32
  5986   001829  20                 	db	32
  5987   00182A  20                 	db	32
  5988   00182B  00                 	db	0
  5989                           
  5990                           ;initializer for _pgr
  5991   00182C  FFFF               	dw	65535
  5992                           
  5993                           ;initializer for _pind
  5994   00182E  FFFF               	dw	65535
  5995   000FD6                     _TMR0           set	4054
  5996   000FAE                     _RCREG          set	4014
  5997   000FAD                     _TXREG          set	4013
  5998   000FAF                     _SPBRG          set	4015
  5999   000FA1                     _PIR2bits       set	4001
  6000   000FA7                     _EECON2         set	4007
  6001   000FA6                     _EECON1bits     set	4006
  6002   000FA8                     _EEDATA         set	4008
  6003   000FA9                     _EEADR          set	4009
  6004   000FC9                     _SSPBUF         set	4041
  6005   000FC8                     _SSPADD         set	4040
  6006   000FC6                     _SSPCON1        set	4038
  6007   000FC2                     _ADCON0         set	4034
  6008   000FC3                     _ADRESL         set	4035
  6009   000FC4                     _ADRESH         set	4036
  6010   000F94                     _TRISC          set	3988
  6011   000F95                     _TRISD          set	3989
  6012   000F83                     _PORTD          set	3971
  6013   000F81                     _PORTBbits      set	3969
  6014   000F81                     _PORTB          set	3969
  6015   000F93                     _TRISB          set	3987
  6016   000FC1                     _ADCON1         set	4033
  6017   007F95                     _TMR0IE         set	32661
  6018   007F92                     _TMR0IF         set	32658
  6019   007EAB                     _PSA            set	32427
  6020   007EAF                     _TMR0ON         set	32431
  6021   007EAD                     _T0CS           set	32429
  6022   007EAE                     _T08BIT         set	32430
  6023   007CF5                     _RCIF           set	31989
  6024   007CF4                     _TXIF           set	31988
  6025   007DC3                     _BRG16          set	32195
  6026   007D5C                     _CREN           set	32092
  6027   007D5E                     _RX9            set	32094
  6028   007D5F                     _SPEN           set	32095
  6029   007D62                     _BRGH           set	32098
  6030   007D63                     _SENDB          set	32099
  6031   007D64                     _SYNC           set	32100
  6032   007D65                     _TXEN           set	32101
  6033   007D66                     _TX9            set	32102
  6034   007CA6                     _TRISC6         set	31910
  6035   007CA7                     _TRISC7         set	31911
  6036   007F97                     _GIE            set	32663
  6037   007E2C                     _ACKEN          set	32300
  6038   007E2D                     _ACKDT          set	32301
  6039   007E2B                     _RCEN           set	32299
  6040   007E29                     _RSEN           set	32297
  6041   007E2A                     _PEN            set	32298
  6042   007E28                     _SEN            set	32296
  6043   007E2E                     _ACKSTAT        set	32302
  6044   007D0B                     _BCLIF          set	32011
  6045   007CF3                     _SSPIF          set	31987
  6046   007E3F                     _SMP            set	32319
  6047   007E3E                     _CKE            set	32318
  6048   007CA4                     _TRISC4         set	31908
  6049   007CA3                     _TRISC3         set	31907
  6050   007E11                     _GO             set	32273
  6051   007E10                     _ADON           set	32272
  6052   007E0C                     _VCFG0          set	32268
  6053   007E0D                     _VCFG1          set	32269
  6054   007E11                     _GODONE         set	32273
  6055   007E02                     _ADCS2          set	32258
  6056   007E01                     _ADCS1          set	32257
  6057   007E00                     _ADCS0          set	32256
  6058   007E03                     _ACQT0          set	32259
  6059   007E04                     _ACQT1          set	32260
  6060   007E05                     _ACQT2          set	32261
  6061   007E07                     _ADFM           set	32263
  6062   007C1F                     _RD7            set	31775
  6063   007C10                     _RC0            set	31760
  6064   007CAF                     _TRISD7         set	31919
  6065   007C12                     _RC2            set	31762
  6066   007C11                     _RC1            set	31761
  6067   007F8F                     _RBPU           set	32655
  6068                           
  6069                           	psect	mediumconst
  6070   002E9E                     __pmediumconst:
  6071                           	callstack 0
  6072   002E9E  00                 	db	0
  6073   002E9F                     STR_8:
  6074   002E9F  0D                 	db	13
  6075   002EA0  0A                 	db	10
  6076   002EA1  20                 	db	32
  6077   002EA2  53                 	db	83	;'S'
  6078   002EA3  49                 	db	73	;'I'
  6079   002EA4  2E                 	db	46
  6080   002EA5  4E                 	db	78	;'N'
  6081   002EA6  4F                 	db	79	;'O'
  6082   002EA7  20                 	db	32
  6083   002EA8  20                 	db	32
  6084   002EA9  20                 	db	32
  6085   002EAA  53                 	db	83	;'S'
  6086   002EAB  50                 	db	80	;'P'
  6087   002EAC  45                 	db	69	;'E'
  6088   002EAD  45                 	db	69	;'E'
  6089   002EAE  44                 	db	68	;'D'
  6090   002EAF  20                 	db	32
  6091   002EB0  20                 	db	32
  6092   002EB1  47                 	db	71	;'G'
  6093   002EB2  45                 	db	69	;'E'
  6094   002EB3  41                 	db	65	;'A'
  6095   002EB4  52                 	db	82	;'R'
  6096   002EB5  20                 	db	32
  6097   002EB6  20                 	db	32
  6098   002EB7  20                 	db	32
  6099   002EB8  20                 	db	32
  6100   002EB9  54                 	db	84	;'T'
  6101   002EBA  49                 	db	73	;'I'
  6102   002EBB  4D                 	db	77	;'M'
  6103   002EBC  45                 	db	69	;'E'
  6104   002EBD  20                 	db	32
  6105   002EBE  20                 	db	32
  6106   002EBF  0D                 	db	13
  6107   002EC0  0A                 	db	10
  6108   002EC1  00                 	db	0
  6109   002EC2                     STR_20:
  6110   002EC2  2D                 	db	45
  6111   002EC3  2D                 	db	45
  6112   002EC4  2D                 	db	45
  6113   002EC5  2D                 	db	45
  6114   002EC6  2D                 	db	45
  6115   002EC7  2D                 	db	45
  6116   002EC8  2D                 	db	45
  6117   002EC9  2D                 	db	45
  6118   002ECA  2D                 	db	45
  6119   002ECB  2D                 	db	45
  6120   002ECC  2D                 	db	45
  6121   002ECD  2D                 	db	45
  6122   002ECE  2D                 	db	45
  6123   002ECF  78                 	db	120	;'x'
  6124   002ED0  78                 	db	120	;'x'
  6125   002ED1  78                 	db	120	;'x'
  6126   002ED2  2D                 	db	45
  6127   002ED3  2D                 	db	45
  6128   002ED4  2D                 	db	45
  6129   002ED5  2D                 	db	45
  6130   002ED6  2D                 	db	45
  6131   002ED7  2D                 	db	45
  6132   002ED8  2D                 	db	45
  6133   002ED9  2D                 	db	45
  6134   002EDA  2D                 	db	45
  6135   002EDB  2D                 	db	45
  6136   002EDC  2D                 	db	45
  6137   002EDD  2D                 	db	45
  6138   002EDE  2D                 	db	45
  6139   002EDF  2D                 	db	45
  6140   002EE0  0D                 	db	13
  6141   002EE1  0A                 	db	10
  6142   002EE2  00                 	db	0
  6143   002EE3                     STR_9:
  6144   002EE3  2D                 	db	45
  6145   002EE4  2D                 	db	45
  6146   002EE5  2D                 	db	45
  6147   002EE6  2D                 	db	45
  6148   002EE7  2D                 	db	45
  6149   002EE8  2D                 	db	45
  6150   002EE9  2D                 	db	45
  6151   002EEA  2D                 	db	45
  6152   002EEB  2D                 	db	45
  6153   002EEC  2D                 	db	45
  6154   002EED  2D                 	db	45
  6155   002EEE  2D                 	db	45
  6156   002EEF  2D                 	db	45
  6157   002EF0  2D                 	db	45
  6158   002EF1  2D                 	db	45
  6159   002EF2  2D                 	db	45
  6160   002EF3  2D                 	db	45
  6161   002EF4  2D                 	db	45
  6162   002EF5  2D                 	db	45
  6163   002EF6  2D                 	db	45
  6164   002EF7  2D                 	db	45
  6165   002EF8  2D                 	db	45
  6166   002EF9  2D                 	db	45
  6167   002EFA  2D                 	db	45
  6168   002EFB  2D                 	db	45
  6169   002EFC  2D                 	db	45
  6170   002EFD  2D                 	db	45
  6171   002EFE  2D                 	db	45
  6172   002EFF  2D                 	db	45
  6173   002F00  2D                 	db	45
  6174   002F01  0D                 	db	13
  6175   002F02  0A                 	db	10
  6176   002F03  00                 	db	0
  6177   002F04                     STR_7:
  6178   002F04  0D                 	db	13
  6179   002F05  0A                 	db	10
  6180   002F06  4C                 	db	76	;'L'
  6181   002F07  6F                 	db	111	;'o'
  6182   002F08  67                 	db	103	;'g'
  6183   002F09  20                 	db	32
  6184   002F0A  69                 	db	105	;'i'
  6185   002F0B  73                 	db	115	;'s'
  6186   002F0C  20                 	db	32
  6187   002F0D  45                 	db	69	;'E'
  6188   002F0E  4D                 	db	77	;'M'
  6189   002F0F  50                 	db	80	;'P'
  6190   002F10  54                 	db	84	;'T'
  6191   002F11  59                 	db	89	;'Y'
  6192   002F12  21                 	db	33
  6193   002F13  0D                 	db	13
  6194   002F14  0A                 	db	10
  6195   002F15  00                 	db	0
  6196   002F16                     STR_23:
  6197   002F16  20                 	db	32
  6198   002F17  20                 	db	32
  6199   002F18  54                 	db	84	;'T'
  6200   002F19  49                 	db	73	;'I'
  6201   002F1A  4D                 	db	77	;'M'
  6202   002F1B  45                 	db	69	;'E'
  6203   002F1C  20                 	db	32
  6204   002F1D  53                 	db	83	;'S'
  6205   002F1E  45                 	db	69	;'E'
  6206   002F1F  54                 	db	84	;'T'
  6207   002F20  20                 	db	32
  6208   002F21  20                 	db	32
  6209   002F22  20                 	db	32
  6210   002F23  20                 	db	32
  6211   002F24  20                 	db	32
  6212   002F25  20                 	db	32
  6213   002F26  00                 	db	0
  6214   002F27                     STR_21:
  6215   002F27  20                 	db	32
  6216   002F28  44                 	db	68	;'D'
  6217   002F29  6F                 	db	111	;'o'
  6218   002F2A  77                 	db	119	;'w'
  6219   002F2B  6E                 	db	110	;'n'
  6220   002F2C  6C                 	db	108	;'l'
  6221   002F2D  6F                 	db	111	;'o'
  6222   002F2E  61                 	db	97	;'a'
  6223   002F2F  64                 	db	100	;'d'
  6224   002F30  20                 	db	32
  6225   002F31  20                 	db	32
  6226   002F32  20                 	db	32
  6227   002F33  20                 	db	32
  6228   002F34  20                 	db	32
  6229   002F35  20                 	db	32
  6230   002F36  20                 	db	32
  6231   002F37  00                 	db	0
  6232   002F38                     STR_22:
  6233   002F38  20                 	db	32
  6234   002F39  20                 	db	32
  6235   002F3A  20                 	db	32
  6236   002F3B  20                 	db	32
  6237   002F3C  20                 	db	32
  6238   002F3D  20                 	db	32
  6239   002F3E  43                 	db	67	;'C'
  6240   002F3F  6F                 	db	111	;'o'
  6241   002F40  6D                 	db	109	;'m'
  6242   002F41  70                 	db	112	;'p'
  6243   002F42  6C                 	db	108	;'l'
  6244   002F43  65                 	db	101	;'e'
  6245   002F44  74                 	db	116	;'t'
  6246   002F45  65                 	db	101	;'e'
  6247   002F46  64                 	db	100	;'d'
  6248   002F47  20                 	db	32
  6249   002F48  00                 	db	0
  6250   002F49                     STR_12:
  6251   002F49  20                 	db	32
  6252   002F4A  20                 	db	32
  6253   002F4B  20                 	db	32
  6254   002F4C  20                 	db	32
  6255   002F4D  20                 	db	32
  6256   002F4E  20                 	db	32
  6257   002F4F  20                 	db	32
  6258   002F50  20                 	db	32
  6259   002F51  20                 	db	32
  6260   002F52  20                 	db	32
  6261   002F53  20                 	db	32
  6262   002F54  20                 	db	32
  6263   002F55  20                 	db	32
  6264   002F56  20                 	db	32
  6265   002F57  20                 	db	32
  6266   002F58  20                 	db	32
  6267   002F59  00                 	db	0
  6268   002F5A                     STR_10:
  6269   002F5A  20                 	db	32
  6270   002F5B  4C                 	db	76	;'L'
  6271   002F5C  4F                 	db	79	;'O'
  6272   002F5D  47                 	db	71	;'G'
  6273   002F5E  20                 	db	32
  6274   002F5F  43                 	db	67	;'C'
  6275   002F60  4C                 	db	76	;'L'
  6276   002F61  45                 	db	69	;'E'
  6277   002F62  41                 	db	65	;'A'
  6278   002F63  52                 	db	82	;'R'
  6279   002F64  45                 	db	69	;'E'
  6280   002F65  44                 	db	68	;'D'
  6281   002F66  20                 	db	32
  6282   002F67  20                 	db	32
  6283   002F68  20                 	db	32
  6284   002F69  20                 	db	32
  6285   002F6A  00                 	db	0
  6286   002F6B                     STR_6:
  6287   002F6B  20                 	db	32
  6288   002F6C  20                 	db	32
  6289   002F6D  20                 	db	32
  6290   002F6E  20                 	db	32
  6291   002F6F  48                 	db	72	;'H'
  6292   002F70  48                 	db	72	;'H'
  6293   002F71  3A                 	db	58	;':'
  6294   002F72  4D                 	db	77	;'M'
  6295   002F73  4D                 	db	77	;'M'
  6296   002F74  3A                 	db	58	;':'
  6297   002F75  53                 	db	83	;'S'
  6298   002F76  53                 	db	83	;'S'
  6299   002F77  20                 	db	32
  6300   002F78  20                 	db	32
  6301   002F79  20                 	db	32
  6302   002F7A  20                 	db	32
  6303   002F7B  00                 	db	0
  6304   002F7C                     STR_1:
  6305   002F7C  47                 	db	71	;'G'
  6306   002F7D  52                 	db	82	;'R'
  6307   002F7E  20                 	db	32
  6308   002F7F  53                 	db	83	;'S'
  6309   002F80  50                 	db	80	;'P'
  6310   002F81  44                 	db	68	;'D'
  6311   002F82  20                 	db	32
  6312   002F83  20                 	db	32
  6313   002F84  20                 	db	32
  6314   002F85  54                 	db	84	;'T'
  6315   002F86  49                 	db	73	;'I'
  6316   002F87  4D                 	db	77	;'M'
  6317   002F88  45                 	db	69	;'E'
  6318   002F89  20                 	db	32
  6319   002F8A  20                 	db	32
  6320   002F8B  20                 	db	32
  6321   002F8C  00                 	db	0
  6322   002F8D                     STR_4:
  6323   002F8D  20                 	db	32
  6324   002F8E  20                 	db	32
  6325   002F8F  20                 	db	32
  6326   002F90  20                 	db	32
  6327   002F91  4C                 	db	76	;'L'
  6328   002F92  6F                 	db	111	;'o'
  6329   002F93  67                 	db	103	;'g'
  6330   002F94  20                 	db	32
  6331   002F95  45                 	db	69	;'E'
  6332   002F96  6D                 	db	109	;'m'
  6333   002F97  70                 	db	112	;'p'
  6334   002F98  74                 	db	116	;'t'
  6335   002F99  79                 	db	121	;'y'
  6336   002F9A  20                 	db	32
  6337   002F9B  20                 	db	32
  6338   002F9C  20                 	db	32
  6339   002F9D  00                 	db	0
  6340   002F9E                     STR_5:
  6341   002F9E  23                 	db	35
  6342   002F9F  47                 	db	71	;'G'
  6343   002FA0  52                 	db	82	;'R'
  6344   002FA1  20                 	db	32
  6345   002FA2  53                 	db	83	;'S'
  6346   002FA3  50                 	db	80	;'P'
  6347   002FA4  44                 	db	68	;'D'
  6348   002FA5  20                 	db	32
  6349   002FA6  20                 	db	32
  6350   002FA7  20                 	db	32
  6351   002FA8  54                 	db	84	;'T'
  6352   002FA9  49                 	db	73	;'I'
  6353   002FAA  4D                 	db	77	;'M'
  6354   002FAB  45                 	db	69	;'E'
  6355   002FAC  20                 	db	32
  6356   002FAD  20                 	db	32
  6357   002FAE  00                 	db	0
  6358   002FAF                     STR_11:
  6359   002FAF  20                 	db	32
  6360   002FB0  20                 	db	32
  6361   002FB1  20                 	db	32
  6362   002FB2  53                 	db	83	;'S'
  6363   002FB3  55                 	db	85	;'U'
  6364   002FB4  43                 	db	67	;'C'
  6365   002FB5  43                 	db	67	;'C'
  6366   002FB6  45                 	db	69	;'E'
  6367   002FB7  53                 	db	83	;'S'
  6368   002FB8  53                 	db	83	;'S'
  6369   002FB9  46                 	db	70	;'F'
  6370   002FBA  55                 	db	85	;'U'
  6371   002FBB  4C                 	db	76	;'L'
  6372   002FBC  4C                 	db	76	;'L'
  6373   002FBD  59                 	db	89	;'Y'
  6374   002FBE  20                 	db	32
  6375   002FBF  00                 	db	0
  6376   002FC0                     STR_15:
  6377   002FC0  53                 	db	83	;'S'
  6378   002FC1  65                 	db	101	;'e'
  6379   002FC2  74                 	db	116	;'t'
  6380   002FC3  20                 	db	32
  6381   002FC4  54                 	db	84	;'T'
  6382   002FC5  69                 	db	105	;'i'
  6383   002FC6  6D                 	db	109	;'m'
  6384   002FC7  65                 	db	101	;'e'
  6385   002FC8  20                 	db	32
  6386   002FC9  20                 	db	32
  6387   002FCA  20                 	db	32
  6388   002FCB  20                 	db	32
  6389   002FCC  20                 	db	32
  6390   002FCD  00                 	db	0
  6391   002FCE                     STR_14:
  6392   002FCE  56                 	db	86	;'V'
  6393   002FCF  69                 	db	105	;'i'
  6394   002FD0  65                 	db	101	;'e'
  6395   002FD1  77                 	db	119	;'w'
  6396   002FD2  20                 	db	32
  6397   002FD3  4C                 	db	76	;'L'
  6398   002FD4  6F                 	db	111	;'o'
  6399   002FD5  67                 	db	103	;'g'
  6400   002FD6  20                 	db	32
  6401   002FD7  20                 	db	32
  6402   002FD8  20                 	db	32
  6403   002FD9  20                 	db	32
  6404   002FDA  20                 	db	32
  6405   002FDB  00                 	db	0
  6406   002FDC                     STR_17:
  6407   002FDC  43                 	db	67	;'C'
  6408   002FDD  6C                 	db	108	;'l'
  6409   002FDE  65                 	db	101	;'e'
  6410   002FDF  61                 	db	97	;'a'
  6411   002FE0  72                 	db	114	;'r'
  6412   002FE1  20                 	db	32
  6413   002FE2  4C                 	db	76	;'L'
  6414   002FE3  6F                 	db	111	;'o'
  6415   002FE4  67                 	db	103	;'g'
  6416   002FE5  20                 	db	32
  6417   002FE6  20                 	db	32
  6418   002FE7  20                 	db	32
  6419   002FE8  20                 	db	32
  6420   002FE9  00                 	db	0
  6421   002FEA                     STR_16:
  6422   002FEA  44                 	db	68	;'D'
  6423   002FEB  6F                 	db	111	;'o'
  6424   002FEC  77                 	db	119	;'w'
  6425   002FED  6E                 	db	110	;'n'
  6426   002FEE  6C                 	db	108	;'l'
  6427   002FEF  6F                 	db	111	;'o'
  6428   002FF0  61                 	db	97	;'a'
  6429   002FF1  64                 	db	100	;'d'
  6430   002FF2  20                 	db	32
  6431   002FF3  4C                 	db	76	;'L'
  6432   002FF4  6F                 	db	111	;'o'
  6433   002FF5  67                 	db	103	;'g'
  6434   002FF6  20                 	db	32
  6435   002FF7  00                 	db	0
  6436   002FF8                     STR_2:
  6437   002FF8  2D                 	db	45
  6438   002FF9  3E                 	db	62	;'>'
  6439   002FFA  20                 	db	32
  6440   002FFB  00                 	db	0
  6441   002FFC                     STR_25:
  6442   002FFC  3A                 	db	58	;':'
  6443   002FFD  00                 	db	0
  6444   002FFC                     STR_26          equ	STR_25
  6445   002FAF                     STR_24          equ	STR_11
  6446   002F49                     STR_13          equ	STR_12
  6447   002F4F                     STR_18          equ	STR_12+6
  6448   002F56                     STR_3           equ	STR_12+13
  6449   002F57                     STR_27          equ	STR_12+14
  6450   002F57                     STR_28          equ	STR_12+14
  6451   002F57                     STR_29          equ	STR_12+14
  6452   002EBF                     STR_19          equ	STR_8+32
  6453   002FFE  00                 	db	0	; dummy byte at the end
  6454   002E9E                     __smallconst    set	__pmediumconst
  6455   002E9E                     __mediumconst   set	__pmediumconst
  6456   000002                     __activetblptr  equ	2
  6457                           
  6458                           ; #config settings
  6459                           
  6460                           	psect	cinit
  6461   00160C                     __pcinit:
  6462                           	callstack 0
  6463   00160C                     start_initialization:
  6464                           	callstack 0
  6465   00160C                     __initialization:
  6466                           	callstack 0
  6467                           
  6468                           ; Initialize objects allocated to BANK0 (48 bytes)
  6469                           ; load TBLPTR registers with __pidataBANK0
  6470   00160C  0E00               	movlw	low __pidataBANK0
  6471   00160E  6EF6               	movwf	tblptrl,c
  6472   001610  0E18               	movlw	high __pidataBANK0
  6473   001612  6EF7               	movwf	tblptrh,c
  6474   001614  0E00               	movlw	low (__pidataBANK0 shr (0+16))
  6475   001616  6EF8               	movwf	tblptru,c
  6476   001618  EE00  F060         	lfsr	0,__pdataBANK0
  6477   00161C  EE10 F030          	lfsr	1,48
  6478   001620                     copy_data0:
  6479   001620  0009               	tblrd		*+
  6480   001622  CFF5 FFEE          	movff	tablat,postinc0
  6481   001626  50E5               	movf	postdec1,w,c
  6482   001628  50E1               	movf	fsr1l,w,c
  6483   00162A  E1FA               	bnz	copy_data0
  6484                           
  6485                           ; Initialize objects allocated to COMRAM (2 bytes)
  6486                           ; load TBLPTR registers with __pidataCOMRAM
  6487   00162C  0EF4               	movlw	low __pidataCOMRAM
  6488   00162E  6EF6               	movwf	tblptrl,c
  6489   001630  0E19               	movlw	high __pidataCOMRAM
  6490   001632  6EF7               	movwf	tblptrh,c
  6491   001634  0E00               	movlw	low (__pidataCOMRAM shr (0+16))
  6492   001636  6EF8               	movwf	tblptru,c
  6493   001638  0009               	tblrd		*+	;fetch initializer
  6494   00163A  CFF5 F05D          	movff	tablat,__pdataCOMRAM
  6495   00163E  0009               	tblrd		*+	;fetch initializer
  6496   001640  CFF5 F05E          	movff	tablat,__pdataCOMRAM+1
  6497                           
  6498                           ; Clear objects allocated to BANK0 (28 bytes)
  6499   001644  EE00  F090         	lfsr	0,__pbssBANK0
  6500   001648  0E1C               	movlw	28
  6501   00164A                     clear_0:
  6502   00164A  6AEE               	clrf	postinc0,c
  6503   00164C  06E8               	decf	wreg,f,c
  6504   00164E  E1FD               	bnz	clear_0
  6505                           
  6506                           ; Clear objects allocated to COMRAM (31 bytes)
  6507   001650  EE00  F03E         	lfsr	0,__pbssCOMRAM
  6508   001654  0E1F               	movlw	31
  6509   001656                     clear_1:
  6510   001656  6AEE               	clrf	postinc0,c
  6511   001658  06E8               	decf	wreg,f,c
  6512   00165A  E1FD               	bnz	clear_1
  6513   00165C                     end_of_initialization:
  6514                           	callstack 0
  6515   00165C                     __end_of__initialization:
  6516                           	callstack 0
  6517   00165C  9001               	bcf	int$flags,0,c	;clear compiler interrupt flag (level 1)
  6518   00165E  9201               	bcf	int$flags,1,c	;clear compiler interrupt flag (level 2)
  6519   001660  0E00               	movlw	low (__Lmediumconst shr (0+16))
  6520   001662  6EF8               	movwf	tblptru,c
  6521   001664  0100               	movlb	0
  6522   001666  EF8B  F006         	goto	_main	;jump to C main() function
  6523                           
  6524                           	psect	bssCOMRAM
  6525   00003E                     __pbssCOMRAM:
  6526                           	callstack 0
  6527   00003E                     _clock_reg:
  6528                           	callstack 0
  6529   00003E                     	ds	3
  6530   000041                     _count@timer0$F585:
  6531                           	callstack 0
  6532   000041                     	ds	2
  6533   000043                     _field:
  6534                           	callstack 0
  6535   000043                     	ds	2
  6536   000045                     _sec:
  6537                           	callstack 0
  6538   000045                     	ds	2
  6539   000047                     _min:
  6540                           	callstack 0
  6541   000047                     	ds	2
  6542   000049                     _hr:
  6543                           	callstack 0
  6544   000049                     	ds	2
  6545   00004B                     _spd:
  6546                           	callstack 0
  6547   00004B                     	ds	2
  6548   00004D                     _gr:
  6549                           	callstack 0
  6550   00004D                     	ds	2
  6551   00004F                     _ind:
  6552                           	callstack 0
  6553   00004F                     	ds	2
  6554   000051                     _log_num:
  6555                           	callstack 0
  6556   000051                     	ds	2
  6557   000053                     _index:
  6558                           	callstack 0
  6559   000053                     	ds	2
  6560   000055                     read_switches@key:
  6561                           	callstack 0
  6562   000055                     	ds	1
  6563   000056                     _state:
  6564                           	callstack 0
  6565   000056                     	ds	1
  6566   000057                     _speed:
  6567                           	callstack 0
  6568   000057                     	ds	4
  6569   00005B                     _gear:
  6570                           	callstack 0
  6571   00005B                     	ds	2
  6572                           
  6573                           	psect	dataCOMRAM
  6574   00005D                     __pdataCOMRAM:
  6575                           	callstack 0
  6576   00005D                     read_switches@once:
  6577                           	callstack 0
  6578   00005D                     	ds	1
  6579   00005E                     _key:
  6580                           	callstack 0
  6581   00005E                     	ds	1
  6582                           
  6583                           	psect	bssBANK0
  6584   000090                     __pbssBANK0:
  6585                           	callstack 0
  6586   000090                     _toggle:
  6587                           	callstack 0
  6588   000090                     	ds	2
  6589   000092                     	ds	2
  6590   000094                     	ds	2
  6591   000096                     _of_flag:
  6592                           	callstack 0
  6593   000096                     	ds	2
  6594   000098                     _from:
  6595                           	callstack 0
  6596   000098                     	ds	2
  6597   00009A                     _time:
  6598                           	callstack 0
  6599   00009A                     	ds	9
  6600   0000A3                     _sec_str:
  6601                           	callstack 0
  6602   0000A3                     	ds	3
  6603   0000A6                     _min_str:
  6604                           	callstack 0
  6605   0000A6                     	ds	3
  6606   0000A9                     _hr_str:
  6607                           	callstack 0
  6608   0000A9                     	ds	3
  6609                           
  6610                           	psect	dataBANK0
  6611   000060                     __pdataBANK0:
  6612                           	callstack 0
  6613   000060                     download_log@F10519:
  6614                           	callstack 0
  6615   000060                     	ds	10
  6616   00006A                     display_main_menu@F10519:
  6617                           	callstack 0
  6618   00006A                     	ds	10
  6619   000074                     download_log@F10525:
  6620                           	callstack 0
  6621   000074                     	ds	9
  6622   00007D                     download_log@F10521:
  6623                           	callstack 0
  6624   00007D                     	ds	8
  6625   000085                     download_log@F10523:
  6626                           	callstack 0
  6627   000085                     	ds	7
  6628   00008C                     _pgr:
  6629                           	callstack 0
  6630   00008C                     	ds	2
  6631   00008E                     _pind:
  6632                           	callstack 0
  6633   00008E                     	ds	2
  6634                           
  6635                           	psect	cstackCOMRAM
  6636   000002                     __pcstackCOMRAM:
  6637                           	callstack 0
  6638   000002                     ?___lwdiv:
  6639                           	callstack 0
  6640   000002                     ?___lwmod:
  6641                           	callstack 0
  6642   000002                     ?_read_adc:
  6643                           	callstack 0
  6644   000002                     read_switches@detection_type:
  6645                           	callstack 0
  6646   000002                     clcd_write@control_bit:
  6647                           	callstack 0
  6648   000002                     i2c_write@data:
  6649                           	callstack 0
  6650   000002                     write_internal_eeprom@data:
  6651                           	callstack 0
  6652   000002                     read_internal_eeprom@address:
  6653                           	callstack 0
  6654   000002                     putch@byte:
  6655                           	callstack 0
  6656   000002                     ___lwdiv@dividend:
  6657                           	callstack 0
  6658   000002                     ___lwmod@dividend:
  6659                           	callstack 0
  6660   000002                     
  6661                           ; 1 bytes @ 0x0
  6662   000002                     	ds	1
  6663   000003                     clcd_write@byte:
  6664                           	callstack 0
  6665   000003                     write_ds1307@data:
  6666                           	callstack 0
  6667   000003                     read_ds1307@address:
  6668                           	callstack 0
  6669   000003                     write_internal_eeprom@address:
  6670                           	callstack 0
  6671   000003                     puts@s:
  6672                           	callstack 0
  6673   000003                     
  6674                           ; 1 bytes @ 0x1
  6675   000003                     	ds	1
  6676   000004                     clcd_putch@addr:
  6677                           	callstack 0
  6678   000004                     write_ds1307@address:
  6679                           	callstack 0
  6680   000004                     read_ds1307@data:
  6681                           	callstack 0
  6682   000004                     clcd_print@data:
  6683                           	callstack 0
  6684   000004                     ___lwdiv@divisor:
  6685                           	callstack 0
  6686   000004                     ___lwmod@divisor:
  6687                           	callstack 0
  6688   000004                     ??_read_adc:
  6689                           
  6690                           ; 1 bytes @ 0x2
  6691   000004                     	ds	1
  6692   000005                     clcd_putch@data:
  6693                           	callstack 0
  6694   000005                     init_ds1307@dummy:
  6695                           	callstack 0
  6696   000005                     
  6697                           ; 1 bytes @ 0x3
  6698   000005                     	ds	1
  6699   000006                     clcd_print@addr:
  6700                           	callstack 0
  6701   000006                     ___lwmod@counter:
  6702                           	callstack 0
  6703   000006                     read_adc@reg_val:
  6704                           	callstack 0
  6705   000006                     ___lwdiv@quotient:
  6706                           	callstack 0
  6707   000006                     
  6708                           ; 1 bytes @ 0x4
  6709   000006                     	ds	1
  6710   000007                     download_log@gear:
  6711                           	callstack 0
  6712   000007                     ??_display_main_menu:
  6713   000007                     ??_view_log:
  6714   000007                     
  6715                           ; 1 bytes @ 0x5
  6716   000007                     	ds	1
  6717   000008                     read_adc@channel:
  6718                           	callstack 0
  6719   000008                     ___lwdiv@counter:
  6720                           	callstack 0
  6721   000008                     display_main_menu@menu:
  6722                           	callstack 0
  6723                           
  6724                           ; 10 bytes @ 0x6
  6725   000008                     	ds	1
  6726   000009                     ?___xxtofl:
  6727                           	callstack 0
  6728   000009                     bcd_converter@num:
  6729                           	callstack 0
  6730   000009                     ___xxtofl@val:
  6731                           	callstack 0
  6732                           
  6733                           ; 4 bytes @ 0x7
  6734   000009                     	ds	2
  6735   00000B                     bcd_converter@ch:
  6736                           	callstack 0
  6737   00000B                     
  6738                           ; 1 bytes @ 0x9
  6739   00000B                     	ds	1
  6740   00000C                     ??_set_time:
  6741                           
  6742                           ; 1 bytes @ 0xA
  6743   00000C                     	ds	1
  6744   00000D                     ??___xxtofl:
  6745                           
  6746                           ; 1 bytes @ 0xB
  6747   00000D                     	ds	1
  6748   00000E                     set_time@hour:
  6749                           	callstack 0
  6750   00000E                     download_log@si_no:
  6751                           	callstack 0
  6752                           
  6753                           ; 10 bytes @ 0xC
  6754   00000E                     	ds	1
  6755   00000F                     set_time@minute:
  6756                           	callstack 0
  6757                           
  6758                           ; 1 bytes @ 0xD
  6759   00000F                     	ds	1
  6760   000010                     set_time@second:
  6761                           	callstack 0
  6762                           
  6763                           ; 1 bytes @ 0xE
  6764   000010                     	ds	1
  6765   000011                     ___xxtofl@sign:
  6766                           	callstack 0
  6767                           
  6768                           ; 1 bytes @ 0xF
  6769   000011                     	ds	1
  6770   000012                     ___xxtofl@exp:
  6771                           	callstack 0
  6772                           
  6773                           ; 1 bytes @ 0x10
  6774   000012                     	ds	1
  6775   000013                     ___xxtofl@arg:
  6776                           	callstack 0
  6777                           
  6778                           ; 4 bytes @ 0x11
  6779   000013                     	ds	4
  6780   000017                     ?___fldiv:
  6781                           	callstack 0
  6782   000017                     ___fldiv@b:
  6783                           	callstack 0
  6784                           
  6785                           ; 4 bytes @ 0x15
  6786   000017                     	ds	1
  6787   000018                     download_log@speed:
  6788                           	callstack 0
  6789                           
  6790                           ; 8 bytes @ 0x16
  6791   000018                     	ds	3
  6792   00001B                     ___fldiv@a:
  6793                           	callstack 0
  6794                           
  6795                           ; 4 bytes @ 0x19
  6796   00001B                     	ds	4
  6797   00001F                     ??___fldiv:
  6798                           
  6799                           ; 1 bytes @ 0x1D
  6800   00001F                     	ds	1
  6801   000020                     download_log@time:
  6802                           	callstack 0
  6803                           
  6804                           ; 9 bytes @ 0x1E
  6805   000020                     	ds	3
  6806   000023                     ___fldiv@rem:
  6807                           	callstack 0
  6808                           
  6809                           ; 4 bytes @ 0x21
  6810   000023                     	ds	4
  6811   000027                     ___fldiv@sign:
  6812                           	callstack 0
  6813                           
  6814                           ; 1 bytes @ 0x25
  6815   000027                     	ds	1
  6816   000028                     ___fldiv@new_exp:
  6817                           	callstack 0
  6818                           
  6819                           ; 2 bytes @ 0x26
  6820   000028                     	ds	1
  6821   000029                     download_log@ind:
  6822                           	callstack 0
  6823                           
  6824                           ; 2 bytes @ 0x27
  6825   000029                     	ds	1
  6826   00002A                     ___fldiv@grs:
  6827                           	callstack 0
  6828                           
  6829                           ; 4 bytes @ 0x28
  6830   00002A                     	ds	4
  6831   00002E                     ___fldiv@bexp:
  6832                           	callstack 0
  6833                           
  6834                           ; 1 bytes @ 0x2C
  6835   00002E                     	ds	1
  6836   00002F                     ___fldiv@aexp:
  6837                           	callstack 0
  6838                           
  6839                           ; 1 bytes @ 0x2D
  6840   00002F                     	ds	1
  6841   000030                     ?___fltol:
  6842                           	callstack 0
  6843   000030                     ___fltol@f1:
  6844                           	callstack 0
  6845                           
  6846                           ; 4 bytes @ 0x2E
  6847   000030                     	ds	4
  6848   000034                     ??___fltol:
  6849                           
  6850                           ; 1 bytes @ 0x32
  6851   000034                     	ds	4
  6852   000038                     ___fltol@sign1:
  6853                           	callstack 0
  6854                           
  6855                           ; 1 bytes @ 0x36
  6856   000038                     	ds	1
  6857   000039                     ___fltol@exp1:
  6858                           	callstack 0
  6859                           
  6860                           ; 1 bytes @ 0x37
  6861   000039                     	ds	1
  6862   00003A                     view_dashboard@i:
  6863                           	callstack 0
  6864   00003A                     
  6865                           ; 1 bytes @ 0x38
  6866   00003A                     	ds	2
  6867   00003C                     ??_main:
  6868                           
  6869                           ; 1 bytes @ 0x3A
  6870   00003C                     	ds	2
  6871                           
  6872 ;;
  6873 ;;Main: autosize = 0, tempsize = 2, incstack = 0, save=0
  6874 ;;
  6875 ;; *************** function _main *****************
  6876 ;; Defined at:
  6877 ;;		line 27 in file "main.c"
  6878 ;; Parameters:    Size  Location     Type
  6879 ;;		None
  6880 ;; Auto vars:     Size  Location     Type
  6881 ;;		None
  6882 ;; Return value:  Size  Location     Type
  6883 ;;                  1    wreg      void 
  6884 ;; Registers used:
  6885 ;;		wreg, fsr0l, fsr0h, fsr1l, fsr1h, fsr2l, fsr2h, status,2, status,0, tblptrl, tblptrh, tblptru, prodl, prodh, cstack
  6886 ;; Tracked objects:
  6887 ;;		On entry : 0/0
  6888 ;;		On exit  : 0/0
  6889 ;;		Unchanged: 0/0
  6890 ;; Data sizes:     COMRAM   BANK0   BANK1   BANK2   BANK3   BANK4   BANK5
  6891 ;;      Params:         0       0       0       0       0       0       0
  6892 ;;      Locals:         0       0       0       0       0       0       0
  6893 ;;      Temps:          2       0       0       0       0       0       0
  6894 ;;      Totals:         2       0       0       0       0       0       0
  6895 ;;Total ram usage:        2 bytes
  6896 ;; Hardware stack levels required when called: 7
  6897 ;; This function calls:
  6898 ;;		_clcd_print
  6899 ;;		_clear_clcd
  6900 ;;		_display_main_menu
  6901 ;;		_download_log
  6902 ;;		_init_config
  6903 ;;		_puts
  6904 ;;		_set_time
  6905 ;;		_view_dashboard
  6906 ;;		_view_log
  6907 ;; This function is called by:
  6908 ;;		Startup code after reset
  6909 ;; This function uses a non-reentrant model
  6910 ;;
  6911                           
  6912                           	psect	text0
  6913   000D16                     __ptext0:
  6914                           	callstack 0
  6915   000D16                     _main:
  6916                           	callstack 24
  6917   000D16                     
  6918                           ;main.c: 29:     init_config();
  6919   000D16  EC56  F00C         	call	_init_config	;wreg free
  6920   000D1A  EF2D  F007         	goto	l3311
  6921   000D1E                     l3267:
  6922                           
  6923                           ;main.c: 36:                 clcd_print("GR SPD   TIME   ", (0x80 + (0)));
  6924   000D1E  0E7C               	movlw	low STR_1
  6925   000D20  6E04               	movwf	clcd_print@data^0,c
  6926   000D22  0E2F               	movlw	high STR_1
  6927   000D24  6E05               	movwf	(clcd_print@data+1)^0,c
  6928   000D26  0E80               	movlw	128
  6929   000D28  6E06               	movwf	clcd_print@addr^0,c
  6930   000D2A  EC9E  F00A         	call	_clcd_print	;wreg free
  6931   000D2E                     
  6932                           ;main.c: 37:                 view_dashboard();
  6933   000D2E  EC5F  F003         	call	_view_dashboard	;wreg free
  6934                           
  6935                           ;main.c: 38:                 break;
  6936   000D32  EF2D  F007         	goto	l3311
  6937   000D36                     l3271:
  6938                           
  6939                           ;main.c: 41:                 clcd_print("-> ",(0x80 + (0)));
  6940   000D36  0EF8               	movlw	low STR_2
  6941   000D38  6E04               	movwf	clcd_print@data^0,c
  6942   000D3A  0E2F               	movlw	high STR_2
  6943   000D3C  6E05               	movwf	(clcd_print@data+1)^0,c
  6944   000D3E  0E80               	movlw	128
  6945   000D40  6E06               	movwf	clcd_print@addr^0,c
  6946   000D42  EC9E  F00A         	call	_clcd_print	;wreg free
  6947                           
  6948                           ;main.c: 42:                 clcd_print("   ",(0xC0 + (0)));
  6949   000D46  0E56               	movlw	low (STR_12+13)
  6950   000D48  6E04               	movwf	clcd_print@data^0,c
  6951   000D4A  0E2F               	movlw	high (STR_12+13)
  6952   000D4C  6E05               	movwf	(clcd_print@data+1)^0,c
  6953   000D4E  0EC0               	movlw	192
  6954   000D50  6E06               	movwf	clcd_print@addr^0,c
  6955   000D52  EC9E  F00A         	call	_clcd_print	;wreg free
  6956   000D56                     
  6957                           ;main.c: 43:                 display_main_menu();
  6958   000D56  EC21  F009         	call	_display_main_menu	;wreg free
  6959                           
  6960                           ;main.c: 44:                 break;
  6961   000D5A  EF2D  F007         	goto	l3311
  6962   000D5E                     l3275:
  6963                           
  6964                           ;main.c: 47:                 if(!log_num) clcd_print("    Log Empty   ", (0x80 + (0)));
  6965   000D5E  5051               	movf	_log_num^0,w,c
  6966   000D60  1052               	iorwf	(_log_num+1)^0,w,c
  6967   000D62  A4D8               	btfss	status,2,c
  6968   000D64  EFB6  F006         	goto	u2541
  6969   000D68  EFB8  F006         	goto	u2540
  6970   000D6C                     u2541:
  6971   000D6C  EFC2  F006         	goto	l3279
  6972   000D70                     u2540:
  6973   000D70  0E8D               	movlw	low STR_4
  6974   000D72  6E04               	movwf	clcd_print@data^0,c
  6975   000D74  0E2F               	movlw	high STR_4
  6976   000D76  6E05               	movwf	(clcd_print@data+1)^0,c
  6977   000D78  0E80               	movlw	128
  6978   000D7A  6E06               	movwf	clcd_print@addr^0,c
  6979   000D7C  EC9E  F00A         	call	_clcd_print	;wreg free
  6980   000D80  EF2D  F007         	goto	l3311
  6981   000D84                     l3279:
  6982                           
  6983                           ;main.c: 49:                     clcd_print("#GR SPD   TIME  ", (0x80 + (0)));
  6984   000D84  0E9E               	movlw	low STR_5
  6985   000D86  6E04               	movwf	clcd_print@data^0,c
  6986   000D88  0E2F               	movlw	high STR_5
  6987   000D8A  6E05               	movwf	(clcd_print@data+1)^0,c
  6988   000D8C  0E80               	movlw	128
  6989   000D8E  6E06               	movwf	clcd_print@addr^0,c
  6990   000D90  EC9E  F00A         	call	_clcd_print	;wreg free
  6991   000D94                     
  6992                           ;main.c: 50:                     view_log();
  6993   000D94  ECD4  F004         	call	_view_log	;wreg free
  6994   000D98  EF2D  F007         	goto	l3311
  6995   000D9C                     l3283:
  6996                           
  6997                           ;main.c: 55:                 clcd_print("    HH:MM:SS    ", (0x80 + (0)));
  6998   000D9C  0E6B               	movlw	low STR_6
  6999   000D9E  6E04               	movwf	clcd_print@data^0,c
  7000   000DA0  0E2F               	movlw	high STR_6
  7001   000DA2  6E05               	movwf	(clcd_print@data+1)^0,c
  7002   000DA4  0E80               	movlw	128
  7003   000DA6  6E06               	movwf	clcd_print@addr^0,c
  7004   000DA8  EC9E  F00A         	call	_clcd_print	;wreg free
  7005                           
  7006                           ;main.c: 56:                 set_time();
  7007   000DAC  ECD0  F001         	call	_set_time	;wreg free
  7008                           
  7009                           ;main.c: 57:                 break;
  7010   000DB0  EF2D  F007         	goto	l3311
  7011   000DB4                     l3285:
  7012                           
  7013                           ;main.c: 60:                 if(!log_num) puts("\r\nLog is EMPTY!\r\n");
  7014   000DB4  5051               	movf	_log_num^0,w,c
  7015   000DB6  1052               	iorwf	(_log_num+1)^0,w,c
  7016   000DB8  A4D8               	btfss	status,2,c
  7017   000DBA  EFE1  F006         	goto	u2551
  7018   000DBE  EFE3  F006         	goto	u2550
  7019   000DC2                     u2551:
  7020   000DC2  EFEB  F006         	goto	l3289
  7021   000DC6                     u2550:
  7022   000DC6  0E04               	movlw	low STR_7
  7023   000DC8  6E03               	movwf	puts@s^0,c
  7024   000DCA  0E2F               	movlw	high STR_7
  7025   000DCC  6E04               	movwf	(puts@s+1)^0,c
  7026   000DCE  EC35  F00B         	call	_puts	;wreg free
  7027   000DD2  EFF9  F006         	goto	l3293
  7028   000DD6                     l3289:
  7029                           
  7030                           ;main.c: 62:                     puts("\r\n SI.NO   SPEED  GEAR    TIME  \r\n");
  7031   000DD6  0E9F               	movlw	low STR_8
  7032   000DD8  6E03               	movwf	puts@s^0,c
  7033   000DDA  0E2E               	movlw	high STR_8
  7034   000DDC  6E04               	movwf	(puts@s+1)^0,c
  7035   000DDE  EC35  F00B         	call	_puts	;wreg free
  7036                           
  7037                           ;main.c: 63:                     puts("------------------------------\r\n");
  7038   000DE2  0EE3               	movlw	low STR_9
  7039   000DE4  6E03               	movwf	puts@s^0,c
  7040   000DE6  0E2E               	movlw	high STR_9
  7041   000DE8  6E04               	movwf	(puts@s+1)^0,c
  7042   000DEA  EC35  F00B         	call	_puts	;wreg free
  7043   000DEE                     
  7044                           ;main.c: 64:                     download_log();
  7045   000DEE  EC54  F007         	call	_download_log	;wreg free
  7046   000DF2                     l3293:
  7047                           
  7048                           ;main.c: 66:                 state = e_main_menu;
  7049   000DF2  0E01               	movlw	1
  7050   000DF4  6E56               	movwf	_state^0,c
  7051   000DF6                     
  7052                           ;main.c: 67:                 _delay((unsigned long)((3000)*(20000000/4000.0)));
  7053   000DF6  0E4D               	movlw	77
  7054   000DF8  6E3D               	movwf	(??_main+1)^0,c
  7055   000DFA  0E19               	movlw	25
  7056   000DFC  6E3C               	movwf	??_main^0,c
  7057   000DFE  0E50               	movlw	80
  7058   000E00                     u2607:
  7059   000E00  2EE8               	decfsz	wreg,f,c
  7060   000E02  D7FE               	bra	u2607
  7061   000E04  2E3C               	decfsz	??_main^0,f,c
  7062   000E06  D7FC               	bra	u2607
  7063   000E08  2E3D               	decfsz	(??_main+1)^0,f,c
  7064   000E0A  D7FA               	bra	u2607
  7065   000E0C                     l3297:
  7066                           
  7067                           ;main.c: 68:                 clear_clcd();
  7068   000E0C  EC45  F00C         	call	_clear_clcd	;wreg free
  7069                           
  7070                           ;main.c: 69:                 break;
  7071   000E10  EF2D  F007         	goto	l3311
  7072   000E14                     l3299:
  7073                           
  7074                           ;main.c: 73:                 log_num = 0;
  7075   000E14  6A52               	clrf	(_log_num+1)^0,c
  7076   000E16  0E00               	movlw	0
  7077   000E18  6E51               	movwf	_log_num^0,c
  7078   000E1A                     
  7079                           ;main.c: 74:                 clcd_print(" LOG CLEARED    ", (0x80 + (0)));
  7080   000E1A  0E5A               	movlw	low STR_10
  7081   000E1C  6E04               	movwf	clcd_print@data^0,c
  7082   000E1E  0E2F               	movlw	high STR_10
  7083   000E20  6E05               	movwf	(clcd_print@data+1)^0,c
  7084   000E22  0E80               	movlw	128
  7085   000E24  6E06               	movwf	clcd_print@addr^0,c
  7086   000E26  EC9E  F00A         	call	_clcd_print	;wreg free
  7087   000E2A                     
  7088                           ;main.c: 75:                 clcd_print("   SUCCESSFULLY ", (0xC0 + (0)));
  7089   000E2A  0EAF               	movlw	low STR_11
  7090   000E2C  6E04               	movwf	clcd_print@data^0,c
  7091   000E2E  0E2F               	movlw	high STR_11
  7092   000E30  6E05               	movwf	(clcd_print@data+1)^0,c
  7093   000E32  0EC0               	movlw	192
  7094   000E34  6E06               	movwf	clcd_print@addr^0,c
  7095   000E36  EC9E  F00A         	call	_clcd_print	;wreg free
  7096                           
  7097                           ;main.c: 76:                 state = e_main_menu;
  7098   000E3A  0E01               	movlw	1
  7099   000E3C  6E56               	movwf	_state^0,c
  7100   000E3E                     
  7101                           ;main.c: 77:                 _delay((unsigned long)((1000)*(20000000/4000.0)));
  7102   000E3E  0E1A               	movlw	26
  7103   000E40  6E3D               	movwf	(??_main+1)^0,c
  7104   000E42  0E5E               	movlw	94
  7105   000E44  6E3C               	movwf	??_main^0,c
  7106   000E46  0E6E               	movlw	110
  7107   000E48                     u2617:
  7108   000E48  2EE8               	decfsz	wreg,f,c
  7109   000E4A  D7FE               	bra	u2617
  7110   000E4C  2E3C               	decfsz	??_main^0,f,c
  7111   000E4E  D7FC               	bra	u2617
  7112   000E50  2E3D               	decfsz	(??_main+1)^0,f,c
  7113   000E52  D7FA               	bra	u2617
  7114   000E54  D000               	nop2	
  7115   000E56  EF06  F007         	goto	l3297
  7116   000E5A                     l3311:
  7117   000E5A  5056               	movf	_state^0,w,c
  7118   000E5C  6E3C               	movwf	??_main^0,c
  7119   000E5E  6A3D               	clrf	(??_main+1)^0,c
  7120                           
  7121                           ; Switch on 2 bytes has been partitioned into a top level switch of size 1, and 1 sub-sw
      +                          itches
  7122                           ; Switch size 1, requested type "simple"
  7123                           ; Number of cases is 1, Range of values is 0 to 0
  7124                           ; switch strategies available:
  7125                           ; Name         Instructions Cycles
  7126                           ; simple_byte            4     3 (average)
  7127                           ;	Chosen strategy is simple_byte
  7128   000E60  503D               	movf	(??_main+1)^0,w,c
  7129   000E62  0A00               	xorlw	0	; case 0
  7130   000E64  B4D8               	btfsc	status,2,c
  7131   000E66  EF37  F007         	goto	l3361
  7132   000E6A  EF2D  F007         	goto	l3311
  7133   000E6E                     l3361:
  7134                           
  7135                           ; Switch size 1, requested type "simple"
  7136                           ; Number of cases is 6, Range of values is 0 to 5
  7137                           ; switch strategies available:
  7138                           ; Name         Instructions Cycles
  7139                           ; simple_byte           19    10 (average)
  7140                           ;	Chosen strategy is simple_byte
  7141   000E6E  503C               	movf	??_main^0,w,c
  7142   000E70  0A00               	xorlw	0	; case 0
  7143   000E72  B4D8               	btfsc	status,2,c
  7144   000E74  EF8F  F006         	goto	l3267
  7145   000E78  0A01               	xorlw	1	; case 1
  7146   000E7A  B4D8               	btfsc	status,2,c
  7147   000E7C  EF9B  F006         	goto	l3271
  7148   000E80  0A03               	xorlw	3	; case 2
  7149   000E82  B4D8               	btfsc	status,2,c
  7150   000E84  EFAF  F006         	goto	l3275
  7151   000E88  0A01               	xorlw	1	; case 3
  7152   000E8A  B4D8               	btfsc	status,2,c
  7153   000E8C  EFCE  F006         	goto	l3283
  7154   000E90  0A07               	xorlw	7	; case 4
  7155   000E92  B4D8               	btfsc	status,2,c
  7156   000E94  EFDA  F006         	goto	l3285
  7157   000E98  0A01               	xorlw	1	; case 5
  7158   000E9A  B4D8               	btfsc	status,2,c
  7159   000E9C  EF0A  F007         	goto	l3299
  7160   000EA0  EF2D  F007         	goto	l3311
  7161   000EA4  EF07  F000         	goto	start
  7162   000EA8                     __end_of_main:
  7163                           	callstack 0
  7164                           
  7165 ;; *************** function _view_log *****************
  7166 ;; Defined at:
  7167 ;;		line 15 in file "view_log.c"
  7168 ;; Parameters:    Size  Location     Type
  7169 ;;		None
  7170 ;; Auto vars:     Size  Location     Type
  7171 ;;		None
  7172 ;; Return value:  Size  Location     Type
  7173 ;;                  1    wreg      void 
  7174 ;; Registers used:
  7175 ;;		wreg, fsr0l, fsr0h, status,2, status,0, tblptrl, tblptrh, tblptru, prodl, prodh, cstack
  7176 ;; Tracked objects:
  7177 ;;		On entry : 0/0
  7178 ;;		On exit  : 0/0
  7179 ;;		Unchanged: 0/0
  7180 ;; Data sizes:     COMRAM   BANK0   BANK1   BANK2   BANK3   BANK4   BANK5
  7181 ;;      Params:         0       0       0       0       0       0       0
  7182 ;;      Locals:         0       0       0       0       0       0       0
  7183 ;;      Temps:          2       0       0       0       0       0       0
  7184 ;;      Totals:         2       0       0       0       0       0       0
  7185 ;;Total ram usage:        2 bytes
  7186 ;; Hardware stack levels used: 1
  7187 ;; Hardware stack levels required when called: 3
  7188 ;; This function calls:
  7189 ;;		_clcd_print
  7190 ;;		_clcd_putch
  7191 ;;		_clear_clcd
  7192 ;;		_read_internal_eeprom
  7193 ;;		_read_switches
  7194 ;; This function is called by:
  7195 ;;		_main
  7196 ;; This function uses a non-reentrant model
  7197 ;;
  7198                           
  7199                           	psect	text1
  7200   0009A8                     __ptext1:
  7201                           	callstack 0
  7202   0009A8                     _view_log:
  7203                           	callstack 27
  7204   0009A8                     
  7205                           ;view_log.c: 17:     key = read_switches(1);
  7206   0009A8  0E01               	movlw	1
  7207   0009AA  EC2B  F00A         	call	_read_switches
  7208   0009AE  6E5E               	movwf	_key^0,c
  7209   0009B0                     
  7210                           ;view_log.c: 29:     if(key == 1 && ind > 0) ind--;
  7211   0009B0  045E               	decf	_key^0,w,c
  7212   0009B2  A4D8               	btfss	status,2,c
  7213   0009B4  EFDE  F004         	goto	u2271
  7214   0009B8  EFE0  F004         	goto	u2270
  7215   0009BC                     u2271:
  7216   0009BC  EFF2  F004         	goto	l3077
  7217   0009C0                     u2270:
  7218   0009C0  BE50               	btfsc	(_ind+1)^0,7,c
  7219   0009C2  EFEB  F004         	goto	u2281
  7220   0009C6  5050               	movf	(_ind+1)^0,w,c
  7221   0009C8  E108               	bnz	u2280
  7222   0009CA  044F               	decf	_ind^0,w,c
  7223   0009CC  A0D8               	btfss	status,0,c
  7224   0009CE  EFEB  F004         	goto	u2281
  7225   0009D2  EFED  F004         	goto	u2280
  7226   0009D6                     u2281:
  7227   0009D6  EFF2  F004         	goto	l3077
  7228   0009DA                     u2280:
  7229   0009DA  064F               	decf	_ind^0,f,c
  7230   0009DC  A0D8               	btfss	status,0,c
  7231   0009DE  0650               	decf	(_ind+1)^0,f,c
  7232   0009E0  EF25  F005         	goto	l3093
  7233   0009E4                     l3077:
  7234   0009E4  0E02               	movlw	2
  7235   0009E6  185E               	xorwf	_key^0,w,c
  7236   0009E8  A4D8               	btfss	status,2,c
  7237   0009EA  EFF9  F004         	goto	u2291
  7238   0009EE  EFFB  F004         	goto	u2290
  7239   0009F2                     u2291:
  7240   0009F2  EF10  F005         	goto	l3083
  7241   0009F6                     u2290:
  7242   0009F6  0EFF               	movlw	255
  7243   0009F8  2451               	addwf	_log_num^0,w,c
  7244   0009FA  6E07               	movwf	??_view_log^0,c
  7245   0009FC  0EFF               	movlw	255
  7246   0009FE  2052               	addwfc	(_log_num+1)^0,w,c
  7247   000A00  6E08               	movwf	(??_view_log+1)^0,c
  7248   000A02  5007               	movf	??_view_log^0,w,c
  7249   000A04  5C4F               	subwf	_ind^0,w,c
  7250   000A06  5008               	movf	(??_view_log+1)^0,w,c
  7251   000A08  5850               	subwfb	(_ind+1)^0,w,c
  7252   000A0A  B0D8               	btfsc	status,0,c
  7253   000A0C  EF0A  F005         	goto	u2301
  7254   000A10  EF0C  F005         	goto	u2300
  7255   000A14                     u2301:
  7256   000A14  EF10  F005         	goto	l3083
  7257   000A18                     u2300:
  7258   000A18  4A4F               	infsnz	_ind^0,f,c
  7259   000A1A  2A50               	incf	(_ind+1)^0,f,c
  7260   000A1C  EF25  F005         	goto	l3093
  7261   000A20                     l3083:
  7262   000A20  0E0C               	movlw	12
  7263   000A22  185E               	xorwf	_key^0,w,c
  7264   000A24  A4D8               	btfss	status,2,c
  7265   000A26  EF17  F005         	goto	u2311
  7266   000A2A  EF19  F005         	goto	u2310
  7267   000A2E                     u2311:
  7268   000A2E  EF25  F005         	goto	l3093
  7269   000A32                     u2310:
  7270   000A32                     
  7271                           ;view_log.c: 32:         pind = -1;
  7272   000A32  0100               	movlb	0	; () banked
  7273   000A34  698E               	setf	_pind& (0+255),b
  7274   000A36  698F               	setf	(_pind+1)& (0+255),b
  7275   000A38                     
  7276                           ; BSR set to: 0
  7277                           ;view_log.c: 33:         ind = 0;
  7278   000A38  6A50               	clrf	(_ind+1)^0,c
  7279   000A3A  0E00               	movlw	0
  7280   000A3C  6E4F               	movwf	_ind^0,c
  7281                           
  7282                           ;view_log.c: 34:         state = e_main_menu;
  7283   000A3E  0E01               	movlw	1
  7284   000A40  6E56               	movwf	_state^0,c
  7285   000A42                     
  7286                           ; BSR set to: 0
  7287                           ;view_log.c: 35:         clear_clcd();
  7288   000A42  EC45  F00C         	call	_clear_clcd	;wreg free
  7289   000A46  EFB0  F005         	goto	l362
  7290   000A4A                     l3093:
  7291                           
  7292                           ;view_log.c: 38:     if(ind == 9 ) clcd_putch('A', (0xC0 + (0)));
  7293   000A4A  0E09               	movlw	9
  7294   000A4C  184F               	xorwf	_ind^0,w,c
  7295   000A4E  1050               	iorwf	(_ind+1)^0,w,c
  7296   000A50  A4D8               	btfss	status,2,c
  7297   000A52  EF2D  F005         	goto	u2321
  7298   000A56  EF2F  F005         	goto	u2320
  7299   000A5A                     u2321:
  7300   000A5A  EF36  F005         	goto	l3097
  7301   000A5E                     u2320:
  7302   000A5E  0EC0               	movlw	192
  7303   000A60  6E04               	movwf	clcd_putch@addr^0,c
  7304   000A62  0E41               	movlw	65
  7305   000A64  EC93  F00C         	call	_clcd_putch
  7306   000A68  EF3C  F005         	goto	l3099
  7307   000A6C                     l3097:
  7308   000A6C  0EC0               	movlw	192
  7309   000A6E  6E04               	movwf	clcd_putch@addr^0,c
  7310   000A70  504F               	movf	_ind^0,w,c
  7311   000A72  0F31               	addlw	49
  7312   000A74  EC93  F00C         	call	_clcd_putch
  7313   000A78                     l3099:
  7314                           
  7315                           ;view_log.c: 41:     if(ind != pind) {
  7316   000A78  0100               	movlb	0	; () banked
  7317   000A7A  518E               	movf	_pind& (0+255),w,b
  7318   000A7C  184F               	xorwf	_ind^0,w,c
  7319   000A7E  E109               	bnz	u2330
  7320   000A80  518F               	movf	(_pind+1)& (0+255),w,b
  7321   000A82  1850               	xorwf	(_ind+1)^0,w,c
  7322   000A84  B4D8               	btfsc	status,2,c
  7323   000A86  EF47  F005         	goto	u2331
  7324   000A8A  EF49  F005         	goto	u2330
  7325   000A8E                     u2331:
  7326   000A8E  EFB0  F005         	goto	l362
  7327   000A92                     u2330:
  7328   000A92                     
  7329                           ; BSR set to: 0
  7330                           ;view_log.c: 42:         pind = ind;
  7331   000A92  C04F  F08E         	movff	_ind,_pind
  7332   000A96  C050  F08F         	movff	_ind+1,_pind+1
  7333   000A9A                     
  7334                           ; BSR set to: 0
  7335                           ;view_log.c: 43:         gear[0] = read_internal_eeprom(ind * 10);
  7336   000A9A  504F               	movf	_ind^0,w,c
  7337   000A9C  0D0A               	mullw	10
  7338   000A9E  50F3               	movf	243,w,c
  7339   000AA0  ECD2  F00C         	call	_read_internal_eeprom
  7340   000AA4  6E5B               	movwf	_gear^0,c
  7341                           
  7342                           ;view_log.c: 45:         speed[0] = read_internal_eeprom((ind * 10) + 1);
  7343   000AA6  504F               	movf	_ind^0,w,c
  7344   000AA8  0D0A               	mullw	10
  7345   000AAA  28F3               	incf	243,w,c
  7346   000AAC  ECD2  F00C         	call	_read_internal_eeprom
  7347   000AB0  6E57               	movwf	_speed^0,c
  7348                           
  7349                           ;view_log.c: 46:         speed[1] = read_internal_eeprom((ind * 10) + 2);
  7350   000AB2  504F               	movf	_ind^0,w,c
  7351   000AB4  0D0A               	mullw	10
  7352   000AB6  50F3               	movf	243,w,c
  7353   000AB8  0F02               	addlw	2
  7354   000ABA  ECD2  F00C         	call	_read_internal_eeprom
  7355   000ABE  6E58               	movwf	(_speed+1)^0,c
  7356                           
  7357                           ;view_log.c: 47:         speed[2] = read_internal_eeprom((ind * 10) + 3);
  7358   000AC0  504F               	movf	_ind^0,w,c
  7359   000AC2  0D0A               	mullw	10
  7360   000AC4  50F3               	movf	243,w,c
  7361   000AC6  0F03               	addlw	3
  7362   000AC8  ECD2  F00C         	call	_read_internal_eeprom
  7363   000ACC  6E59               	movwf	(_speed+2)^0,c
  7364                           
  7365                           ;view_log.c: 49:         time[0] = read_internal_eeprom((ind * 10) + 4);
  7366   000ACE  504F               	movf	_ind^0,w,c
  7367   000AD0  0D0A               	mullw	10
  7368   000AD2  50F3               	movf	243,w,c
  7369   000AD4  0F04               	addlw	4
  7370   000AD6  ECD2  F00C         	call	_read_internal_eeprom
  7371   000ADA  0100               	movlb	0	; () banked
  7372   000ADC  6F9A               	movwf	_time& (0+255),b
  7373                           
  7374                           ;view_log.c: 50:         time[1] = read_internal_eeprom((ind * 10) + 5);
  7375   000ADE  504F               	movf	_ind^0,w,c
  7376   000AE0  0D0A               	mullw	10
  7377   000AE2  50F3               	movf	243,w,c
  7378   000AE4  0F05               	addlw	5
  7379   000AE6  ECD2  F00C         	call	_read_internal_eeprom
  7380   000AEA  0100               	movlb	0	; () banked
  7381   000AEC  6F9B               	movwf	(_time+1)& (0+255),b
  7382   000AEE                     
  7383                           ; BSR set to: 0
  7384                           ;view_log.c: 51:         time[2] = ':';
  7385   000AEE  0E3A               	movlw	58
  7386   000AF0  6F9C               	movwf	(_time+2)& (0+255),b
  7387   000AF2                     
  7388                           ; BSR set to: 0
  7389                           ;view_log.c: 52:         time[3] = read_internal_eeprom((ind * 10) + 6);
  7390   000AF2  504F               	movf	_ind^0,w,c
  7391   000AF4  0D0A               	mullw	10
  7392   000AF6  50F3               	movf	243,w,c
  7393   000AF8  0F06               	addlw	6
  7394   000AFA  ECD2  F00C         	call	_read_internal_eeprom
  7395   000AFE  0100               	movlb	0	; () banked
  7396   000B00  6F9D               	movwf	(_time+3)& (0+255),b
  7397   000B02                     
  7398                           ; BSR set to: 0
  7399                           ;view_log.c: 53:         time[4] = read_internal_eeprom((ind * 10) + 7);
  7400   000B02  504F               	movf	_ind^0,w,c
  7401   000B04  0D0A               	mullw	10
  7402   000B06  50F3               	movf	243,w,c
  7403   000B08  0F07               	addlw	7
  7404   000B0A  ECD2  F00C         	call	_read_internal_eeprom
  7405   000B0E  0100               	movlb	0	; () banked
  7406   000B10  6F9E               	movwf	(_time+4)& (0+255),b
  7407   000B12                     
  7408                           ; BSR set to: 0
  7409                           ;view_log.c: 54:         time[5] = ':';
  7410   000B12  0E3A               	movlw	58
  7411   000B14  6F9F               	movwf	(_time+5)& (0+255),b
  7412                           
  7413                           ;view_log.c: 55:         time[6] = read_internal_eeprom((ind * 10) + 8);
  7414   000B16  504F               	movf	_ind^0,w,c
  7415   000B18  0D0A               	mullw	10
  7416   000B1A  50F3               	movf	243,w,c
  7417   000B1C  0F08               	addlw	8
  7418   000B1E  ECD2  F00C         	call	_read_internal_eeprom
  7419   000B22  0100               	movlb	0	; () banked
  7420   000B24  6FA0               	movwf	(_time+6)& (0+255),b
  7421                           
  7422                           ;view_log.c: 56:         time[7] = read_internal_eeprom((ind * 10) + 9);
  7423   000B26  504F               	movf	_ind^0,w,c
  7424   000B28  0D0A               	mullw	10
  7425   000B2A  50F3               	movf	243,w,c
  7426   000B2C  0F09               	addlw	9
  7427   000B2E  ECD2  F00C         	call	_read_internal_eeprom
  7428   000B32  0100               	movlb	0	; () banked
  7429   000B34  6FA1               	movwf	(_time+7)& (0+255),b
  7430   000B36                     
  7431                           ; BSR set to: 0
  7432                           ;view_log.c: 58:         clcd_print(gear, (0xC0 + (2)));
  7433   000B36  0E5B               	movlw	low _gear
  7434   000B38  6E04               	movwf	clcd_print@data^0,c
  7435   000B3A  6A05               	clrf	(clcd_print@data+1)^0,c
  7436   000B3C  0EC2               	movlw	194
  7437   000B3E  6E06               	movwf	clcd_print@addr^0,c
  7438   000B40  EC9E  F00A         	call	_clcd_print	;wreg free
  7439   000B44                     
  7440                           ;view_log.c: 59:         clcd_print(speed, (0xC0 + (4)));
  7441   000B44  0E57               	movlw	low _speed
  7442   000B46  6E04               	movwf	clcd_print@data^0,c
  7443   000B48  6A05               	clrf	(clcd_print@data+1)^0,c
  7444   000B4A  0EC4               	movlw	196
  7445   000B4C  6E06               	movwf	clcd_print@addr^0,c
  7446   000B4E  EC9E  F00A         	call	_clcd_print	;wreg free
  7447   000B52                     
  7448                           ;view_log.c: 60:         clcd_print(time, (0xC0 + (8)));
  7449   000B52  0E9A               	movlw	low _time
  7450   000B54  6E04               	movwf	clcd_print@data^0,c
  7451   000B56  6A05               	clrf	(clcd_print@data+1)^0,c
  7452   000B58  0EC8               	movlw	200
  7453   000B5A  6E06               	movwf	clcd_print@addr^0,c
  7454   000B5C  EC9E  F00A         	call	_clcd_print	;wreg free
  7455   000B60                     l362:
  7456   000B60  0012               	return		;funcret
  7457   000B62                     __end_of_view_log:
  7458                           	callstack 0
  7459                           
  7460 ;; *************** function _clcd_putch *****************
  7461 ;; Defined at:
  7462 ;;		line 58 in file "clcd.c"
  7463 ;; Parameters:    Size  Location     Type
  7464 ;;  data            1    wreg     const unsigned char 
  7465 ;;  addr            1    2[COMRAM] unsigned char 
  7466 ;; Auto vars:     Size  Location     Type
  7467 ;;  data            1    3[COMRAM] const unsigned char 
  7468 ;; Return value:  Size  Location     Type
  7469 ;;                  1    wreg      void 
  7470 ;; Registers used:
  7471 ;;		wreg, status,2, cstack
  7472 ;; Tracked objects:
  7473 ;;		On entry : 0/0
  7474 ;;		On exit  : 0/0
  7475 ;;		Unchanged: 0/0
  7476 ;; Data sizes:     COMRAM   BANK0   BANK1   BANK2   BANK3   BANK4   BANK5
  7477 ;;      Params:         1       0       0       0       0       0       0
  7478 ;;      Locals:         1       0       0       0       0       0       0
  7479 ;;      Temps:          0       0       0       0       0       0       0
  7480 ;;      Totals:         2       0       0       0       0       0       0
  7481 ;;Total ram usage:        2 bytes
  7482 ;; Hardware stack levels used: 1
  7483 ;; Hardware stack levels required when called: 2
  7484 ;; This function calls:
  7485 ;;		_clcd_write
  7486 ;; This function is called by:
  7487 ;;		_view_log
  7488 ;; This function uses a non-reentrant model
  7489 ;;
  7490                           
  7491                           	psect	text2
  7492   001926                     __ptext2:
  7493                           	callstack 0
  7494   001926                     _clcd_putch:
  7495                           	callstack 27
  7496                           
  7497                           ;incstack = 0
  7498                           ;clcd_putch@data stored from wreg
  7499   001926  6E05               	movwf	clcd_putch@data^0,c
  7500   001928                     
  7501                           ;clcd.c: 58: void clcd_putch(const unsigned char data, unsigned char addr);clcd.c: 59: {
      +                          ;clcd.c: 60:  clcd_write(addr, 0);
  7502   001928  0E00               	movlw	0
  7503   00192A  6E02               	movwf	clcd_write@control_bit^0,c
  7504   00192C  5004               	movf	clcd_putch@addr^0,w,c
  7505   00192E  ECC9  F00B         	call	_clcd_write
  7506                           
  7507                           ;clcd.c: 61:  clcd_write(data, 1);
  7508   001932  0E01               	movlw	1
  7509   001934  6E02               	movwf	clcd_write@control_bit^0,c
  7510   001936  5005               	movf	clcd_putch@data^0,w,c
  7511   001938  ECC9  F00B         	call	_clcd_write
  7512   00193C  0012               	return		;funcret
  7513   00193E                     __end_of_clcd_putch:
  7514                           	callstack 0
  7515                           
  7516 ;; *************** function _view_dashboard *****************
  7517 ;; Defined at:
  7518 ;;		line 42 in file "view_dashboard.c"
  7519 ;; Parameters:    Size  Location     Type
  7520 ;;		None
  7521 ;; Auto vars:     Size  Location     Type
  7522 ;;  i               2   56[COMRAM] short 
  7523 ;; Return value:  Size  Location     Type
  7524 ;;                  1    wreg      void 
  7525 ;; Registers used:
  7526 ;;		wreg, fsr0l, fsr0h, fsr2l, fsr2h, status,2, status,0, tblptrl, tblptrh, tblptru, prodl, prodh, cstack
  7527 ;; Tracked objects:
  7528 ;;		On entry : 0/0
  7529 ;;		On exit  : 0/0
  7530 ;;		Unchanged: 0/0
  7531 ;; Data sizes:     COMRAM   BANK0   BANK1   BANK2   BANK3   BANK4   BANK5
  7532 ;;      Params:         0       0       0       0       0       0       0
  7533 ;;      Locals:         2       0       0       0       0       0       0
  7534 ;;      Temps:          0       0       0       0       0       0       0
  7535 ;;      Totals:         2       0       0       0       0       0       0
  7536 ;;Total ram usage:        2 bytes
  7537 ;; Hardware stack levels used: 1
  7538 ;; Hardware stack levels required when called: 3
  7539 ;; This function calls:
  7540 ;;		___fldiv
  7541 ;;		___fltol
  7542 ;;		___lwdiv
  7543 ;;		___lwmod
  7544 ;;		___xxtofl
  7545 ;;		_clcd_print
  7546 ;;		_clear_clcd
  7547 ;;		_get_time
  7548 ;;		_read_adc
  7549 ;;		_read_switches
  7550 ;;		_write_internal_eeprom
  7551 ;; This function is called by:
  7552 ;;		_main
  7553 ;; This function uses a non-reentrant model
  7554 ;;
  7555                           
  7556                           	psect	text3
  7557   0006BE                     __ptext3:
  7558                           	callstack 0
  7559   0006BE                     _view_dashboard:
  7560                           	callstack 27
  7561   0006BE                     
  7562                           ;view_dashboard.c: 44:     key = read_switches(1);
  7563   0006BE  0E01               	movlw	1
  7564   0006C0  EC2B  F00A         	call	_read_switches
  7565   0006C4  6E5E               	movwf	_key^0,c
  7566   0006C6                     
  7567                           ;view_dashboard.c: 45:     if(key == 11) {
  7568   0006C6  0E0B               	movlw	11
  7569   0006C8  185E               	xorwf	_key^0,w,c
  7570   0006CA  A4D8               	btfss	status,2,c
  7571   0006CC  EF6A  F003         	goto	u2081
  7572   0006D0  EF6C  F003         	goto	u2080
  7573   0006D4                     u2081:
  7574   0006D4  EF75  F003         	goto	l2969
  7575   0006D8                     u2080:
  7576   0006D8                     
  7577                           ;view_dashboard.c: 46:         index = 0;
  7578   0006D8  6A54               	clrf	(_index+1)^0,c
  7579   0006DA  0E00               	movlw	0
  7580   0006DC  6E53               	movwf	_index^0,c
  7581                           
  7582                           ;view_dashboard.c: 47:         state = e_main_menu;
  7583   0006DE  0E01               	movlw	1
  7584   0006E0  6E56               	movwf	_state^0,c
  7585   0006E2                     
  7586                           ;view_dashboard.c: 48:         clear_clcd();
  7587   0006E2  EC45  F00C         	call	_clear_clcd	;wreg free
  7588                           
  7589                           ;view_dashboard.c: 49:     }
  7590   0006E6  EF72  F004         	goto	l3025
  7591   0006EA                     l2969:
  7592                           
  7593                           ;view_dashboard.c: 51:         if(key == 1 && gr < 6) gr++;
  7594   0006EA  045E               	decf	_key^0,w,c
  7595   0006EC  A4D8               	btfss	status,2,c
  7596   0006EE  EF7B  F003         	goto	u2091
  7597   0006F2  EF7D  F003         	goto	u2090
  7598   0006F6                     u2091:
  7599   0006F6  EF8C  F003         	goto	l2975
  7600   0006FA                     u2090:
  7601   0006FA  504E               	movf	(_gr+1)^0,w,c
  7602   0006FC  E107               	bnz	u2101
  7603   0006FE  0E06               	movlw	6
  7604   000700  5C4D               	subwf	_gr^0,w,c
  7605   000702  B0D8               	btfsc	status,0,c
  7606   000704  EF86  F003         	goto	u2101
  7607   000708  EF88  F003         	goto	u2100
  7608   00070C                     u2101:
  7609   00070C  EF8C  F003         	goto	l2975
  7610   000710                     u2100:
  7611   000710  4A4D               	infsnz	_gr^0,f,c
  7612   000712  2A4E               	incf	(_gr+1)^0,f,c
  7613   000714  EFA1  F003         	goto	l2981
  7614   000718                     l2975:
  7615   000718  0E02               	movlw	2
  7616   00071A  185E               	xorwf	_key^0,w,c
  7617   00071C  A4D8               	btfss	status,2,c
  7618   00071E  EF93  F003         	goto	u2111
  7619   000722  EF95  F003         	goto	u2110
  7620   000726                     u2111:
  7621   000726  EFA1  F003         	goto	l2981
  7622   00072A                     u2110:
  7623   00072A  504D               	movf	_gr^0,w,c
  7624   00072C  104E               	iorwf	(_gr+1)^0,w,c
  7625   00072E  B4D8               	btfsc	status,2,c
  7626   000730  EF9C  F003         	goto	u2121
  7627   000734  EF9E  F003         	goto	u2120
  7628   000738                     u2121:
  7629   000738  EFA1  F003         	goto	l2981
  7630   00073C                     u2120:
  7631   00073C  064D               	decf	_gr^0,f,c
  7632   00073E  A0D8               	btfss	status,0,c
  7633   000740  064E               	decf	(_gr+1)^0,f,c
  7634   000742                     l2981:
  7635                           
  7636                           ;view_dashboard.c: 53:         if(gr == 0) gear[0] = 'N';
  7637   000742  504D               	movf	_gr^0,w,c
  7638   000744  104E               	iorwf	(_gr+1)^0,w,c
  7639   000746  A4D8               	btfss	status,2,c
  7640   000748  EFA8  F003         	goto	u2131
  7641   00074C  EFAA  F003         	goto	u2130
  7642   000750                     u2131:
  7643   000750  EFAE  F003         	goto	l2985
  7644   000754                     u2130:
  7645   000754  0E4E               	movlw	78
  7646   000756  6E5B               	movwf	_gear^0,c
  7647   000758  EFBF  F003         	goto	l2991
  7648   00075C                     l2985:
  7649   00075C  0E06               	movlw	6
  7650   00075E  184D               	xorwf	_gr^0,w,c
  7651   000760  104E               	iorwf	(_gr+1)^0,w,c
  7652   000762  A4D8               	btfss	status,2,c
  7653   000764  EFB6  F003         	goto	u2141
  7654   000768  EFB8  F003         	goto	u2140
  7655   00076C                     u2141:
  7656   00076C  EFBC  F003         	goto	l2989
  7657   000770                     u2140:
  7658   000770  0E52               	movlw	82
  7659   000772  6E5B               	movwf	_gear^0,c
  7660   000774  EFBF  F003         	goto	l2991
  7661   000778                     l2989:
  7662   000778  504D               	movf	_gr^0,w,c
  7663   00077A  0F30               	addlw	48
  7664   00077C  6E5B               	movwf	_gear^0,c
  7665   00077E                     l2991:
  7666                           
  7667                           ;view_dashboard.c: 56:         gear[1] = '\0';
  7668   00077E  6A5C               	clrf	(_gear+1)^0,c
  7669                           
  7670                           ;view_dashboard.c: 58:         if(gr) spd = read_adc(0x04)/10.23;
  7671   000780  504D               	movf	_gr^0,w,c
  7672   000782  104E               	iorwf	(_gr+1)^0,w,c
  7673   000784  B4D8               	btfsc	status,2,c
  7674   000786  EFC7  F003         	goto	u2151
  7675   00078A  EFC9  F003         	goto	u2150
  7676   00078E                     u2151:
  7677   00078E  EFF7  F003         	goto	l2995
  7678   000792                     u2150:
  7679   000792  0E14               	movlw	20
  7680   000794  6E1B               	movwf	___fldiv@a^0,c
  7681   000796  0EAE               	movlw	174
  7682   000798  6E1C               	movwf	(___fldiv@a+1)^0,c
  7683   00079A  0E23               	movlw	35
  7684   00079C  6E1D               	movwf	(___fldiv@a+2)^0,c
  7685   00079E  0E41               	movlw	65
  7686   0007A0  6E1E               	movwf	(___fldiv@a+3)^0,c
  7687   0007A2  0E04               	movlw	4
  7688   0007A4  EC88  F00B         	call	_read_adc
  7689   0007A8  C002  F009         	movff	?_read_adc,___xxtofl@val
  7690   0007AC  C003  F00A         	movff	?_read_adc+1,___xxtofl@val+1
  7691   0007B0  6A0B               	clrf	(___xxtofl@val+2)^0,c
  7692   0007B2  6A0C               	clrf	(___xxtofl@val+3)^0,c
  7693   0007B4  0E00               	movlw	0
  7694   0007B6  ECB1  F005         	call	___xxtofl
  7695   0007BA  C009  F017         	movff	?___xxtofl,___fldiv@b
  7696   0007BE  C00A  F018         	movff	?___xxtofl+1,___fldiv@b+1
  7697   0007C2  C00B  F019         	movff	?___xxtofl+2,___fldiv@b+2
  7698   0007C6  C00C  F01A         	movff	?___xxtofl+3,___fldiv@b+3
  7699   0007CA  EC09  F000         	call	___fldiv	;wreg free
  7700   0007CE  C017  F030         	movff	?___fldiv,___fltol@f1
  7701   0007D2  C018  F031         	movff	?___fldiv+1,___fltol@f1+1
  7702   0007D6  C019  F032         	movff	?___fldiv+2,___fltol@f1+2
  7703   0007DA  C01A  F033         	movff	?___fldiv+3,___fltol@f1+3
  7704   0007DE  EC9E  F008         	call	___fltol	;wreg free
  7705   0007E2  C030  F04B         	movff	?___fltol,_spd
  7706   0007E6  C031  F04C         	movff	?___fltol+1,_spd+1
  7707   0007EA  EFFA  F003         	goto	l2997
  7708   0007EE                     l2995:
  7709   0007EE  6A4C               	clrf	(_spd+1)^0,c
  7710   0007F0  0E00               	movlw	0
  7711   0007F2  6E4B               	movwf	_spd^0,c
  7712   0007F4                     l2997:
  7713                           
  7714                           ;view_dashboard.c: 60:         speed[2] = (spd%10) + '0';
  7715   0007F4  C04B  F002         	movff	_spd,___lwmod@dividend
  7716   0007F8  C04C  F003         	movff	_spd+1,___lwmod@dividend+1
  7717   0007FC  6A05               	clrf	(___lwmod@divisor+1)^0,c
  7718   0007FE  0E0A               	movlw	10
  7719   000800  6E04               	movwf	___lwmod@divisor^0,c
  7720   000802  ECD4  F00A         	call	___lwmod	;wreg free
  7721   000806  5002               	movf	?___lwmod^0,w,c
  7722   000808  0F30               	addlw	48
  7723   00080A  6E59               	movwf	(_speed+2)^0,c
  7724   00080C                     
  7725                           ;view_dashboard.c: 61:         spd = spd/10;
  7726   00080C  C04B  F002         	movff	_spd,___lwdiv@dividend
  7727   000810  C04C  F003         	movff	_spd+1,___lwdiv@dividend+1
  7728   000814  6A05               	clrf	(___lwdiv@divisor+1)^0,c
  7729   000816  0E0A               	movlw	10
  7730   000818  6E04               	movwf	___lwdiv@divisor^0,c
  7731   00081A  EC65  F00A         	call	___lwdiv	;wreg free
  7732   00081E  C002  F04B         	movff	?___lwdiv,_spd
  7733   000822  C003  F04C         	movff	?___lwdiv+1,_spd+1
  7734                           
  7735                           ;view_dashboard.c: 62:         short i = 1;
  7736   000826  6A3B               	clrf	(view_dashboard@i+1)^0,c
  7737   000828  0E01               	movlw	1
  7738   00082A  6E3A               	movwf	view_dashboard@i^0,c
  7739                           
  7740                           ;view_dashboard.c: 63:         while(spd > 0 && i >= 0) {
  7741   00082C  EF38  F004         	goto	l3007
  7742   000830                     l3001:
  7743                           
  7744                           ;view_dashboard.c: 64:             speed[i--] = (spd%10) + '0';
  7745   000830  503A               	movf	view_dashboard@i^0,w,c
  7746   000832  0F57               	addlw	low _speed
  7747   000834  6ED9               	movwf	fsr2l,c
  7748   000836  6ADA               	clrf	fsr2h,c
  7749   000838  C04B  F002         	movff	_spd,___lwmod@dividend
  7750   00083C  C04C  F003         	movff	_spd+1,___lwmod@dividend+1
  7751   000840  6A05               	clrf	(___lwmod@divisor+1)^0,c
  7752   000842  0E0A               	movlw	10
  7753   000844  6E04               	movwf	___lwmod@divisor^0,c
  7754   000846  ECD4  F00A         	call	___lwmod	;wreg free
  7755   00084A  5002               	movf	?___lwmod^0,w,c
  7756   00084C  0F30               	addlw	48
  7757   00084E  6EDF               	movwf	indf2,c
  7758   000850  063A               	decf	view_dashboard@i^0,f,c
  7759   000852  A0D8               	btfss	status,0,c
  7760   000854  063B               	decf	(view_dashboard@i+1)^0,f,c
  7761   000856                     
  7762                           ;view_dashboard.c: 65:             spd = spd/10;
  7763   000856  C04B  F002         	movff	_spd,___lwdiv@dividend
  7764   00085A  C04C  F003         	movff	_spd+1,___lwdiv@dividend+1
  7765   00085E  6A05               	clrf	(___lwdiv@divisor+1)^0,c
  7766   000860  0E0A               	movlw	10
  7767   000862  6E04               	movwf	___lwdiv@divisor^0,c
  7768   000864  EC65  F00A         	call	___lwdiv	;wreg free
  7769   000868  C002  F04B         	movff	?___lwdiv,_spd
  7770   00086C  C003  F04C         	movff	?___lwdiv+1,_spd+1
  7771   000870                     l3007:
  7772                           
  7773                           ;view_dashboard.c: 63:         while(spd > 0 && i >= 0) {
  7774   000870  504B               	movf	_spd^0,w,c
  7775   000872  104C               	iorwf	(_spd+1)^0,w,c
  7776   000874  B4D8               	btfsc	status,2,c
  7777   000876  EF3F  F004         	goto	u2161
  7778   00087A  EF41  F004         	goto	u2160
  7779   00087E                     u2161:
  7780   00087E  EF53  F004         	goto	l3015
  7781   000882                     u2160:
  7782   000882  BE3B               	btfsc	(view_dashboard@i+1)^0,7,c
  7783   000884  EF48  F004         	goto	u2170
  7784   000888  EF46  F004         	goto	u2171
  7785   00088C                     u2171:
  7786   00088C  EF18  F004         	goto	l3001
  7787   000890                     u2170:
  7788   000890  EF53  F004         	goto	l3015
  7789   000894                     l3011:
  7790   000894  503A               	movf	view_dashboard@i^0,w,c
  7791   000896  0F57               	addlw	low _speed
  7792   000898  6ED9               	movwf	fsr2l,c
  7793   00089A  6ADA               	clrf	fsr2h,c
  7794   00089C  0E20               	movlw	32
  7795   00089E  6EDF               	movwf	indf2,c
  7796   0008A0  063A               	decf	view_dashboard@i^0,f,c
  7797   0008A2  A0D8               	btfss	status,0,c
  7798   0008A4  063B               	decf	(view_dashboard@i+1)^0,f,c
  7799   0008A6                     l3015:
  7800   0008A6  BE3B               	btfsc	(view_dashboard@i+1)^0,7,c
  7801   0008A8  EF5A  F004         	goto	u2180
  7802   0008AC  EF58  F004         	goto	u2181
  7803   0008B0                     u2181:
  7804   0008B0  EF4A  F004         	goto	l3011
  7805   0008B4                     u2180:
  7806   0008B4                     
  7807                           ;view_dashboard.c: 68:         speed[3] = '\0';
  7808   0008B4  6A5A               	clrf	(_speed+3)^0,c
  7809   0008B6                     
  7810                           ;view_dashboard.c: 70:         get_time();
  7811   0008B6  ECEA  F009         	call	_get_time	;wreg free
  7812   0008BA                     
  7813                           ;view_dashboard.c: 72:         clcd_print(gear, (0xC0 + (1)));
  7814   0008BA  0E5B               	movlw	low _gear
  7815   0008BC  6E04               	movwf	clcd_print@data^0,c
  7816   0008BE  6A05               	clrf	(clcd_print@data+1)^0,c
  7817   0008C0  0EC1               	movlw	193
  7818   0008C2  6E06               	movwf	clcd_print@addr^0,c
  7819   0008C4  EC9E  F00A         	call	_clcd_print	;wreg free
  7820   0008C8                     
  7821                           ;view_dashboard.c: 73:         clcd_print(speed, (0xC0 + (3)));
  7822   0008C8  0E57               	movlw	low _speed
  7823   0008CA  6E04               	movwf	clcd_print@data^0,c
  7824   0008CC  6A05               	clrf	(clcd_print@data+1)^0,c
  7825   0008CE  0EC3               	movlw	195
  7826   0008D0  6E06               	movwf	clcd_print@addr^0,c
  7827   0008D2  EC9E  F00A         	call	_clcd_print	;wreg free
  7828   0008D6                     
  7829                           ;view_dashboard.c: 74:         clcd_print(time, (0xC0 + (7)));
  7830   0008D6  0E9A               	movlw	low _time
  7831   0008D8  6E04               	movwf	clcd_print@data^0,c
  7832   0008DA  6A05               	clrf	(clcd_print@data+1)^0,c
  7833   0008DC  0EC7               	movlw	199
  7834   0008DE  6E06               	movwf	clcd_print@addr^0,c
  7835   0008E0  EC9E  F00A         	call	_clcd_print	;wreg free
  7836   0008E4                     l3025:
  7837                           
  7838                           ;view_dashboard.c: 76:     if(gr != pgr){
  7839   0008E4  0100               	movlb	0	; () banked
  7840   0008E6  518C               	movf	_pgr& (0+255),w,b
  7841   0008E8  184D               	xorwf	_gr^0,w,c
  7842   0008EA  E109               	bnz	u2190
  7843   0008EC  518D               	movf	(_pgr+1)& (0+255),w,b
  7844   0008EE  184E               	xorwf	(_gr+1)^0,w,c
  7845   0008F0  B4D8               	btfsc	status,2,c
  7846   0008F2  EF7D  F004         	goto	u2191
  7847   0008F6  EF7F  F004         	goto	u2190
  7848   0008FA                     u2191:
  7849   0008FA  EFD3  F004         	goto	l427
  7850   0008FE                     u2190:
  7851   0008FE                     
  7852                           ; BSR set to: 0
  7853                           ;view_dashboard.c: 77:         pgr = gr;
  7854   0008FE  C04D  F08C         	movff	_gr,_pgr
  7855   000902  C04E  F08D         	movff	_gr+1,_pgr+1
  7856   000906                     
  7857                           ; BSR set to: 0
  7858                           ;view_dashboard.c: 95:         write_internal_eeprom(log_num * 10, gear[0]);
  7859   000906  C05B  F002         	movff	_gear,write_internal_eeprom@data
  7860   00090A  5051               	movf	_log_num^0,w,c
  7861   00090C  0D0A               	mullw	10
  7862   00090E  50F3               	movf	243,w,c
  7863   000910  EC18  F00C         	call	_write_internal_eeprom
  7864                           
  7865                           ;view_dashboard.c: 96:         write_internal_eeprom((log_num * 10) + 1, speed[0]);
  7866   000914  C057  F002         	movff	_speed,write_internal_eeprom@data
  7867   000918  5051               	movf	_log_num^0,w,c
  7868   00091A  0D0A               	mullw	10
  7869   00091C  28F3               	incf	243,w,c
  7870   00091E  EC18  F00C         	call	_write_internal_eeprom
  7871                           
  7872                           ;view_dashboard.c: 97:         write_internal_eeprom((log_num * 10) + 2, speed[1]);
  7873   000922  C058  F002         	movff	_speed+1,write_internal_eeprom@data
  7874   000926  5051               	movf	_log_num^0,w,c
  7875   000928  0D0A               	mullw	10
  7876   00092A  50F3               	movf	243,w,c
  7877   00092C  0F02               	addlw	2
  7878   00092E  EC18  F00C         	call	_write_internal_eeprom
  7879                           
  7880                           ;view_dashboard.c: 98:         write_internal_eeprom((log_num * 10) + 3, speed[2]);
  7881   000932  C059  F002         	movff	_speed+2,write_internal_eeprom@data
  7882   000936  5051               	movf	_log_num^0,w,c
  7883   000938  0D0A               	mullw	10
  7884   00093A  50F3               	movf	243,w,c
  7885   00093C  0F03               	addlw	3
  7886   00093E  EC18  F00C         	call	_write_internal_eeprom
  7887                           
  7888                           ;view_dashboard.c: 99:         write_internal_eeprom((log_num * 10) + 4, time[0]);
  7889   000942  C09A  F002         	movff	_time,write_internal_eeprom@data
  7890   000946  5051               	movf	_log_num^0,w,c
  7891   000948  0D0A               	mullw	10
  7892   00094A  50F3               	movf	243,w,c
  7893   00094C  0F04               	addlw	4
  7894   00094E  EC18  F00C         	call	_write_internal_eeprom
  7895                           
  7896                           ;view_dashboard.c: 100:         write_internal_eeprom((log_num * 10) + 5, time[1]);
  7897   000952  C09B  F002         	movff	_time+1,write_internal_eeprom@data
  7898   000956  5051               	movf	_log_num^0,w,c
  7899   000958  0D0A               	mullw	10
  7900   00095A  50F3               	movf	243,w,c
  7901   00095C  0F05               	addlw	5
  7902   00095E  EC18  F00C         	call	_write_internal_eeprom
  7903                           
  7904                           ;view_dashboard.c: 101:         write_internal_eeprom((log_num * 10) + 6, time[3]);
  7905   000962  C09D  F002         	movff	_time+3,write_internal_eeprom@data
  7906   000966  5051               	movf	_log_num^0,w,c
  7907   000968  0D0A               	mullw	10
  7908   00096A  50F3               	movf	243,w,c
  7909   00096C  0F06               	addlw	6
  7910   00096E  EC18  F00C         	call	_write_internal_eeprom
  7911                           
  7912                           ;view_dashboard.c: 102:         write_internal_eeprom((log_num * 10) + 7, time[4]);
  7913   000972  C09E  F002         	movff	_time+4,write_internal_eeprom@data
  7914   000976  5051               	movf	_log_num^0,w,c
  7915   000978  0D0A               	mullw	10
  7916   00097A  50F3               	movf	243,w,c
  7917   00097C  0F07               	addlw	7
  7918   00097E  EC18  F00C         	call	_write_internal_eeprom
  7919                           
  7920                           ;view_dashboard.c: 103:         write_internal_eeprom((log_num * 10) + 8, time[6]);
  7921   000982  C0A0  F002         	movff	_time+6,write_internal_eeprom@data
  7922   000986  5051               	movf	_log_num^0,w,c
  7923   000988  0D0A               	mullw	10
  7924   00098A  50F3               	movf	243,w,c
  7925   00098C  0F08               	addlw	8
  7926   00098E  EC18  F00C         	call	_write_internal_eeprom
  7927                           
  7928                           ;view_dashboard.c: 104:         write_internal_eeprom((log_num * 10) + 9, time[7]);
  7929   000992  C0A1  F002         	movff	_time+7,write_internal_eeprom@data
  7930   000996  5051               	movf	_log_num^0,w,c
  7931   000998  0D0A               	mullw	10
  7932   00099A  50F3               	movf	243,w,c
  7933   00099C  0F09               	addlw	9
  7934   00099E  EC18  F00C         	call	_write_internal_eeprom
  7935   0009A2                     
  7936                           ;view_dashboard.c: 105:         log_num++;
  7937   0009A2  4A51               	infsnz	_log_num^0,f,c
  7938   0009A4  2A52               	incf	(_log_num+1)^0,f,c
  7939   0009A6                     l427:
  7940   0009A6  0012               	return		;funcret
  7941   0009A8                     __end_of_view_dashboard:
  7942                           	callstack 0
  7943                           
  7944 ;; *************** function _write_internal_eeprom *****************
  7945 ;; Defined at:
  7946 ;;		line 11 in file "eeprom.c"
  7947 ;; Parameters:    Size  Location     Type
  7948 ;;  address         1    wreg     unsigned char 
  7949 ;;  data            1    0[COMRAM] unsigned char 
  7950 ;; Auto vars:     Size  Location     Type
  7951 ;;  address         1    1[COMRAM] unsigned char 
  7952 ;; Return value:  Size  Location     Type
  7953 ;;                  1    wreg      void 
  7954 ;; Registers used:
  7955 ;;		wreg, status,2
  7956 ;; Tracked objects:
  7957 ;;		On entry : 0/0
  7958 ;;		On exit  : 0/0
  7959 ;;		Unchanged: 0/0
  7960 ;; Data sizes:     COMRAM   BANK0   BANK1   BANK2   BANK3   BANK4   BANK5
  7961 ;;      Params:         1       0       0       0       0       0       0
  7962 ;;      Locals:         1       0       0       0       0       0       0
  7963 ;;      Temps:          0       0       0       0       0       0       0
  7964 ;;      Totals:         2       0       0       0       0       0       0
  7965 ;;Total ram usage:        2 bytes
  7966 ;; Hardware stack levels used: 1
  7967 ;; Hardware stack levels required when called: 1
  7968 ;; This function calls:
  7969 ;;		Nothing
  7970 ;; This function is called by:
  7971 ;;		_view_dashboard
  7972 ;; This function uses a non-reentrant model
  7973 ;;
  7974                           
  7975                           	psect	text4
  7976   001830                     __ptext4:
  7977                           	callstack 0
  7978   001830                     _write_internal_eeprom:
  7979                           	callstack 28
  7980                           
  7981                           ;incstack = 0
  7982                           ;write_internal_eeprom@address stored from wreg
  7983   001830  6E03               	movwf	write_internal_eeprom@address^0,c
  7984   001832                     
  7985                           ;eeprom.c: 11: void write_internal_eeprom(unsigned char address, unsigned char data);eep
      +                          rom.c: 12: {;eeprom.c: 14:  EEADR = address;
  7986   001832  C003  FFA9         	movff	write_internal_eeprom@address,4009	;volatile
  7987   001836                     
  7988                           ;eeprom.c: 17:  EEDATA = data;
  7989   001836  C002  FFA8         	movff	write_internal_eeprom@data,4008	;volatile
  7990   00183A                     
  7991                           ;eeprom.c: 20:  EECON1bits.EEPGD = 0;
  7992   00183A  9EA6               	bcf	166,7,c	;volsfr
  7993   00183C                     
  7994                           ;eeprom.c: 23:  EECON1bits.CFGS = 0;
  7995   00183C  9CA6               	bcf	166,6,c	;volsfr
  7996   00183E                     
  7997                           ;eeprom.c: 26:  EECON1bits.WREN = 1;
  7998   00183E  84A6               	bsf	166,2,c	;volsfr
  7999   001840                     
  8000                           ;eeprom.c: 29:  GIE = 0;
  8001   001840  9EF2               	bcf	4082,7,c	;volatile
  8002   001842                     
  8003                           ;eeprom.c: 32:  EECON2 = 0x55;
  8004   001842  0E55               	movlw	85
  8005   001844  6EA7               	movwf	167,c	;volsfr
  8006   001846                     
  8007                           ;eeprom.c: 33:  EECON2 = 0xAA;
  8008   001846  0EAA               	movlw	170
  8009   001848  6EA7               	movwf	167,c	;volsfr
  8010   00184A                     
  8011                           ;eeprom.c: 36:  EECON1bits.WR = 1;
  8012   00184A  82A6               	bsf	166,1,c	;volsfr
  8013   00184C                     
  8014                           ;eeprom.c: 39:  GIE = 1;
  8015   00184C  8EF2               	bsf	4082,7,c	;volatile
  8016   00184E                     l318:
  8017   00184E  A8A1               	btfss	161,4,c	;volatile
  8018   001850  EF2C  F00C         	goto	u1661
  8019   001854  EF2E  F00C         	goto	u1660
  8020   001858                     u1661:
  8021   001858  EF27  F00C         	goto	l318
  8022   00185C                     u1660:
  8023   00185C                     
  8024                           ;eeprom.c: 45:  PIR2bits.EEIF = 0;
  8025   00185C  98A1               	bcf	161,4,c	;volatile
  8026   00185E  0012               	return		;funcret
  8027   001860                     __end_of_write_internal_eeprom:
  8028                           	callstack 0
  8029                           
  8030 ;; *************** function _read_adc *****************
  8031 ;; Defined at:
  8032 ;;		line 43 in file "adc.c"
  8033 ;; Parameters:    Size  Location     Type
  8034 ;;  channel         1    wreg     unsigned char 
  8035 ;; Auto vars:     Size  Location     Type
  8036 ;;  channel         1    6[COMRAM] unsigned char 
  8037 ;;  reg_val         2    4[COMRAM] unsigned short 
  8038 ;; Return value:  Size  Location     Type
  8039 ;;                  2    0[COMRAM] unsigned short 
  8040 ;; Registers used:
  8041 ;;		wreg, status,2, status,0
  8042 ;; Tracked objects:
  8043 ;;		On entry : 0/0
  8044 ;;		On exit  : 0/0
  8045 ;;		Unchanged: 0/0
  8046 ;; Data sizes:     COMRAM   BANK0   BANK1   BANK2   BANK3   BANK4   BANK5
  8047 ;;      Params:         2       0       0       0       0       0       0
  8048 ;;      Locals:         3       0       0       0       0       0       0
  8049 ;;      Temps:          2       0       0       0       0       0       0
  8050 ;;      Totals:         7       0       0       0       0       0       0
  8051 ;;Total ram usage:        7 bytes
  8052 ;; Hardware stack levels used: 1
  8053 ;; Hardware stack levels required when called: 1
  8054 ;; This function calls:
  8055 ;;		Nothing
  8056 ;; This function is called by:
  8057 ;;		_view_dashboard
  8058 ;; This function uses a non-reentrant model
  8059 ;;
  8060                           
  8061                           	psect	text5
  8062   001710                     __ptext5:
  8063                           	callstack 0
  8064   001710                     _read_adc:
  8065                           	callstack 28
  8066                           
  8067                           ;incstack = 0
  8068                           ;read_adc@channel stored from wreg
  8069   001710  6E08               	movwf	read_adc@channel^0,c
  8070   001712                     
  8071                           ;adc.c: 43: unsigned short read_adc(unsigned char channel);adc.c: 44: {;adc.c: 45:  unsi
      +                          gned short reg_val;;adc.c: 47:  ADCON0 = (ADCON0 & 0xC3) | (channel << 2);
  8072   001712  C008  F004         	movff	read_adc@channel,??_read_adc
  8073   001716  90D8               	bcf	status,0,c
  8074   001718  3604               	rlcf	??_read_adc^0,f,c
  8075   00171A  90D8               	bcf	status,0,c
  8076   00171C  3604               	rlcf	??_read_adc^0,f,c
  8077   00171E  50C2               	movf	194,w,c	;volatile
  8078   001720  0BC3               	andlw	195
  8079   001722  1004               	iorwf	??_read_adc^0,w,c
  8080   001724  6EC2               	movwf	194,c	;volatile
  8081   001726                     
  8082                           ;adc.c: 49:  GO = 1;
  8083   001726  82C2               	bsf	4034,1,c	;volatile
  8084   001728                     l189:
  8085   001728  B2C2               	btfsc	4034,1,c	;volatile
  8086   00172A  EF99  F00B         	goto	u1651
  8087   00172E  EF9B  F00B         	goto	u1650
  8088   001732                     u1651:
  8089   001732  EF94  F00B         	goto	l189
  8090   001736                     u1650:
  8091   001736                     
  8092                           ;adc.c: 51:  reg_val = (ADRESH << 8) | ADRESL;
  8093   001736  50C3               	movf	195,w,c	;volatile
  8094   001738  CFC4 F004          	movff	4036,??_read_adc	;volatile
  8095   00173C  6A05               	clrf	(??_read_adc+1)^0,c
  8096   00173E  C004  F005         	movff	??_read_adc,??_read_adc+1
  8097   001742  6A04               	clrf	??_read_adc^0,c
  8098   001744  1004               	iorwf	??_read_adc^0,w,c
  8099   001746  6E06               	movwf	read_adc@reg_val^0,c
  8100   001748  5005               	movf	(??_read_adc+1)^0,w,c
  8101   00174A  6E07               	movwf	(read_adc@reg_val+1)^0,c
  8102   00174C                     
  8103                           ;adc.c: 52:  return reg_val;
  8104   00174C  C006  F002         	movff	read_adc@reg_val,?_read_adc
  8105   001750  C007  F003         	movff	read_adc@reg_val+1,?_read_adc+1
  8106   001754  0012               	return		;funcret
  8107   001756                     __end_of_read_adc:
  8108                           	callstack 0
  8109                           
  8110 ;; *************** function _get_time *****************
  8111 ;; Defined at:
  8112 ;;		line 17 in file "view_dashboard.c"
  8113 ;; Parameters:    Size  Location     Type
  8114 ;;		None
  8115 ;; Auto vars:     Size  Location     Type
  8116 ;;		None
  8117 ;; Return value:  Size  Location     Type
  8118 ;;                  1    wreg      void 
  8119 ;; Registers used:
  8120 ;;		wreg, status,2, status,0, cstack
  8121 ;; Tracked objects:
  8122 ;;		On entry : 0/0
  8123 ;;		On exit  : 0/0
  8124 ;;		Unchanged: 0/0
  8125 ;; Data sizes:     COMRAM   BANK0   BANK1   BANK2   BANK3   BANK4   BANK5
  8126 ;;      Params:         0       0       0       0       0       0       0
  8127 ;;      Locals:         0       0       0       0       0       0       0
  8128 ;;      Temps:          0       0       0       0       0       0       0
  8129 ;;      Totals:         0       0       0       0       0       0       0
  8130 ;;Total ram usage:        0 bytes
  8131 ;; Hardware stack levels used: 1
  8132 ;; Hardware stack levels required when called: 2
  8133 ;; This function calls:
  8134 ;;		_read_ds1307
  8135 ;; This function is called by:
  8136 ;;		_view_dashboard
  8137 ;; This function uses a non-reentrant model
  8138 ;;
  8139                           
  8140                           	psect	text6
  8141   0013D4                     __ptext6:
  8142                           	callstack 0
  8143   0013D4                     _get_time:
  8144                           	callstack 27
  8145   0013D4                     
  8146                           ;view_dashboard.c: 19:  clock_reg[0] = read_ds1307(0x02);
  8147   0013D4  0E02               	movlw	2
  8148   0013D6  EC30  F00C         	call	_read_ds1307
  8149   0013DA  6E3E               	movwf	_clock_reg^0,c
  8150                           
  8151                           ;view_dashboard.c: 20:  clock_reg[1] = read_ds1307(0x01);
  8152   0013DC  0E01               	movlw	1
  8153   0013DE  EC30  F00C         	call	_read_ds1307
  8154   0013E2  6E3F               	movwf	(_clock_reg+1)^0,c
  8155                           
  8156                           ;view_dashboard.c: 21:  clock_reg[2] = read_ds1307(0x00);
  8157   0013E4  0E00               	movlw	0
  8158   0013E6  EC30  F00C         	call	_read_ds1307
  8159   0013EA  6E40               	movwf	(_clock_reg+2)^0,c
  8160   0013EC                     
  8161                           ;view_dashboard.c: 23:  if (clock_reg[0] & 0x40)
  8162   0013EC  AC3E               	btfss	_clock_reg^0,6,c
  8163   0013EE  EFFB  F009         	goto	u1671
  8164   0013F2  EFFD  F009         	goto	u1670
  8165   0013F6                     u1671:
  8166   0013F6  EF09  F00A         	goto	l2695
  8167   0013FA                     u1670:
  8168   0013FA                     
  8169                           ;view_dashboard.c: 24:  {;view_dashboard.c: 25:   time[0] = '0' + ((clock_reg[0] >> 4) &
      +                           0x01);
  8170   0013FA  383E               	swapf	_clock_reg^0,w,c
  8171   0013FC  0B0F               	andlw	15
  8172   0013FE  0B01               	andlw	1
  8173   001400  0F30               	addlw	48
  8174   001402  0100               	movlb	0	; () banked
  8175   001404  6F9A               	movwf	_time& (0+255),b
  8176                           
  8177                           ;view_dashboard.c: 26:   time[1] = '0' + (clock_reg[0] & 0x0F);
  8178   001406  503E               	movf	_clock_reg^0,w,c
  8179   001408  0B0F               	andlw	15
  8180   00140A  0F30               	addlw	48
  8181   00140C  6F9B               	movwf	(_time+1)& (0+255),b
  8182                           
  8183                           ;view_dashboard.c: 27:  }
  8184   00140E  EF13  F00A         	goto	l2697
  8185   001412                     l2695:
  8186                           
  8187                           ;view_dashboard.c: 29:  {;view_dashboard.c: 30:   time[0] = '0' + ((clock_reg[0] >> 4) &
      +                           0x03);
  8188   001412  383E               	swapf	_clock_reg^0,w,c
  8189   001414  0B0F               	andlw	15
  8190   001416  0B03               	andlw	3
  8191   001418  0F30               	addlw	48
  8192   00141A  0100               	movlb	0	; () banked
  8193   00141C  6F9A               	movwf	_time& (0+255),b
  8194                           
  8195                           ;view_dashboard.c: 31:   time[1] = '0' + (clock_reg[0] & 0x0F);
  8196   00141E  503E               	movf	_clock_reg^0,w,c
  8197   001420  0B0F               	andlw	15
  8198   001422  0F30               	addlw	48
  8199   001424  6F9B               	movwf	(_time+1)& (0+255),b
  8200   001426                     l2697:
  8201                           
  8202                           ; BSR set to: 0
  8203                           ;view_dashboard.c: 33:  time[2] = ':';
  8204   001426  0E3A               	movlw	58
  8205   001428  6F9C               	movwf	(_time+2)& (0+255),b
  8206   00142A                     
  8207                           ; BSR set to: 0
  8208                           ;view_dashboard.c: 34:  time[3] = '0' + ((clock_reg[1] >> 4) & 0x0F);
  8209   00142A  383F               	swapf	(_clock_reg+1)^0,w,c
  8210   00142C  0B0F               	andlw	15
  8211   00142E  0B0F               	andlw	15
  8212   001430  0F30               	addlw	48
  8213   001432  6F9D               	movwf	(_time+3)& (0+255),b
  8214   001434                     
  8215                           ; BSR set to: 0
  8216                           ;view_dashboard.c: 35:  time[4] = '0' + (clock_reg[1] & 0x0F);
  8217   001434  503F               	movf	(_clock_reg+1)^0,w,c
  8218   001436  0B0F               	andlw	15
  8219   001438  0F30               	addlw	48
  8220   00143A  6F9E               	movwf	(_time+4)& (0+255),b
  8221   00143C                     
  8222                           ; BSR set to: 0
  8223                           ;view_dashboard.c: 36:  time[5] = ':';
  8224   00143C  0E3A               	movlw	58
  8225   00143E  6F9F               	movwf	(_time+5)& (0+255),b
  8226                           
  8227                           ;view_dashboard.c: 37:  time[6] = '0' + ((clock_reg[2] >> 4) & 0x0F);
  8228   001440  3840               	swapf	(_clock_reg+2)^0,w,c
  8229   001442  0B0F               	andlw	15
  8230   001444  0B0F               	andlw	15
  8231   001446  0F30               	addlw	48
  8232   001448  6FA0               	movwf	(_time+6)& (0+255),b
  8233                           
  8234                           ;view_dashboard.c: 38:  time[7] = '0' + (clock_reg[2] & 0x0F);
  8235   00144A  5040               	movf	(_clock_reg+2)^0,w,c
  8236   00144C  0B0F               	andlw	15
  8237   00144E  0F30               	addlw	48
  8238   001450  6FA1               	movwf	(_time+7)& (0+255),b
  8239   001452                     
  8240                           ; BSR set to: 0
  8241                           ;view_dashboard.c: 39:  time[8] = '\0';
  8242   001452  6BA2               	clrf	(_time+8)& (0+255),b
  8243   001454                     
  8244                           ; BSR set to: 0
  8245   001454  0012               	return		;funcret
  8246   001456                     __end_of_get_time:
  8247                           	callstack 0
  8248                           
  8249 ;; *************** function ___xxtofl *****************
  8250 ;; Defined at:
  8251 ;;		line 10 in file "C:\Program Files\Microchip\xc8\v3.10\pic\sources\c99\common\xxtofl.c"
  8252 ;; Parameters:    Size  Location     Type
  8253 ;;  sign            1    wreg     unsigned char 
  8254 ;;  val             4    7[COMRAM] long 
  8255 ;; Auto vars:     Size  Location     Type
  8256 ;;  sign            1   15[COMRAM] unsigned char 
  8257 ;;  arg             4   17[COMRAM] unsigned long 
  8258 ;;  exp             1   16[COMRAM] unsigned char 
  8259 ;; Return value:  Size  Location     Type
  8260 ;;                  4    7[COMRAM] unsigned char 
  8261 ;; Registers used:
  8262 ;;		wreg, status,2, status,0
  8263 ;; Tracked objects:
  8264 ;;		On entry : 0/0
  8265 ;;		On exit  : 0/0
  8266 ;;		Unchanged: 0/0
  8267 ;; Data sizes:     COMRAM   BANK0   BANK1   BANK2   BANK3   BANK4   BANK5
  8268 ;;      Params:         4       0       0       0       0       0       0
  8269 ;;      Locals:         6       0       0       0       0       0       0
  8270 ;;      Temps:          4       0       0       0       0       0       0
  8271 ;;      Totals:        14       0       0       0       0       0       0
  8272 ;;Total ram usage:       14 bytes
  8273 ;; Hardware stack levels used: 1
  8274 ;; Hardware stack levels required when called: 1
  8275 ;; This function calls:
  8276 ;;		Nothing
  8277 ;; This function is called by:
  8278 ;;		_view_dashboard
  8279 ;; This function uses a non-reentrant model
  8280 ;;
  8281                           
  8282                           	psect	text7
  8283   000B62                     __ptext7:
  8284                           	callstack 0
  8285   000B62                     ___xxtofl:
  8286                           	callstack 28
  8287                           
  8288                           ; BSR set to: 0
  8289                           ;incstack = 0
  8290                           ;___xxtofl@sign stored from wreg
  8291   000B62  6E11               	movwf	___xxtofl@sign^0,c
  8292   000B64  5011               	movf	___xxtofl@sign^0,w,c
  8293   000B66  B4D8               	btfsc	status,2,c
  8294   000B68  EFB8  F005         	goto	u1981
  8295   000B6C  EFBA  F005         	goto	u1980
  8296   000B70                     u1981:
  8297   000B70  EFDC  F005         	goto	l1367
  8298   000B74                     u1980:
  8299   000B74  BE0C               	btfsc	(___xxtofl@val+3)^0,7,c
  8300   000B76  EFC1  F005         	goto	u1990
  8301   000B7A  EFBF  F005         	goto	u1991
  8302   000B7E                     u1991:
  8303   000B7E  EFDC  F005         	goto	l1367
  8304   000B82                     u1990:
  8305   000B82  C009  F00D         	movff	___xxtofl@val,??___xxtofl
  8306   000B86  C00A  F00E         	movff	___xxtofl@val+1,??___xxtofl+1
  8307   000B8A  C00B  F00F         	movff	___xxtofl@val+2,??___xxtofl+2
  8308   000B8E  C00C  F010         	movff	___xxtofl@val+3,??___xxtofl+3
  8309   000B92  1E0D               	comf	??___xxtofl^0,f,c
  8310   000B94  1E0E               	comf	(??___xxtofl+1)^0,f,c
  8311   000B96  1E0F               	comf	(??___xxtofl+2)^0,f,c
  8312   000B98  1E10               	comf	(??___xxtofl+3)^0,f,c
  8313   000B9A  2A0D               	incf	??___xxtofl^0,f,c
  8314   000B9C  0E00               	movlw	0
  8315   000B9E  220E               	addwfc	(??___xxtofl+1)^0,f,c
  8316   000BA0  220F               	addwfc	(??___xxtofl+2)^0,f,c
  8317   000BA2  2210               	addwfc	(??___xxtofl+3)^0,f,c
  8318   000BA4  C00D  F013         	movff	??___xxtofl,___xxtofl@arg
  8319   000BA8  C00E  F014         	movff	??___xxtofl+1,___xxtofl@arg+1
  8320   000BAC  C00F  F015         	movff	??___xxtofl+2,___xxtofl@arg+2
  8321   000BB0  C010  F016         	movff	??___xxtofl+3,___xxtofl@arg+3
  8322   000BB4  EFE4  F005         	goto	l2905
  8323   000BB8                     l1367:
  8324   000BB8  C009  F013         	movff	___xxtofl@val,___xxtofl@arg
  8325   000BBC  C00A  F014         	movff	___xxtofl@val+1,___xxtofl@arg+1
  8326   000BC0  C00B  F015         	movff	___xxtofl@val+2,___xxtofl@arg+2
  8327   000BC4  C00C  F016         	movff	___xxtofl@val+3,___xxtofl@arg+3
  8328   000BC8                     l2905:
  8329   000BC8  5009               	movf	___xxtofl@val^0,w,c
  8330   000BCA  100A               	iorwf	(___xxtofl@val+1)^0,w,c
  8331   000BCC  100B               	iorwf	(___xxtofl@val+2)^0,w,c
  8332   000BCE  100C               	iorwf	(___xxtofl@val+3)^0,w,c
  8333   000BD0  A4D8               	btfss	status,2,c
  8334   000BD2  EFED  F005         	goto	u2001
  8335   000BD6  EFEF  F005         	goto	u2000
  8336   000BDA                     u2001:
  8337   000BDA  EFF9  F005         	goto	l2911
  8338   000BDE                     u2000:
  8339   000BDE  0E00               	movlw	0
  8340   000BE0  6E09               	movwf	?___xxtofl^0,c
  8341   000BE2  0E00               	movlw	0
  8342   000BE4  6E0A               	movwf	(?___xxtofl+1)^0,c
  8343   000BE6  0E00               	movlw	0
  8344   000BE8  6E0B               	movwf	(?___xxtofl+2)^0,c
  8345   000BEA  0E00               	movlw	0
  8346   000BEC  6E0C               	movwf	(?___xxtofl+3)^0,c
  8347   000BEE  EF8A  F006         	goto	l1370
  8348   000BF2                     l2911:
  8349   000BF2  0E96               	movlw	150
  8350   000BF4  6E12               	movwf	___xxtofl@exp^0,c
  8351   000BF6  EF03  F006         	goto	l2915
  8352   000BFA                     l2913:
  8353   000BFA  2A12               	incf	___xxtofl@exp^0,f,c
  8354   000BFC  90D8               	bcf	status,0,c
  8355   000BFE  3216               	rrcf	(___xxtofl@arg+3)^0,f,c
  8356   000C00  3215               	rrcf	(___xxtofl@arg+2)^0,f,c
  8357   000C02  3214               	rrcf	(___xxtofl@arg+1)^0,f,c
  8358   000C04  3213               	rrcf	___xxtofl@arg^0,f,c
  8359   000C06                     l2915:
  8360   000C06  0E00               	movlw	0
  8361   000C08  1413               	andwf	___xxtofl@arg^0,w,c
  8362   000C0A  6E0D               	movwf	??___xxtofl^0,c
  8363   000C0C  0E00               	movlw	0
  8364   000C0E  1414               	andwf	(___xxtofl@arg+1)^0,w,c
  8365   000C10  6E0E               	movwf	(??___xxtofl+1)^0,c
  8366   000C12  0E00               	movlw	0
  8367   000C14  1415               	andwf	(___xxtofl@arg+2)^0,w,c
  8368   000C16  6E0F               	movwf	(??___xxtofl+2)^0,c
  8369   000C18  0EFE               	movlw	254
  8370   000C1A  1416               	andwf	(___xxtofl@arg+3)^0,w,c
  8371   000C1C  6E10               	movwf	(??___xxtofl+3)^0,c
  8372   000C1E  500D               	movf	??___xxtofl^0,w,c
  8373   000C20  100E               	iorwf	(??___xxtofl+1)^0,w,c
  8374   000C22  100F               	iorwf	(??___xxtofl+2)^0,w,c
  8375   000C24  1010               	iorwf	(??___xxtofl+3)^0,w,c
  8376   000C26  A4D8               	btfss	status,2,c
  8377   000C28  EF18  F006         	goto	u2011
  8378   000C2C  EF1A  F006         	goto	u2010
  8379   000C30                     u2011:
  8380   000C30  EFFD  F005         	goto	l2913
  8381   000C34                     u2010:
  8382   000C34  EF28  F006         	goto	l1374
  8383   000C38                     l2917:
  8384   000C38  2A12               	incf	___xxtofl@exp^0,f,c
  8385   000C3A  0E01               	movlw	1
  8386   000C3C  2613               	addwf	___xxtofl@arg^0,f,c
  8387   000C3E  0E00               	movlw	0
  8388   000C40  2214               	addwfc	(___xxtofl@arg+1)^0,f,c
  8389   000C42  2215               	addwfc	(___xxtofl@arg+2)^0,f,c
  8390   000C44  2216               	addwfc	(___xxtofl@arg+3)^0,f,c
  8391   000C46  90D8               	bcf	status,0,c
  8392   000C48  3216               	rrcf	(___xxtofl@arg+3)^0,f,c
  8393   000C4A  3215               	rrcf	(___xxtofl@arg+2)^0,f,c
  8394   000C4C  3214               	rrcf	(___xxtofl@arg+1)^0,f,c
  8395   000C4E  3213               	rrcf	___xxtofl@arg^0,f,c
  8396   000C50                     l1374:
  8397   000C50  0E00               	movlw	0
  8398   000C52  1413               	andwf	___xxtofl@arg^0,w,c
  8399   000C54  6E0D               	movwf	??___xxtofl^0,c
  8400   000C56  0E00               	movlw	0
  8401   000C58  1414               	andwf	(___xxtofl@arg+1)^0,w,c
  8402   000C5A  6E0E               	movwf	(??___xxtofl+1)^0,c
  8403   000C5C  0E00               	movlw	0
  8404   000C5E  1415               	andwf	(___xxtofl@arg+2)^0,w,c
  8405   000C60  6E0F               	movwf	(??___xxtofl+2)^0,c
  8406   000C62  0EFF               	movlw	255
  8407   000C64  1416               	andwf	(___xxtofl@arg+3)^0,w,c
  8408   000C66  6E10               	movwf	(??___xxtofl+3)^0,c
  8409   000C68  500D               	movf	??___xxtofl^0,w,c
  8410   000C6A  100E               	iorwf	(??___xxtofl+1)^0,w,c
  8411   000C6C  100F               	iorwf	(??___xxtofl+2)^0,w,c
  8412   000C6E  1010               	iorwf	(??___xxtofl+3)^0,w,c
  8413   000C70  A4D8               	btfss	status,2,c
  8414   000C72  EF3D  F006         	goto	u2021
  8415   000C76  EF3F  F006         	goto	u2020
  8416   000C7A                     u2021:
  8417   000C7A  EF1C  F006         	goto	l2917
  8418   000C7E                     u2020:
  8419   000C7E  EF47  F006         	goto	l2925
  8420   000C82                     l2923:
  8421   000C82  0612               	decf	___xxtofl@exp^0,f,c
  8422   000C84  90D8               	bcf	status,0,c
  8423   000C86  3613               	rlcf	___xxtofl@arg^0,f,c
  8424   000C88  3614               	rlcf	(___xxtofl@arg+1)^0,f,c
  8425   000C8A  3615               	rlcf	(___xxtofl@arg+2)^0,f,c
  8426   000C8C  3616               	rlcf	(___xxtofl@arg+3)^0,f,c
  8427   000C8E                     l2925:
  8428   000C8E  BE15               	btfsc	(___xxtofl@arg+2)^0,7,c
  8429   000C90  EF4C  F006         	goto	u2031
  8430   000C94  EF4E  F006         	goto	u2030
  8431   000C98                     u2031:
  8432   000C98  EF56  F006         	goto	l1381
  8433   000C9C                     u2030:
  8434   000C9C  0E02               	movlw	2
  8435   000C9E  6012               	cpfslt	___xxtofl@exp^0,c
  8436   000CA0  EF54  F006         	goto	u2041
  8437   000CA4  EF56  F006         	goto	u2040
  8438   000CA8                     u2041:
  8439   000CA8  EF41  F006         	goto	l2923
  8440   000CAC                     u2040:
  8441   000CAC                     l1381:
  8442   000CAC  B012               	btfsc	___xxtofl@exp^0,0,c
  8443   000CAE  EF5B  F006         	goto	u2051
  8444   000CB2  EF5D  F006         	goto	u2050
  8445   000CB6                     u2051:
  8446   000CB6  EF5E  F006         	goto	l2931
  8447   000CBA                     u2050:
  8448   000CBA  9E15               	bcf	(___xxtofl@arg+2)^0,7,c
  8449   000CBC                     l2931:
  8450   000CBC  90D8               	bcf	status,0,c
  8451   000CBE  3212               	rrcf	___xxtofl@exp^0,f,c
  8452   000CC0  C012  F00D         	movff	___xxtofl@exp,??___xxtofl
  8453   000CC4  6A0E               	clrf	(??___xxtofl+1)^0,c
  8454   000CC6  6A0F               	clrf	(??___xxtofl+2)^0,c
  8455   000CC8  6A10               	clrf	(??___xxtofl+3)^0,c
  8456   000CCA  C00D  F010         	movff	??___xxtofl,??___xxtofl+3
  8457   000CCE  6A0F               	clrf	(??___xxtofl+2)^0,c
  8458   000CD0  6A0E               	clrf	(??___xxtofl+1)^0,c
  8459   000CD2  6A0D               	clrf	??___xxtofl^0,c
  8460   000CD4  500D               	movf	??___xxtofl^0,w,c
  8461   000CD6  1213               	iorwf	___xxtofl@arg^0,f,c
  8462   000CD8  500E               	movf	(??___xxtofl+1)^0,w,c
  8463   000CDA  1214               	iorwf	(___xxtofl@arg+1)^0,f,c
  8464   000CDC  500F               	movf	(??___xxtofl+2)^0,w,c
  8465   000CDE  1215               	iorwf	(___xxtofl@arg+2)^0,f,c
  8466   000CE0  5010               	movf	(??___xxtofl+3)^0,w,c
  8467   000CE2  1216               	iorwf	(___xxtofl@arg+3)^0,f,c
  8468   000CE4  5011               	movf	___xxtofl@sign^0,w,c
  8469   000CE6  B4D8               	btfsc	status,2,c
  8470   000CE8  EF78  F006         	goto	u2061
  8471   000CEC  EF7A  F006         	goto	u2060
  8472   000CF0                     u2061:
  8473   000CF0  EF82  F006         	goto	l2941
  8474   000CF4                     u2060:
  8475   000CF4  BE0C               	btfsc	(___xxtofl@val+3)^0,7,c
  8476   000CF6  EF81  F006         	goto	u2070
  8477   000CFA  EF7F  F006         	goto	u2071
  8478   000CFE                     u2071:
  8479   000CFE  EF82  F006         	goto	l2941
  8480   000D02                     u2070:
  8481   000D02  8E16               	bsf	(___xxtofl@arg+3)^0,7,c
  8482   000D04                     l2941:
  8483   000D04  C013  F009         	movff	___xxtofl@arg,?___xxtofl
  8484   000D08  C014  F00A         	movff	___xxtofl@arg+1,?___xxtofl+1
  8485   000D0C  C015  F00B         	movff	___xxtofl@arg+2,?___xxtofl+2
  8486   000D10  C016  F00C         	movff	___xxtofl@arg+3,?___xxtofl+3
  8487   000D14                     l1370:
  8488   000D14  0012               	return		;funcret
  8489   000D16                     __end_of___xxtofl:
  8490                           	callstack 0
  8491                           
  8492 ;; *************** function ___fltol *****************
  8493 ;; Defined at:
  8494 ;;		line 43 in file "C:\Program Files\Microchip\xc8\v3.10\pic\sources\c99\common\fltol.c"
  8495 ;; Parameters:    Size  Location     Type
  8496 ;;  f1              4   46[COMRAM] unsigned char 
  8497 ;; Auto vars:     Size  Location     Type
  8498 ;;  exp1            1   55[COMRAM] unsigned char 
  8499 ;;  sign1           1   54[COMRAM] unsigned char 
  8500 ;; Return value:  Size  Location     Type
  8501 ;;                  4   46[COMRAM] long 
  8502 ;; Registers used:
  8503 ;;		wreg, status,2, status,0
  8504 ;; Tracked objects:
  8505 ;;		On entry : 0/0
  8506 ;;		On exit  : 0/0
  8507 ;;		Unchanged: 0/0
  8508 ;; Data sizes:     COMRAM   BANK0   BANK1   BANK2   BANK3   BANK4   BANK5
  8509 ;;      Params:         4       0       0       0       0       0       0
  8510 ;;      Locals:         2       0       0       0       0       0       0
  8511 ;;      Temps:          4       0       0       0       0       0       0
  8512 ;;      Totals:        10       0       0       0       0       0       0
  8513 ;;Total ram usage:       10 bytes
  8514 ;; Hardware stack levels used: 1
  8515 ;; Hardware stack levels required when called: 1
  8516 ;; This function calls:
  8517 ;;		Nothing
  8518 ;; This function is called by:
  8519 ;;		_view_dashboard
  8520 ;; This function uses a non-reentrant model
  8521 ;;
  8522                           
  8523                           	psect	text8
  8524   00113C                     __ptext8:
  8525                           	callstack 0
  8526   00113C                     ___fltol:
  8527                           	callstack 28
  8528   00113C  3432               	rlcf	(___fltol@f1+2)^0,w,c
  8529   00113E  3433               	rlcf	(___fltol@f1+3)^0,w,c
  8530   001140  6E39               	movwf	___fltol@exp1^0,c
  8531   001142  5039               	movf	___fltol@exp1^0,w,c
  8532   001144  A4D8               	btfss	status,2,c
  8533   001146  EFA7  F008         	goto	u1911
  8534   00114A  EFA9  F008         	goto	u1910
  8535   00114E                     u1911:
  8536   00114E  EFB3  F008         	goto	l2861
  8537   001152                     u1910:
  8538   001152                     l2857:
  8539   001152  0E00               	movlw	0
  8540   001154  6E30               	movwf	?___fltol^0,c
  8541   001156  0E00               	movlw	0
  8542   001158  6E31               	movwf	(?___fltol+1)^0,c
  8543   00115A  0E00               	movlw	0
  8544   00115C  6E32               	movwf	(?___fltol+2)^0,c
  8545   00115E  0E00               	movlw	0
  8546   001160  6E33               	movwf	(?___fltol+3)^0,c
  8547   001162  EF20  F009         	goto	l1009
  8548   001166                     l2861:
  8549   001166  C030  F034         	movff	___fltol@f1,??___fltol
  8550   00116A  C031  F035         	movff	___fltol@f1+1,??___fltol+1
  8551   00116E  C032  F036         	movff	___fltol@f1+2,??___fltol+2
  8552   001172  C033  F037         	movff	___fltol@f1+3,??___fltol+3
  8553   001176  0E20               	movlw	32
  8554   001178  EFC3  F008         	goto	u1920
  8555   00117C                     u1925:
  8556   00117C  90D8               	bcf	status,0,c
  8557   00117E  3237               	rrcf	(??___fltol+3)^0,f,c
  8558   001180  3236               	rrcf	(??___fltol+2)^0,f,c
  8559   001182  3235               	rrcf	(??___fltol+1)^0,f,c
  8560   001184  3234               	rrcf	??___fltol^0,f,c
  8561   001186                     u1920:
  8562   001186  2EE8               	decfsz	wreg,f,c
  8563   001188  EFBE  F008         	goto	u1925
  8564   00118C  5034               	movf	??___fltol^0,w,c
  8565   00118E  6E38               	movwf	___fltol@sign1^0,c
  8566   001190  8E32               	bsf	(___fltol@f1+2)^0,7,c
  8567   001192  0EFF               	movlw	255
  8568   001194  1630               	andwf	___fltol@f1^0,f,c
  8569   001196  0EFF               	movlw	255
  8570   001198  1631               	andwf	(___fltol@f1+1)^0,f,c
  8571   00119A  0EFF               	movlw	255
  8572   00119C  1632               	andwf	(___fltol@f1+2)^0,f,c
  8573   00119E  0E00               	movlw	0
  8574   0011A0  1633               	andwf	(___fltol@f1+3)^0,f,c
  8575   0011A2  0E96               	movlw	150
  8576   0011A4  5E39               	subwf	___fltol@exp1^0,f,c
  8577   0011A6  BE39               	btfsc	___fltol@exp1^0,7,c
  8578   0011A8  EFDA  F008         	goto	u1930
  8579   0011AC  EFD8  F008         	goto	u1931
  8580   0011B0                     u1931:
  8581   0011B0  EFF0  F008         	goto	l2881
  8582   0011B4                     u1930:
  8583   0011B4  5039               	movf	___fltol@exp1^0,w,c
  8584   0011B6  0A80               	xorlw	128
  8585   0011B8  0F97               	addlw	151
  8586   0011BA  B0D8               	btfsc	status,0,c
  8587   0011BC  EFE2  F008         	goto	u1941
  8588   0011C0  EFE4  F008         	goto	u1940
  8589   0011C4                     u1941:
  8590   0011C4  EFE6  F008         	goto	l2877
  8591   0011C8                     u1940:
  8592   0011C8  EFA9  F008         	goto	l2857
  8593   0011CC                     l2877:
  8594   0011CC  90D8               	bcf	status,0,c
  8595   0011CE  3233               	rrcf	(___fltol@f1+3)^0,f,c
  8596   0011D0  3232               	rrcf	(___fltol@f1+2)^0,f,c
  8597   0011D2  3231               	rrcf	(___fltol@f1+1)^0,f,c
  8598   0011D4  3230               	rrcf	___fltol@f1^0,f,c
  8599   0011D6  3E39               	incfsz	___fltol@exp1^0,f,c
  8600   0011D8  EFE6  F008         	goto	l2877
  8601   0011DC  EF08  F009         	goto	l2891
  8602   0011E0                     l2881:
  8603   0011E0  0E1F               	movlw	31
  8604   0011E2  6439               	cpfsgt	___fltol@exp1^0,c
  8605   0011E4  EFF6  F008         	goto	u1951
  8606   0011E8  EFF8  F008         	goto	u1950
  8607   0011EC                     u1951:
  8608   0011EC  EF00  F009         	goto	l2889
  8609   0011F0                     u1950:
  8610   0011F0  EFA9  F008         	goto	l2857
  8611   0011F4                     l2887:
  8612   0011F4  90D8               	bcf	status,0,c
  8613   0011F6  3630               	rlcf	___fltol@f1^0,f,c
  8614   0011F8  3631               	rlcf	(___fltol@f1+1)^0,f,c
  8615   0011FA  3632               	rlcf	(___fltol@f1+2)^0,f,c
  8616   0011FC  3633               	rlcf	(___fltol@f1+3)^0,f,c
  8617   0011FE  0639               	decf	___fltol@exp1^0,f,c
  8618   001200                     l2889:
  8619   001200  5039               	movf	___fltol@exp1^0,w,c
  8620   001202  A4D8               	btfss	status,2,c
  8621   001204  EF06  F009         	goto	u1961
  8622   001208  EF08  F009         	goto	u1960
  8623   00120C                     u1961:
  8624   00120C  EFFA  F008         	goto	l2887
  8625   001210                     u1960:
  8626   001210                     l2891:
  8627   001210  5038               	movf	___fltol@sign1^0,w,c
  8628   001212  B4D8               	btfsc	status,2,c
  8629   001214  EF0E  F009         	goto	u1971
  8630   001218  EF10  F009         	goto	u1970
  8631   00121C                     u1971:
  8632   00121C  EF18  F009         	goto	l2895
  8633   001220                     u1970:
  8634   001220  1E33               	comf	(___fltol@f1+3)^0,f,c
  8635   001222  1E32               	comf	(___fltol@f1+2)^0,f,c
  8636   001224  1E31               	comf	(___fltol@f1+1)^0,f,c
  8637   001226  6C30               	negf	___fltol@f1^0,c
  8638   001228  0E00               	movlw	0
  8639   00122A  2231               	addwfc	(___fltol@f1+1)^0,f,c
  8640   00122C  2232               	addwfc	(___fltol@f1+2)^0,f,c
  8641   00122E  2233               	addwfc	(___fltol@f1+3)^0,f,c
  8642   001230                     l2895:
  8643   001230  C030  F030         	movff	___fltol@f1,?___fltol
  8644   001234  C031  F031         	movff	___fltol@f1+1,?___fltol+1
  8645   001238  C032  F032         	movff	___fltol@f1+2,?___fltol+2
  8646   00123C  C033  F033         	movff	___fltol@f1+3,?___fltol+3
  8647   001240                     l1009:
  8648   001240  0012               	return		;funcret
  8649   001242                     __end_of___fltol:
  8650                           	callstack 0
  8651                           
  8652 ;; *************** function ___fldiv *****************
  8653 ;; Defined at:
  8654 ;;		line 11 in file "C:\Program Files\Microchip\xc8\v3.10\pic\sources\c99\common\sprcdiv.c"
  8655 ;; Parameters:    Size  Location     Type
  8656 ;;  b               4   21[COMRAM] long 
  8657 ;;  a               4   25[COMRAM] long 
  8658 ;; Auto vars:     Size  Location     Type
  8659 ;;  grs             4   40[COMRAM] unsigned long 
  8660 ;;  rem             4   33[COMRAM] unsigned long 
  8661 ;;  new_exp         2   38[COMRAM] short 
  8662 ;;  aexp            1   45[COMRAM] unsigned char 
  8663 ;;  bexp            1   44[COMRAM] unsigned char 
  8664 ;;  sign            1   37[COMRAM] unsigned char 
  8665 ;; Return value:  Size  Location     Type
  8666 ;;                  4   21[COMRAM] unsigned char 
  8667 ;; Registers used:
  8668 ;;		wreg, status,2, status,0
  8669 ;; Tracked objects:
  8670 ;;		On entry : 0/0
  8671 ;;		On exit  : 0/0
  8672 ;;		Unchanged: 0/0
  8673 ;; Data sizes:     COMRAM   BANK0   BANK1   BANK2   BANK3   BANK4   BANK5
  8674 ;;      Params:         8       0       0       0       0       0       0
  8675 ;;      Locals:        13       0       0       0       0       0       0
  8676 ;;      Temps:          4       0       0       0       0       0       0
  8677 ;;      Totals:        25       0       0       0       0       0       0
  8678 ;;Total ram usage:       25 bytes
  8679 ;; Hardware stack levels used: 1
  8680 ;; Hardware stack levels required when called: 1
  8681 ;; This function calls:
  8682 ;;		Nothing
  8683 ;; This function is called by:
  8684 ;;		_view_dashboard
  8685 ;; This function uses a non-reentrant model
  8686 ;;
  8687                           
  8688                           	psect	text9
  8689   000012                     __ptext9:
  8690                           	callstack 0
  8691   000012                     ___fldiv:
  8692                           	callstack 28
  8693   000012  501A               	movf	(___fldiv@b+3)^0,w,c
  8694   000014  0B80               	andlw	128
  8695   000016  6E27               	movwf	___fldiv@sign^0,c
  8696   000018  501A               	movf	(___fldiv@b+3)^0,w,c
  8697   00001A  241A               	addwf	(___fldiv@b+3)^0,w,c
  8698   00001C  6E2E               	movwf	___fldiv@bexp^0,c
  8699   00001E  AE19               	btfss	(___fldiv@b+2)^0,7,c
  8700   000020  EF14  F000         	goto	u1681
  8701   000024  EF16  F000         	goto	u1680
  8702   000028                     u1681:
  8703   000028  EF17  F000         	goto	l2725
  8704   00002C                     u1680:
  8705   00002C  802E               	bsf	___fldiv@bexp^0,0,c
  8706   00002E                     l2725:
  8707   00002E  502E               	movf	___fldiv@bexp^0,w,c
  8708   000030  B4D8               	btfsc	status,2,c
  8709   000032  EF1D  F000         	goto	u1691
  8710   000036  EF1F  F000         	goto	u1690
  8711   00003A                     u1691:
  8712   00003A  EF33  F000         	goto	l2735
  8713   00003E                     u1690:
  8714   00003E  282E               	incf	___fldiv@bexp^0,w,c
  8715   000040  A4D8               	btfss	status,2,c
  8716   000042  EF25  F000         	goto	u1701
  8717   000046  EF27  F000         	goto	u1700
  8718   00004A                     u1701:
  8719   00004A  EF2F  F000         	goto	l2731
  8720   00004E                     u1700:
  8721   00004E  0E00               	movlw	0
  8722   000050  6E17               	movwf	___fldiv@b^0,c
  8723   000052  0E00               	movlw	0
  8724   000054  6E18               	movwf	(___fldiv@b+1)^0,c
  8725   000056  0E00               	movlw	0
  8726   000058  6E19               	movwf	(___fldiv@b+2)^0,c
  8727   00005A  0E00               	movlw	0
  8728   00005C  6E1A               	movwf	(___fldiv@b+3)^0,c
  8729   00005E                     l2731:
  8730   00005E  8E19               	bsf	(___fldiv@b+2)^0,7,c
  8731   000060  6A1A               	clrf	(___fldiv@b+3)^0,c
  8732   000062  EF3B  F000         	goto	l2737
  8733   000066                     l2735:
  8734   000066  0E00               	movlw	0
  8735   000068  6E17               	movwf	___fldiv@b^0,c
  8736   00006A  0E00               	movlw	0
  8737   00006C  6E18               	movwf	(___fldiv@b+1)^0,c
  8738   00006E  0E00               	movlw	0
  8739   000070  6E19               	movwf	(___fldiv@b+2)^0,c
  8740   000072  0E00               	movlw	0
  8741   000074  6E1A               	movwf	(___fldiv@b+3)^0,c
  8742   000076                     l2737:
  8743   000076  501E               	movf	(___fldiv@a+3)^0,w,c
  8744   000078  0B80               	andlw	128
  8745   00007A  1A27               	xorwf	___fldiv@sign^0,f,c
  8746   00007C  501E               	movf	(___fldiv@a+3)^0,w,c
  8747   00007E  241E               	addwf	(___fldiv@a+3)^0,w,c
  8748   000080  6E2F               	movwf	___fldiv@aexp^0,c
  8749   000082  AE1D               	btfss	(___fldiv@a+2)^0,7,c
  8750   000084  EF46  F000         	goto	u1711
  8751   000088  EF48  F000         	goto	u1710
  8752   00008C                     u1711:
  8753   00008C  EF49  F000         	goto	l2745
  8754   000090                     u1710:
  8755   000090  802F               	bsf	___fldiv@aexp^0,0,c
  8756   000092                     l2745:
  8757   000092  502F               	movf	___fldiv@aexp^0,w,c
  8758   000094  B4D8               	btfsc	status,2,c
  8759   000096  EF4F  F000         	goto	u1721
  8760   00009A  EF51  F000         	goto	u1720
  8761   00009E                     u1721:
  8762   00009E  EF65  F000         	goto	l2755
  8763   0000A2                     u1720:
  8764   0000A2  282F               	incf	___fldiv@aexp^0,w,c
  8765   0000A4  A4D8               	btfss	status,2,c
  8766   0000A6  EF57  F000         	goto	u1731
  8767   0000AA  EF59  F000         	goto	u1730
  8768   0000AE                     u1731:
  8769   0000AE  EF61  F000         	goto	l2751
  8770   0000B2                     u1730:
  8771   0000B2  0E00               	movlw	0
  8772   0000B4  6E1B               	movwf	___fldiv@a^0,c
  8773   0000B6  0E00               	movlw	0
  8774   0000B8  6E1C               	movwf	(___fldiv@a+1)^0,c
  8775   0000BA  0E00               	movlw	0
  8776   0000BC  6E1D               	movwf	(___fldiv@a+2)^0,c
  8777   0000BE  0E00               	movlw	0
  8778   0000C0  6E1E               	movwf	(___fldiv@a+3)^0,c
  8779   0000C2                     l2751:
  8780   0000C2  8E1D               	bsf	(___fldiv@a+2)^0,7,c
  8781   0000C4  6A1E               	clrf	(___fldiv@a+3)^0,c
  8782   0000C6  EF6D  F000         	goto	l2757
  8783   0000CA                     l2755:
  8784   0000CA  0E00               	movlw	0
  8785   0000CC  6E1B               	movwf	___fldiv@a^0,c
  8786   0000CE  0E00               	movlw	0
  8787   0000D0  6E1C               	movwf	(___fldiv@a+1)^0,c
  8788   0000D2  0E00               	movlw	0
  8789   0000D4  6E1D               	movwf	(___fldiv@a+2)^0,c
  8790   0000D6  0E00               	movlw	0
  8791   0000D8  6E1E               	movwf	(___fldiv@a+3)^0,c
  8792   0000DA                     l2757:
  8793   0000DA  501B               	movf	___fldiv@a^0,w,c
  8794   0000DC  101C               	iorwf	(___fldiv@a+1)^0,w,c
  8795   0000DE  101D               	iorwf	(___fldiv@a+2)^0,w,c
  8796   0000E0  101E               	iorwf	(___fldiv@a+3)^0,w,c
  8797   0000E2  A4D8               	btfss	status,2,c
  8798   0000E4  EF76  F000         	goto	u1741
  8799   0000E8  EF78  F000         	goto	u1740
  8800   0000EC                     u1741:
  8801   0000EC  EF90  F000         	goto	l2769
  8802   0000F0                     u1740:
  8803   0000F0  0E00               	movlw	0
  8804   0000F2  6E17               	movwf	___fldiv@b^0,c
  8805   0000F4  0E00               	movlw	0
  8806   0000F6  6E18               	movwf	(___fldiv@b+1)^0,c
  8807   0000F8  0E00               	movlw	0
  8808   0000FA  6E19               	movwf	(___fldiv@b+2)^0,c
  8809   0000FC  0E00               	movlw	0
  8810   0000FE  6E1A               	movwf	(___fldiv@b+3)^0,c
  8811   000100  0E80               	movlw	128
  8812   000102  1219               	iorwf	(___fldiv@b+2)^0,f,c
  8813   000104  0E7F               	movlw	127
  8814   000106  121A               	iorwf	(___fldiv@b+3)^0,f,c
  8815   000108                     l2763:
  8816   000108  5027               	movf	___fldiv@sign^0,w,c
  8817   00010A  121A               	iorwf	(___fldiv@b+3)^0,f,c
  8818   00010C  C017  F017         	movff	___fldiv@b,?___fldiv
  8819   000110  C018  F018         	movff	___fldiv@b+1,?___fldiv+1
  8820   000114  C019  F019         	movff	___fldiv@b+2,?___fldiv+2
  8821   000118  C01A  F01A         	movff	___fldiv@b+3,?___fldiv+3
  8822   00011C  EFCF  F001         	goto	l1294
  8823   000120                     l2769:
  8824   000120  502E               	movf	___fldiv@bexp^0,w,c
  8825   000122  A4D8               	btfss	status,2,c
  8826   000124  EF96  F000         	goto	u1751
  8827   000128  EF98  F000         	goto	u1750
  8828   00012C                     u1751:
  8829   00012C  EFA2  F000         	goto	l2777
  8830   000130                     u1750:
  8831   000130  0E00               	movlw	0
  8832   000132  6E17               	movwf	?___fldiv^0,c
  8833   000134  0E00               	movlw	0
  8834   000136  6E18               	movwf	(?___fldiv+1)^0,c
  8835   000138  0E00               	movlw	0
  8836   00013A  6E19               	movwf	(?___fldiv+2)^0,c
  8837   00013C  0E00               	movlw	0
  8838   00013E  6E1A               	movwf	(?___fldiv+3)^0,c
  8839   000140  EFCF  F001         	goto	l1294
  8840   000144                     l2777:
  8841   000144  502F               	movf	___fldiv@aexp^0,w,c
  8842   000146  C02E  F01F         	movff	___fldiv@bexp,??___fldiv
  8843   00014A  6A20               	clrf	(??___fldiv+1)^0,c
  8844   00014C  5E1F               	subwf	??___fldiv^0,f,c
  8845   00014E  0E00               	movlw	0
  8846   000150  5A20               	subwfb	(??___fldiv+1)^0,f,c
  8847   000152  0E7F               	movlw	127
  8848   000154  241F               	addwf	??___fldiv^0,w,c
  8849   000156  6E28               	movwf	___fldiv@new_exp^0,c
  8850   000158  0E00               	movlw	0
  8851   00015A  2020               	addwfc	(??___fldiv+1)^0,w,c
  8852   00015C  6E29               	movwf	(___fldiv@new_exp+1)^0,c
  8853   00015E  C017  F023         	movff	___fldiv@b,___fldiv@rem
  8854   000162  C018  F024         	movff	___fldiv@b+1,___fldiv@rem+1
  8855   000166  C019  F025         	movff	___fldiv@b+2,___fldiv@rem+2
  8856   00016A  C01A  F026         	movff	___fldiv@b+3,___fldiv@rem+3
  8857   00016E  0E00               	movlw	0
  8858   000170  6E17               	movwf	___fldiv@b^0,c
  8859   000172  0E00               	movlw	0
  8860   000174  6E18               	movwf	(___fldiv@b+1)^0,c
  8861   000176  0E00               	movlw	0
  8862   000178  6E19               	movwf	(___fldiv@b+2)^0,c
  8863   00017A  0E00               	movlw	0
  8864   00017C  6E1A               	movwf	(___fldiv@b+3)^0,c
  8865   00017E  0E00               	movlw	0
  8866   000180  6E2A               	movwf	___fldiv@grs^0,c
  8867   000182  0E00               	movlw	0
  8868   000184  6E2B               	movwf	(___fldiv@grs+1)^0,c
  8869   000186  0E00               	movlw	0
  8870   000188  6E2C               	movwf	(___fldiv@grs+2)^0,c
  8871   00018A  0E00               	movlw	0
  8872   00018C  6E2D               	movwf	(___fldiv@grs+3)^0,c
  8873   00018E  6A2F               	clrf	___fldiv@aexp^0,c
  8874   000190  EF02  F001         	goto	l1296
  8875   000194                     l2787:
  8876   000194  502F               	movf	___fldiv@aexp^0,w,c
  8877   000196  B4D8               	btfsc	status,2,c
  8878   000198  EFD0  F000         	goto	u1761
  8879   00019C  EFD2  F000         	goto	u1760
  8880   0001A0                     u1761:
  8881   0001A0  EFE9  F000         	goto	l2795
  8882   0001A4                     u1760:
  8883   0001A4  90D8               	bcf	status,0,c
  8884   0001A6  3623               	rlcf	___fldiv@rem^0,f,c
  8885   0001A8  3624               	rlcf	(___fldiv@rem+1)^0,f,c
  8886   0001AA  3625               	rlcf	(___fldiv@rem+2)^0,f,c
  8887   0001AC  3626               	rlcf	(___fldiv@rem+3)^0,f,c
  8888   0001AE  90D8               	bcf	status,0,c
  8889   0001B0  3617               	rlcf	___fldiv@b^0,f,c
  8890   0001B2  3618               	rlcf	(___fldiv@b+1)^0,f,c
  8891   0001B4  3619               	rlcf	(___fldiv@b+2)^0,f,c
  8892   0001B6  361A               	rlcf	(___fldiv@b+3)^0,f,c
  8893   0001B8  AE2D               	btfss	(___fldiv@grs+3)^0,7,c
  8894   0001BA  EFE1  F000         	goto	u1771
  8895   0001BE  EFE3  F000         	goto	u1770
  8896   0001C2                     u1771:
  8897   0001C2  EFE4  F000         	goto	l1299
  8898   0001C6                     u1770:
  8899   0001C6  8017               	bsf	___fldiv@b^0,0,c
  8900   0001C8                     l1299:
  8901   0001C8  90D8               	bcf	status,0,c
  8902   0001CA  362A               	rlcf	___fldiv@grs^0,f,c
  8903   0001CC  362B               	rlcf	(___fldiv@grs+1)^0,f,c
  8904   0001CE  362C               	rlcf	(___fldiv@grs+2)^0,f,c
  8905   0001D0  362D               	rlcf	(___fldiv@grs+3)^0,f,c
  8906   0001D2                     l2795:
  8907   0001D2  501B               	movf	___fldiv@a^0,w,c
  8908   0001D4  5C23               	subwf	___fldiv@rem^0,w,c
  8909   0001D6  501C               	movf	(___fldiv@a+1)^0,w,c
  8910   0001D8  5824               	subwfb	(___fldiv@rem+1)^0,w,c
  8911   0001DA  501D               	movf	(___fldiv@a+2)^0,w,c
  8912   0001DC  5825               	subwfb	(___fldiv@rem+2)^0,w,c
  8913   0001DE  501E               	movf	(___fldiv@a+3)^0,w,c
  8914   0001E0  5826               	subwfb	(___fldiv@rem+3)^0,w,c
  8915   0001E2  A0D8               	btfss	status,0,c
  8916   0001E4  EFF6  F000         	goto	u1781
  8917   0001E8  EFF8  F000         	goto	u1780
  8918   0001EC                     u1781:
  8919   0001EC  EF01  F001         	goto	l2801
  8920   0001F0                     u1780:
  8921   0001F0  8C2D               	bsf	(___fldiv@grs+3)^0,6,c
  8922   0001F2  501B               	movf	___fldiv@a^0,w,c
  8923   0001F4  5E23               	subwf	___fldiv@rem^0,f,c
  8924   0001F6  501C               	movf	(___fldiv@a+1)^0,w,c
  8925   0001F8  5A24               	subwfb	(___fldiv@rem+1)^0,f,c
  8926   0001FA  501D               	movf	(___fldiv@a+2)^0,w,c
  8927   0001FC  5A25               	subwfb	(___fldiv@rem+2)^0,f,c
  8928   0001FE  501E               	movf	(___fldiv@a+3)^0,w,c
  8929   000200  5A26               	subwfb	(___fldiv@rem+3)^0,f,c
  8930   000202                     l2801:
  8931   000202  2A2F               	incf	___fldiv@aexp^0,f,c
  8932   000204                     l1296:
  8933   000204  0E19               	movlw	25
  8934   000206  642F               	cpfsgt	___fldiv@aexp^0,c
  8935   000208  EF08  F001         	goto	u1791
  8936   00020C  EF0A  F001         	goto	u1790
  8937   000210                     u1791:
  8938   000210  EFCA  F000         	goto	l2787
  8939   000214                     u1790:
  8940   000214  5023               	movf	___fldiv@rem^0,w,c
  8941   000216  1024               	iorwf	(___fldiv@rem+1)^0,w,c
  8942   000218  1025               	iorwf	(___fldiv@rem+2)^0,w,c
  8943   00021A  1026               	iorwf	(___fldiv@rem+3)^0,w,c
  8944   00021C  B4D8               	btfsc	status,2,c
  8945   00021E  EF13  F001         	goto	u1801
  8946   000222  EF15  F001         	goto	u1800
  8947   000226                     u1801:
  8948   000226  EF2D  F001         	goto	l2813
  8949   00022A                     u1800:
  8950   00022A  802A               	bsf	___fldiv@grs^0,0,c
  8951   00022C  EF2D  F001         	goto	l2813
  8952   000230                     l2807:
  8953   000230  90D8               	bcf	status,0,c
  8954   000232  3617               	rlcf	___fldiv@b^0,f,c
  8955   000234  3618               	rlcf	(___fldiv@b+1)^0,f,c
  8956   000236  3619               	rlcf	(___fldiv@b+2)^0,f,c
  8957   000238  361A               	rlcf	(___fldiv@b+3)^0,f,c
  8958   00023A  AE2D               	btfss	(___fldiv@grs+3)^0,7,c
  8959   00023C  EF22  F001         	goto	u1811
  8960   000240  EF24  F001         	goto	u1810
  8961   000244                     u1811:
  8962   000244  EF25  F001         	goto	l1305
  8963   000248                     u1810:
  8964   000248  8017               	bsf	___fldiv@b^0,0,c
  8965   00024A                     l1305:
  8966   00024A  90D8               	bcf	status,0,c
  8967   00024C  362A               	rlcf	___fldiv@grs^0,f,c
  8968   00024E  362B               	rlcf	(___fldiv@grs+1)^0,f,c
  8969   000250  362C               	rlcf	(___fldiv@grs+2)^0,f,c
  8970   000252  362D               	rlcf	(___fldiv@grs+3)^0,f,c
  8971   000254  0628               	decf	___fldiv@new_exp^0,f,c
  8972   000256  A0D8               	btfss	status,0,c
  8973   000258  0629               	decf	(___fldiv@new_exp+1)^0,f,c
  8974   00025A                     l2813:
  8975   00025A  AE19               	btfss	(___fldiv@b+2)^0,7,c
  8976   00025C  EF32  F001         	goto	u1821
  8977   000260  EF34  F001         	goto	u1820
  8978   000264                     u1821:
  8979   000264  EF18  F001         	goto	l2807
  8980   000268                     u1820:
  8981   000268  6A2F               	clrf	___fldiv@aexp^0,c
  8982   00026A  AE2D               	btfss	(___fldiv@grs+3)^0,7,c
  8983   00026C  EF3A  F001         	goto	u1831
  8984   000270  EF3C  F001         	goto	u1830
  8985   000274                     u1831:
  8986   000274  EF60  F001         	goto	l1307
  8987   000278                     u1830:
  8988   000278  0EFF               	movlw	255
  8989   00027A  142A               	andwf	___fldiv@grs^0,w,c
  8990   00027C  6E1F               	movwf	??___fldiv^0,c
  8991   00027E  0EFF               	movlw	255
  8992   000280  142B               	andwf	(___fldiv@grs+1)^0,w,c
  8993   000282  6E20               	movwf	(??___fldiv+1)^0,c
  8994   000284  0EFF               	movlw	255
  8995   000286  142C               	andwf	(___fldiv@grs+2)^0,w,c
  8996   000288  6E21               	movwf	(??___fldiv+2)^0,c
  8997   00028A  0E7F               	movlw	127
  8998   00028C  142D               	andwf	(___fldiv@grs+3)^0,w,c
  8999   00028E  6E22               	movwf	(??___fldiv+3)^0,c
  9000   000290  501F               	movf	??___fldiv^0,w,c
  9001   000292  1020               	iorwf	(??___fldiv+1)^0,w,c
  9002   000294  1021               	iorwf	(??___fldiv+2)^0,w,c
  9003   000296  1022               	iorwf	(??___fldiv+3)^0,w,c
  9004   000298  B4D8               	btfsc	status,2,c
  9005   00029A  EF51  F001         	goto	u1841
  9006   00029E  EF53  F001         	goto	u1840
  9007   0002A2                     u1841:
  9008   0002A2  EF57  F001         	goto	l1308
  9009   0002A6                     u1840:
  9010   0002A6                     l2817:
  9011   0002A6  0E01               	movlw	1
  9012   0002A8  6E2F               	movwf	___fldiv@aexp^0,c
  9013   0002AA  EF60  F001         	goto	l1307
  9014   0002AE                     l1308:
  9015   0002AE  A017               	btfss	___fldiv@b^0,0,c
  9016   0002B0  EF5C  F001         	goto	u1851
  9017   0002B4  EF5E  F001         	goto	u1850
  9018   0002B8                     u1851:
  9019   0002B8  EF60  F001         	goto	l1307
  9020   0002BC                     u1850:
  9021   0002BC  EF53  F001         	goto	l2817
  9022   0002C0                     l1307:
  9023   0002C0  502F               	movf	___fldiv@aexp^0,w,c
  9024   0002C2  B4D8               	btfsc	status,2,c
  9025   0002C4  EF66  F001         	goto	u1861
  9026   0002C8  EF68  F001         	goto	u1860
  9027   0002CC                     u1861:
  9028   0002CC  EF8C  F001         	goto	l2829
  9029   0002D0                     u1860:
  9030   0002D0  0E01               	movlw	1
  9031   0002D2  2617               	addwf	___fldiv@b^0,f,c
  9032   0002D4  0E00               	movlw	0
  9033   0002D6  2218               	addwfc	(___fldiv@b+1)^0,f,c
  9034   0002D8  2219               	addwfc	(___fldiv@b+2)^0,f,c
  9035   0002DA  221A               	addwfc	(___fldiv@b+3)^0,f,c
  9036   0002DC  A01A               	btfss	(___fldiv@b+3)^0,0,c
  9037   0002DE  EF73  F001         	goto	u1871
  9038   0002E2  EF75  F001         	goto	u1870
  9039   0002E6                     u1871:
  9040   0002E6  EF8C  F001         	goto	l2829
  9041   0002EA                     u1870:
  9042   0002EA  C017  F01F         	movff	___fldiv@b,??___fldiv
  9043   0002EE  C018  F020         	movff	___fldiv@b+1,??___fldiv+1
  9044   0002F2  C019  F021         	movff	___fldiv@b+2,??___fldiv+2
  9045   0002F6  C01A  F022         	movff	___fldiv@b+3,??___fldiv+3
  9046   0002FA  3422               	rlcf	(??___fldiv+3)^0,w,c
  9047   0002FC  3222               	rrcf	(??___fldiv+3)^0,f,c
  9048   0002FE  3221               	rrcf	(??___fldiv+2)^0,f,c
  9049   000300  3220               	rrcf	(??___fldiv+1)^0,f,c
  9050   000302  321F               	rrcf	??___fldiv^0,f,c
  9051   000304  C01F  F017         	movff	??___fldiv,___fldiv@b
  9052   000308  C020  F018         	movff	??___fldiv+1,___fldiv@b+1
  9053   00030C  C021  F019         	movff	??___fldiv+2,___fldiv@b+2
  9054   000310  C022  F01A         	movff	??___fldiv+3,___fldiv@b+3
  9055   000314  4A28               	infsnz	___fldiv@new_exp^0,f,c
  9056   000316  2A29               	incf	(___fldiv@new_exp+1)^0,f,c
  9057   000318                     l2829:
  9058   000318  BE29               	btfsc	(___fldiv@new_exp+1)^0,7,c
  9059   00031A  EF97  F001         	goto	u1881
  9060   00031E  5029               	movf	(___fldiv@new_exp+1)^0,w,c
  9061   000320  E108               	bnz	u1880
  9062   000322  2828               	incf	___fldiv@new_exp^0,w,c
  9063   000324  A0D8               	btfss	status,0,c
  9064   000326  EF97  F001         	goto	u1881
  9065   00032A  EF99  F001         	goto	u1880
  9066   00032E                     u1881:
  9067   00032E  EFA4  F001         	goto	l2833
  9068   000332                     u1880:
  9069   000332  0E00               	movlw	0
  9070   000334  6E29               	movwf	(___fldiv@new_exp+1)^0,c
  9071   000336  6828               	setf	___fldiv@new_exp^0,c
  9072   000338  0E00               	movlw	0
  9073   00033A  6E17               	movwf	___fldiv@b^0,c
  9074   00033C  0E00               	movlw	0
  9075   00033E  6E18               	movwf	(___fldiv@b+1)^0,c
  9076   000340  0E00               	movlw	0
  9077   000342  6E19               	movwf	(___fldiv@b+2)^0,c
  9078   000344  0E00               	movlw	0
  9079   000346  6E1A               	movwf	(___fldiv@b+3)^0,c
  9080   000348                     l2833:
  9081   000348  BE29               	btfsc	(___fldiv@new_exp+1)^0,7,c
  9082   00034A  EFB1  F001         	goto	u1890
  9083   00034E  5029               	movf	(___fldiv@new_exp+1)^0,w,c
  9084   000350  E106               	bnz	u1891
  9085   000352  0428               	decf	___fldiv@new_exp^0,w,c
  9086   000354  B0D8               	btfsc	status,0,c
  9087   000356  EFAF  F001         	goto	u1891
  9088   00035A  EFB1  F001         	goto	u1890
  9089   00035E                     u1891:
  9090   00035E  EFBD  F001         	goto	l2839
  9091   000362                     u1890:
  9092   000362  6A29               	clrf	(___fldiv@new_exp+1)^0,c
  9093   000364  0E00               	movlw	0
  9094   000366  6E28               	movwf	___fldiv@new_exp^0,c
  9095   000368  0E00               	movlw	0
  9096   00036A  6E17               	movwf	___fldiv@b^0,c
  9097   00036C  0E00               	movlw	0
  9098   00036E  6E18               	movwf	(___fldiv@b+1)^0,c
  9099   000370  0E00               	movlw	0
  9100   000372  6E19               	movwf	(___fldiv@b+2)^0,c
  9101   000374  0E00               	movlw	0
  9102   000376  6E1A               	movwf	(___fldiv@b+3)^0,c
  9103   000378  6A27               	clrf	___fldiv@sign^0,c
  9104   00037A                     l2839:
  9105   00037A  C028  F02E         	movff	___fldiv@new_exp,___fldiv@bexp
  9106   00037E  A02E               	btfss	___fldiv@bexp^0,0,c
  9107   000380  EFC4  F001         	goto	u1901
  9108   000384  EFC6  F001         	goto	u1900
  9109   000388                     u1901:
  9110   000388  EFC9  F001         	goto	l2845
  9111   00038C                     u1900:
  9112   00038C  8E19               	bsf	(___fldiv@b+2)^0,7,c
  9113   00038E  EFCA  F001         	goto	l2847
  9114   000392                     l2845:
  9115   000392  9E19               	bcf	(___fldiv@b+2)^0,7,c
  9116   000394                     l2847:
  9117   000394  90D8               	bcf	status,0,c
  9118   000396  302E               	rrcf	___fldiv@bexp^0,w,c
  9119   000398  6E1A               	movwf	(___fldiv@b+3)^0,c
  9120   00039A  EF84  F000         	goto	l2763
  9121   00039E                     l1294:
  9122   00039E  0012               	return		;funcret
  9123   0003A0                     __end_of___fldiv:
  9124                           	callstack 0
  9125                           
  9126 ;; *************** function _set_time *****************
  9127 ;; Defined at:
  9128 ;;		line 16 in file "set_time.c"
  9129 ;; Parameters:    Size  Location     Type
  9130 ;;		None
  9131 ;; Auto vars:     Size  Location     Type
  9132 ;;  second          1   14[COMRAM] unsigned char 
  9133 ;;  minute          1   13[COMRAM] unsigned char 
  9134 ;;  hour            1   12[COMRAM] unsigned char 
  9135 ;; Return value:  Size  Location     Type
  9136 ;;                  1    wreg      void 
  9137 ;; Registers used:
  9138 ;;		wreg, fsr0l, fsr0h, status,2, status,0, tblptrl, tblptrh, tblptru, cstack
  9139 ;; Tracked objects:
  9140 ;;		On entry : 0/0
  9141 ;;		On exit  : 0/0
  9142 ;;		Unchanged: 0/0
  9143 ;; Data sizes:     COMRAM   BANK0   BANK1   BANK2   BANK3   BANK4   BANK5
  9144 ;;      Params:         0       0       0       0       0       0       0
  9145 ;;      Locals:         3       0       0       0       0       0       0
  9146 ;;      Temps:          2       0       0       0       0       0       0
  9147 ;;      Totals:         5       0       0       0       0       0       0
  9148 ;;Total ram usage:        5 bytes
  9149 ;; Hardware stack levels used: 1
  9150 ;; Hardware stack levels required when called: 3
  9151 ;; This function calls:
  9152 ;;		___lwdiv
  9153 ;;		___lwmod
  9154 ;;		_bcd_converter
  9155 ;;		_clcd_print
  9156 ;;		_clear_clcd
  9157 ;;		_read_switches
  9158 ;;		_write_ds1307
  9159 ;; This function is called by:
  9160 ;;		_main
  9161 ;; This function uses a non-reentrant model
  9162 ;;
  9163                           
  9164                           	psect	text10
  9165   0003A0                     __ptext10:
  9166                           	callstack 0
  9167   0003A0                     _set_time:
  9168                           	callstack 27
  9169   0003A0                     
  9170                           ;set_time.c: 19:     key = read_switches(1);
  9171   0003A0  0E01               	movlw	1
  9172   0003A2  EC2B  F00A         	call	_read_switches
  9173   0003A6  6E5E               	movwf	_key^0,c
  9174   0003A8                     
  9175                           ;set_time.c: 20:     if(key == 11) {
  9176   0003A8  0E0B               	movlw	11
  9177   0003AA  185E               	xorwf	_key^0,w,c
  9178   0003AC  A4D8               	btfss	status,2,c
  9179   0003AE  EFDB  F001         	goto	u2341
  9180   0003B2  EFDD  F001         	goto	u2340
  9181   0003B6                     u2341:
  9182   0003B6  EF32  F002         	goto	l542
  9183   0003BA                     u2340:
  9184   0003BA                     
  9185                           ;set_time.c: 22:         unsigned char hour, minute, second;;set_time.c: 23:         sec
      +                          ond = bcd_converter(sec);
  9186   0003BA  C045  F009         	movff	_sec,bcd_converter@num
  9187   0003BE  C046  F00A         	movff	_sec+1,bcd_converter@num+1
  9188   0003C2  ECAB  F00B         	call	_bcd_converter	;wreg free
  9189   0003C6  6E10               	movwf	set_time@second^0,c
  9190                           
  9191                           ;set_time.c: 24:         minute = bcd_converter(min);
  9192   0003C8  C047  F009         	movff	_min,bcd_converter@num
  9193   0003CC  C048  F00A         	movff	_min+1,bcd_converter@num+1
  9194   0003D0  ECAB  F00B         	call	_bcd_converter	;wreg free
  9195   0003D4  6E0F               	movwf	set_time@minute^0,c
  9196                           
  9197                           ;set_time.c: 25:         hour = bcd_converter(hr);
  9198   0003D6  C049  F009         	movff	_hr,bcd_converter@num
  9199   0003DA  C04A  F00A         	movff	_hr+1,bcd_converter@num+1
  9200   0003DE  ECAB  F00B         	call	_bcd_converter	;wreg free
  9201   0003E2  6E0E               	movwf	set_time@hour^0,c
  9202   0003E4                     
  9203                           ;set_time.c: 27:         write_ds1307(0x00, second);
  9204   0003E4  C010  F003         	movff	set_time@second,write_ds1307@data
  9205   0003E8  0E00               	movlw	0
  9206   0003EA  EC76  F00C         	call	_write_ds1307
  9207   0003EE                     
  9208                           ;set_time.c: 28:         write_ds1307(0x01, minute);
  9209   0003EE  C00F  F003         	movff	set_time@minute,write_ds1307@data
  9210   0003F2  0E01               	movlw	1
  9211   0003F4  EC76  F00C         	call	_write_ds1307
  9212   0003F8                     
  9213                           ;set_time.c: 29:         write_ds1307(0x02, hour);
  9214   0003F8  C00E  F003         	movff	set_time@hour,write_ds1307@data
  9215   0003FC  0E02               	movlw	2
  9216   0003FE  EC76  F00C         	call	_write_ds1307
  9217   000402                     
  9218                           ;set_time.c: 31:         clcd_print("  TIME SET      ", (0x80 + (0)));
  9219   000402  0E16               	movlw	low STR_23
  9220   000404  6E04               	movwf	clcd_print@data^0,c
  9221   000406  0E2F               	movlw	high STR_23
  9222   000408  6E05               	movwf	(clcd_print@data+1)^0,c
  9223   00040A  0E80               	movlw	128
  9224   00040C  6E06               	movwf	clcd_print@addr^0,c
  9225   00040E  EC9E  F00A         	call	_clcd_print	;wreg free
  9226   000412                     
  9227                           ;set_time.c: 32:         clcd_print("   SUCCESSFULLY ", (0xC0 + (0)));
  9228   000412  0EAF               	movlw	low STR_11
  9229   000414  6E04               	movwf	clcd_print@data^0,c
  9230   000416  0E2F               	movlw	high STR_11
  9231   000418  6E05               	movwf	(clcd_print@data+1)^0,c
  9232   00041A  0EC0               	movlw	192
  9233   00041C  6E06               	movwf	clcd_print@addr^0,c
  9234   00041E  EC9E  F00A         	call	_clcd_print	;wreg free
  9235   000422                     
  9236                           ;set_time.c: 33:         _delay((unsigned long)((1000)*(20000000/4000.0)));
  9237   000422  0E1A               	movlw	26
  9238   000424  6E0D               	movwf	(??_set_time+1)^0,c
  9239   000426  0E5E               	movlw	94
  9240   000428  6E0C               	movwf	??_set_time^0,c
  9241   00042A  0E6E               	movlw	110
  9242   00042C                     u2627:
  9243   00042C  2EE8               	decfsz	wreg,f,c
  9244   00042E  D7FE               	bra	u2627
  9245   000430  2E0C               	decfsz	??_set_time^0,f,c
  9246   000432  D7FC               	bra	u2627
  9247   000434  2E0D               	decfsz	(??_set_time+1)^0,f,c
  9248   000436  D7FA               	bra	u2627
  9249   000438  D000               	nop2	
  9250   00043A                     
  9251                           ;set_time.c: 34:         hr = min = sec = field = 0;
  9252   00043A  6A44               	clrf	(_field+1)^0,c
  9253   00043C  0E00               	movlw	0
  9254   00043E  6E43               	movwf	_field^0,c
  9255   000440  C043  F045         	movff	_field,_sec
  9256   000444  C044  F046         	movff	_field+1,_sec+1
  9257   000448  C045  F047         	movff	_sec,_min
  9258   00044C  C046  F048         	movff	_sec+1,_min+1
  9259   000450  C047  F049         	movff	_min,_hr
  9260   000454  C048  F04A         	movff	_min+1,_hr+1
  9261   000458                     
  9262                           ;set_time.c: 35:         state = e_main_menu;
  9263   000458  0E01               	movlw	1
  9264   00045A  6E56               	movwf	_state^0,c
  9265   00045C                     
  9266                           ;set_time.c: 36:         clear_clcd();
  9267   00045C  EC45  F00C         	call	_clear_clcd	;wreg free
  9268   000460  EF5E  F003         	goto	l543
  9269   000464                     l542:
  9270                           
  9271                           ;set_time.c: 40:     hr_str[2] = min_str[2] = sec_str[2] = '\0';
  9272   000464  0100               	movlb	0	; () banked
  9273   000466  6BA5               	clrf	(_sec_str+2)& (0+255),b
  9274   000468  6BA8               	clrf	(_min_str+2)& (0+255),b
  9275   00046A  6BAB               	clrf	(_hr_str+2)& (0+255),b
  9276   00046C                     
  9277                           ; BSR set to: 0
  9278                           ;set_time.c: 41:     hr_str[1] = (hr%10) + '0'; hr_str[0] = (hr/10) + '0';
  9279   00046C  C049  F002         	movff	_hr,___lwmod@dividend
  9280   000470  C04A  F003         	movff	_hr+1,___lwmod@dividend+1
  9281   000474  6A05               	clrf	(___lwmod@divisor+1)^0,c
  9282   000476  0E0A               	movlw	10
  9283   000478  6E04               	movwf	___lwmod@divisor^0,c
  9284   00047A  ECD4  F00A         	call	___lwmod	;wreg free
  9285   00047E  5002               	movf	?___lwmod^0,w,c
  9286   000480  0F30               	addlw	48
  9287   000482  0100               	movlb	0	; () banked
  9288   000484  6FAA               	movwf	(_hr_str+1)& (0+255),b
  9289   000486  C049  F002         	movff	_hr,___lwdiv@dividend
  9290   00048A  C04A  F003         	movff	_hr+1,___lwdiv@dividend+1
  9291   00048E  6A05               	clrf	(___lwdiv@divisor+1)^0,c
  9292   000490  0E0A               	movlw	10
  9293   000492  6E04               	movwf	___lwdiv@divisor^0,c
  9294   000494  EC65  F00A         	call	___lwdiv	;wreg free
  9295   000498  5002               	movf	?___lwdiv^0,w,c
  9296   00049A  0F30               	addlw	48
  9297   00049C  0100               	movlb	0	; () banked
  9298   00049E  6FA9               	movwf	_hr_str& (0+255),b
  9299                           
  9300                           ;set_time.c: 42:     min_str[1] = (min%10) + '0'; min_str[0] = (min/10) + '0';
  9301   0004A0  C047  F002         	movff	_min,___lwmod@dividend
  9302   0004A4  C048  F003         	movff	_min+1,___lwmod@dividend+1
  9303   0004A8  6A05               	clrf	(___lwmod@divisor+1)^0,c
  9304   0004AA  0E0A               	movlw	10
  9305   0004AC  6E04               	movwf	___lwmod@divisor^0,c
  9306   0004AE  ECD4  F00A         	call	___lwmod	;wreg free
  9307   0004B2  5002               	movf	?___lwmod^0,w,c
  9308   0004B4  0F30               	addlw	48
  9309   0004B6  0100               	movlb	0	; () banked
  9310   0004B8  6FA7               	movwf	(_min_str+1)& (0+255),b
  9311   0004BA  C047  F002         	movff	_min,___lwdiv@dividend
  9312   0004BE  C048  F003         	movff	_min+1,___lwdiv@dividend+1
  9313   0004C2  6A05               	clrf	(___lwdiv@divisor+1)^0,c
  9314   0004C4  0E0A               	movlw	10
  9315   0004C6  6E04               	movwf	___lwdiv@divisor^0,c
  9316   0004C8  EC65  F00A         	call	___lwdiv	;wreg free
  9317   0004CC  5002               	movf	?___lwdiv^0,w,c
  9318   0004CE  0F30               	addlw	48
  9319   0004D0  0100               	movlb	0	; () banked
  9320   0004D2  6FA6               	movwf	_min_str& (0+255),b
  9321                           
  9322                           ;set_time.c: 43:     sec_str[1] = (sec%10) + '0'; sec_str[0] = (sec/10) + '0';
  9323   0004D4  C045  F002         	movff	_sec,___lwmod@dividend
  9324   0004D8  C046  F003         	movff	_sec+1,___lwmod@dividend+1
  9325   0004DC  6A05               	clrf	(___lwmod@divisor+1)^0,c
  9326   0004DE  0E0A               	movlw	10
  9327   0004E0  6E04               	movwf	___lwmod@divisor^0,c
  9328   0004E2  ECD4  F00A         	call	___lwmod	;wreg free
  9329   0004E6  5002               	movf	?___lwmod^0,w,c
  9330   0004E8  0F30               	addlw	48
  9331   0004EA  0100               	movlb	0	; () banked
  9332   0004EC  6FA4               	movwf	(_sec_str+1)& (0+255),b
  9333   0004EE  C045  F002         	movff	_sec,___lwdiv@dividend
  9334   0004F2  C046  F003         	movff	_sec+1,___lwdiv@dividend+1
  9335   0004F6  6A05               	clrf	(___lwdiv@divisor+1)^0,c
  9336   0004F8  0E0A               	movlw	10
  9337   0004FA  6E04               	movwf	___lwdiv@divisor^0,c
  9338   0004FC  EC65  F00A         	call	___lwdiv	;wreg free
  9339   000500  5002               	movf	?___lwdiv^0,w,c
  9340   000502  0F30               	addlw	48
  9341   000504  0100               	movlb	0	; () banked
  9342   000506  6FA3               	movwf	_sec_str& (0+255),b
  9343   000508                     
  9344                           ; BSR set to: 0
  9345                           ;set_time.c: 45:     clcd_print(hr_str, (0xC0 + (4)));
  9346   000508  0EA9               	movlw	low _hr_str
  9347   00050A  6E04               	movwf	clcd_print@data^0,c
  9348   00050C  6A05               	clrf	(clcd_print@data+1)^0,c
  9349   00050E  0EC4               	movlw	196
  9350   000510  6E06               	movwf	clcd_print@addr^0,c
  9351   000512  EC9E  F00A         	call	_clcd_print	;wreg free
  9352   000516                     
  9353                           ;set_time.c: 46:     clcd_print(":", (0xC0 + (6)));
  9354   000516  0EFC               	movlw	low STR_25
  9355   000518  6E04               	movwf	clcd_print@data^0,c
  9356   00051A  0E2F               	movlw	high STR_25
  9357   00051C  6E05               	movwf	(clcd_print@data+1)^0,c
  9358   00051E  0EC6               	movlw	198
  9359   000520  6E06               	movwf	clcd_print@addr^0,c
  9360   000522  EC9E  F00A         	call	_clcd_print	;wreg free
  9361   000526                     
  9362                           ;set_time.c: 47:     clcd_print(min_str, (0xC0 + (7)));
  9363   000526  0EA6               	movlw	low _min_str
  9364   000528  6E04               	movwf	clcd_print@data^0,c
  9365   00052A  6A05               	clrf	(clcd_print@data+1)^0,c
  9366   00052C  0EC7               	movlw	199
  9367   00052E  6E06               	movwf	clcd_print@addr^0,c
  9368   000530  EC9E  F00A         	call	_clcd_print	;wreg free
  9369   000534                     
  9370                           ;set_time.c: 48:     clcd_print(":", (0xC0 + (9)));
  9371   000534  0EFC               	movlw	low STR_25
  9372   000536  6E04               	movwf	clcd_print@data^0,c
  9373   000538  0E2F               	movlw	high STR_25
  9374   00053A  6E05               	movwf	(clcd_print@data+1)^0,c
  9375   00053C  0EC9               	movlw	201
  9376   00053E  6E06               	movwf	clcd_print@addr^0,c
  9377   000540  EC9E  F00A         	call	_clcd_print	;wreg free
  9378   000544                     
  9379                           ;set_time.c: 49:     clcd_print(sec_str, (0xC0 + (10)));
  9380   000544  0EA3               	movlw	low _sec_str
  9381   000546  6E04               	movwf	clcd_print@data^0,c
  9382   000548  6A05               	clrf	(clcd_print@data+1)^0,c
  9383   00054A  0ECA               	movlw	202
  9384   00054C  6E06               	movwf	clcd_print@addr^0,c
  9385   00054E  EC9E  F00A         	call	_clcd_print	;wreg free
  9386   000552                     
  9387                           ;set_time.c: 51:     if(toggle) {
  9388   000552  0100               	movlb	0	; () banked
  9389   000554  5190               	movf	_toggle& (0+255),w,b
  9390   000556  1191               	iorwf	(_toggle+1)& (0+255),w,b
  9391   000558  B4D8               	btfsc	status,2,c
  9392   00055A  EFB1  F002         	goto	u2351
  9393   00055E  EFB3  F002         	goto	u2350
  9394   000562                     u2351:
  9395   000562  EFEB  F002         	goto	l3171
  9396   000566                     u2350:
  9397   000566                     
  9398                           ; BSR set to: 0
  9399                           ;set_time.c: 52:         if(field == 2) clcd_print("  ",(0xC0 + (10)));
  9400   000566  0E02               	movlw	2
  9401   000568  1843               	xorwf	_field^0,w,c
  9402   00056A  1044               	iorwf	(_field+1)^0,w,c
  9403   00056C  A4D8               	btfss	status,2,c
  9404   00056E  EFBB  F002         	goto	u2361
  9405   000572  EFBD  F002         	goto	u2360
  9406   000576                     u2361:
  9407   000576  EFC7  F002         	goto	l3163
  9408   00057A                     u2360:
  9409   00057A                     
  9410                           ; BSR set to: 0
  9411   00057A  0E57               	movlw	low (STR_12+14)
  9412   00057C  6E04               	movwf	clcd_print@data^0,c
  9413   00057E  0E2F               	movlw	high (STR_12+14)
  9414   000580  6E05               	movwf	(clcd_print@data+1)^0,c
  9415   000582  0ECA               	movlw	202
  9416   000584  6E06               	movwf	clcd_print@addr^0,c
  9417   000586  EC9E  F00A         	call	_clcd_print	;wreg free
  9418   00058A  EFEB  F002         	goto	l3171
  9419   00058E                     l3163:
  9420                           
  9421                           ; BSR set to: 0
  9422   00058E  0443               	decf	_field^0,w,c
  9423   000590  1044               	iorwf	(_field+1)^0,w,c
  9424   000592  A4D8               	btfss	status,2,c
  9425   000594  EFCE  F002         	goto	u2371
  9426   000598  EFD0  F002         	goto	u2370
  9427   00059C                     u2371:
  9428   00059C  EFDA  F002         	goto	l3167
  9429   0005A0                     u2370:
  9430   0005A0                     
  9431                           ; BSR set to: 0
  9432   0005A0  0E57               	movlw	low (STR_12+14)
  9433   0005A2  6E04               	movwf	clcd_print@data^0,c
  9434   0005A4  0E2F               	movlw	high (STR_12+14)
  9435   0005A6  6E05               	movwf	(clcd_print@data+1)^0,c
  9436   0005A8  0EC7               	movlw	199
  9437   0005AA  6E06               	movwf	clcd_print@addr^0,c
  9438   0005AC  EC9E  F00A         	call	_clcd_print	;wreg free
  9439   0005B0  EFEB  F002         	goto	l3171
  9440   0005B4                     l3167:
  9441                           
  9442                           ; BSR set to: 0
  9443   0005B4  5043               	movf	_field^0,w,c
  9444   0005B6  1044               	iorwf	(_field+1)^0,w,c
  9445   0005B8  A4D8               	btfss	status,2,c
  9446   0005BA  EFE1  F002         	goto	u2381
  9447   0005BE  EFE3  F002         	goto	u2380
  9448   0005C2                     u2381:
  9449   0005C2  EFEB  F002         	goto	l3171
  9450   0005C6                     u2380:
  9451   0005C6                     
  9452                           ; BSR set to: 0
  9453   0005C6  0E57               	movlw	low (STR_12+14)
  9454   0005C8  6E04               	movwf	clcd_print@data^0,c
  9455   0005CA  0E2F               	movlw	high (STR_12+14)
  9456   0005CC  6E05               	movwf	(clcd_print@data+1)^0,c
  9457   0005CE  0EC4               	movlw	196
  9458   0005D0  6E06               	movwf	clcd_print@addr^0,c
  9459   0005D2  EC9E  F00A         	call	_clcd_print	;wreg free
  9460   0005D6                     l3171:
  9461                           
  9462                           ;set_time.c: 57:     if(key == 1) {
  9463   0005D6  045E               	decf	_key^0,w,c
  9464   0005D8  A4D8               	btfss	status,2,c
  9465   0005DA  EFF1  F002         	goto	u2391
  9466   0005DE  EFF3  F002         	goto	u2390
  9467   0005E2                     u2391:
  9468   0005E2  EF05  F003         	goto	l3179
  9469   0005E6                     u2390:
  9470   0005E6                     
  9471                           ;set_time.c: 58:         field++;
  9472   0005E6  4A43               	infsnz	_field^0,f,c
  9473   0005E8  2A44               	incf	(_field+1)^0,f,c
  9474   0005EA                     
  9475                           ;set_time.c: 59:         if(field > 2) field = 0;
  9476   0005EA  5044               	movf	(_field+1)^0,w,c
  9477   0005EC  E109               	bnz	u2400
  9478   0005EE  0E03               	movlw	3
  9479   0005F0  5C43               	subwf	_field^0,w,c
  9480   0005F2  A0D8               	btfss	status,0,c
  9481   0005F4  EFFE  F002         	goto	u2401
  9482   0005F8  EF00  F003         	goto	u2400
  9483   0005FC                     u2401:
  9484   0005FC  EF5E  F003         	goto	l543
  9485   000600                     u2400:
  9486   000600  6A44               	clrf	(_field+1)^0,c
  9487   000602  0E00               	movlw	0
  9488   000604  6E43               	movwf	_field^0,c
  9489   000606  EF5E  F003         	goto	l543
  9490   00060A                     l3179:
  9491   00060A  0E02               	movlw	2
  9492   00060C  185E               	xorwf	_key^0,w,c
  9493   00060E  A4D8               	btfss	status,2,c
  9494   000610  EF0C  F003         	goto	u2411
  9495   000614  EF0E  F003         	goto	u2410
  9496   000618                     u2411:
  9497   000618  EF5E  F003         	goto	l543
  9498   00061C                     u2410:
  9499   00061C                     
  9500                           ;set_time.c: 62:         if(field == 2) {
  9501   00061C  0E02               	movlw	2
  9502   00061E  1843               	xorwf	_field^0,w,c
  9503   000620  1044               	iorwf	(_field+1)^0,w,c
  9504   000622  A4D8               	btfss	status,2,c
  9505   000624  EF16  F003         	goto	u2421
  9506   000628  EF18  F003         	goto	u2420
  9507   00062C                     u2421:
  9508   00062C  EF2A  F003         	goto	l3189
  9509   000630                     u2420:
  9510   000630                     
  9511                           ;set_time.c: 63:             sec++;
  9512   000630  4A45               	infsnz	_sec^0,f,c
  9513   000632  2A46               	incf	(_sec+1)^0,f,c
  9514   000634                     
  9515                           ;set_time.c: 64:             if(sec > 59) sec = 0;
  9516   000634  5046               	movf	(_sec+1)^0,w,c
  9517   000636  E109               	bnz	u2430
  9518   000638  0E3C               	movlw	60
  9519   00063A  5C45               	subwf	_sec^0,w,c
  9520   00063C  A0D8               	btfss	status,0,c
  9521   00063E  EF23  F003         	goto	u2431
  9522   000642  EF25  F003         	goto	u2430
  9523   000646                     u2431:
  9524   000646  EF5E  F003         	goto	l543
  9525   00064A                     u2430:
  9526   00064A  6A46               	clrf	(_sec+1)^0,c
  9527   00064C  0E00               	movlw	0
  9528   00064E  6E45               	movwf	_sec^0,c
  9529   000650  EF5E  F003         	goto	l543
  9530   000654                     l3189:
  9531   000654  0443               	decf	_field^0,w,c
  9532   000656  1044               	iorwf	(_field+1)^0,w,c
  9533   000658  A4D8               	btfss	status,2,c
  9534   00065A  EF31  F003         	goto	u2441
  9535   00065E  EF33  F003         	goto	u2440
  9536   000662                     u2441:
  9537   000662  EF45  F003         	goto	l3197
  9538   000666                     u2440:
  9539   000666                     
  9540                           ;set_time.c: 67:             min++;
  9541   000666  4A47               	infsnz	_min^0,f,c
  9542   000668  2A48               	incf	(_min+1)^0,f,c
  9543   00066A                     
  9544                           ;set_time.c: 68:             if(min > 59) min = 0;
  9545   00066A  5048               	movf	(_min+1)^0,w,c
  9546   00066C  E109               	bnz	u2450
  9547   00066E  0E3C               	movlw	60
  9548   000670  5C47               	subwf	_min^0,w,c
  9549   000672  A0D8               	btfss	status,0,c
  9550   000674  EF3E  F003         	goto	u2451
  9551   000678  EF40  F003         	goto	u2450
  9552   00067C                     u2451:
  9553   00067C  EF5E  F003         	goto	l543
  9554   000680                     u2450:
  9555   000680  6A48               	clrf	(_min+1)^0,c
  9556   000682  0E00               	movlw	0
  9557   000684  6E47               	movwf	_min^0,c
  9558   000686  EF5E  F003         	goto	l543
  9559   00068A                     l3197:
  9560   00068A  5043               	movf	_field^0,w,c
  9561   00068C  1044               	iorwf	(_field+1)^0,w,c
  9562   00068E  A4D8               	btfss	status,2,c
  9563   000690  EF4C  F003         	goto	u2461
  9564   000694  EF4E  F003         	goto	u2460
  9565   000698                     u2461:
  9566   000698  EF5E  F003         	goto	l543
  9567   00069C                     u2460:
  9568   00069C                     
  9569                           ;set_time.c: 71:             hr++;
  9570   00069C  4A49               	infsnz	_hr^0,f,c
  9571   00069E  2A4A               	incf	(_hr+1)^0,f,c
  9572   0006A0                     
  9573                           ;set_time.c: 72:             if(hr > 23) hr = 0;
  9574   0006A0  504A               	movf	(_hr+1)^0,w,c
  9575   0006A2  E109               	bnz	u2470
  9576   0006A4  0E18               	movlw	24
  9577   0006A6  5C49               	subwf	_hr^0,w,c
  9578   0006A8  A0D8               	btfss	status,0,c
  9579   0006AA  EF59  F003         	goto	u2471
  9580   0006AE  EF5B  F003         	goto	u2470
  9581   0006B2                     u2471:
  9582   0006B2  EF5E  F003         	goto	l543
  9583   0006B6                     u2470:
  9584   0006B6  6A4A               	clrf	(_hr+1)^0,c
  9585   0006B8  0E00               	movlw	0
  9586   0006BA  6E49               	movwf	_hr^0,c
  9587   0006BC                     l543:
  9588   0006BC  0012               	return		;funcret
  9589   0006BE                     __end_of_set_time:
  9590                           	callstack 0
  9591                           
  9592 ;; *************** function _bcd_converter *****************
  9593 ;; Defined at:
  9594 ;;		line 77 in file "set_time.c"
  9595 ;; Parameters:    Size  Location     Type
  9596 ;;  num             2    7[COMRAM] unsigned short 
  9597 ;; Auto vars:     Size  Location     Type
  9598 ;;  ch              1    9[COMRAM] unsigned char 
  9599 ;; Return value:  Size  Location     Type
  9600 ;;                  1    wreg      unsigned char 
  9601 ;; Registers used:
  9602 ;;		wreg, status,2, status,0, cstack
  9603 ;; Tracked objects:
  9604 ;;		On entry : 0/0
  9605 ;;		On exit  : 0/0
  9606 ;;		Unchanged: 0/0
  9607 ;; Data sizes:     COMRAM   BANK0   BANK1   BANK2   BANK3   BANK4   BANK5
  9608 ;;      Params:         2       0       0       0       0       0       0
  9609 ;;      Locals:         1       0       0       0       0       0       0
  9610 ;;      Temps:          0       0       0       0       0       0       0
  9611 ;;      Totals:         3       0       0       0       0       0       0
  9612 ;;Total ram usage:        3 bytes
  9613 ;; Hardware stack levels used: 1
  9614 ;; Hardware stack levels required when called: 2
  9615 ;; This function calls:
  9616 ;;		___lwdiv
  9617 ;;		___lwmod
  9618 ;; This function is called by:
  9619 ;;		_set_time
  9620 ;; This function uses a non-reentrant model
  9621 ;;
  9622                           
  9623                           	psect	text11
  9624   001756                     __ptext11:
  9625                           	callstack 0
  9626   001756                     _bcd_converter:
  9627                           	callstack 27
  9628   001756                     
  9629                           ;set_time.c: 77: unsigned char bcd_converter(unsigned short num);set_time.c: 78: {;set_t
      +                          ime.c: 79:     unsigned char ch = 0;
  9630   001756  6A0B               	clrf	bcd_converter@ch^0,c
  9631   001758                     
  9632                           ;set_time.c: 80:     ch = (num/10) | ch;
  9633   001758  C009  F002         	movff	bcd_converter@num,___lwdiv@dividend
  9634   00175C  C00A  F003         	movff	bcd_converter@num+1,___lwdiv@dividend+1
  9635   001760  6A05               	clrf	(___lwdiv@divisor+1)^0,c
  9636   001762  0E0A               	movlw	10
  9637   001764  6E04               	movwf	___lwdiv@divisor^0,c
  9638   001766  EC65  F00A         	call	___lwdiv	;wreg free
  9639   00176A  5002               	movf	?___lwdiv^0,w,c
  9640   00176C  100B               	iorwf	bcd_converter@ch^0,w,c
  9641   00176E  6E0B               	movwf	bcd_converter@ch^0,c
  9642   001770                     
  9643                           ;set_time.c: 81:     ch = ch << 4;
  9644   001770  380B               	swapf	bcd_converter@ch^0,w,c
  9645   001772  0BF0               	andlw	240
  9646   001774  6E0B               	movwf	bcd_converter@ch^0,c
  9647   001776                     
  9648                           ;set_time.c: 82:     ch = (num%10) | ch;
  9649   001776  C009  F002         	movff	bcd_converter@num,___lwmod@dividend
  9650   00177A  C00A  F003         	movff	bcd_converter@num+1,___lwmod@dividend+1
  9651   00177E  6A05               	clrf	(___lwmod@divisor+1)^0,c
  9652   001780  0E0A               	movlw	10
  9653   001782  6E04               	movwf	___lwmod@divisor^0,c
  9654   001784  ECD4  F00A         	call	___lwmod	;wreg free
  9655   001788  5002               	movf	?___lwmod^0,w,c
  9656   00178A  100B               	iorwf	bcd_converter@ch^0,w,c
  9657   00178C  6E0B               	movwf	bcd_converter@ch^0,c
  9658   00178E                     
  9659                           ;set_time.c: 83:     return ch;
  9660   00178E  500B               	movf	bcd_converter@ch^0,w,c
  9661   001790  0012               	return		;funcret
  9662   001792                     __end_of_bcd_converter:
  9663                           	callstack 0
  9664                           
  9665 ;; *************** function ___lwmod *****************
  9666 ;; Defined at:
  9667 ;;		line 7 in file "C:\Program Files\Microchip\xc8\v3.10\pic\sources\c99\common\lwmod.c"
  9668 ;; Parameters:    Size  Location     Type
  9669 ;;  dividend        2    0[COMRAM] unsigned int 
  9670 ;;  divisor         2    2[COMRAM] unsigned int 
  9671 ;; Auto vars:     Size  Location     Type
  9672 ;;  counter         1    4[COMRAM] unsigned char 
  9673 ;; Return value:  Size  Location     Type
  9674 ;;                  2    0[COMRAM] unsigned int 
  9675 ;; Registers used:
  9676 ;;		wreg, status,2, status,0
  9677 ;; Tracked objects:
  9678 ;;		On entry : 0/0
  9679 ;;		On exit  : 0/0
  9680 ;;		Unchanged: 0/0
  9681 ;; Data sizes:     COMRAM   BANK0   BANK1   BANK2   BANK3   BANK4   BANK5
  9682 ;;      Params:         4       0       0       0       0       0       0
  9683 ;;      Locals:         1       0       0       0       0       0       0
  9684 ;;      Temps:          0       0       0       0       0       0       0
  9685 ;;      Totals:         5       0       0       0       0       0       0
  9686 ;;Total ram usage:        5 bytes
  9687 ;; Hardware stack levels used: 1
  9688 ;; Hardware stack levels required when called: 1
  9689 ;; This function calls:
  9690 ;;		Nothing
  9691 ;; This function is called by:
  9692 ;;		_view_dashboard
  9693 ;;		_set_time
  9694 ;;		_bcd_converter
  9695 ;; This function uses a non-reentrant model
  9696 ;;
  9697                           
  9698                           	psect	text12
  9699   0015A8                     __ptext12:
  9700                           	callstack 0
  9701   0015A8                     ___lwmod:
  9702                           	callstack 27
  9703   0015A8  5004               	movf	___lwmod@divisor^0,w,c
  9704   0015AA  1005               	iorwf	(___lwmod@divisor+1)^0,w,c
  9705   0015AC  B4D8               	btfsc	status,2,c
  9706   0015AE  EFDB  F00A         	goto	u1541
  9707   0015B2  EFDD  F00A         	goto	u1540
  9708   0015B6                     u1541:
  9709   0015B6  EF01  F00B         	goto	l1213
  9710   0015BA                     u1540:
  9711   0015BA  0E01               	movlw	1
  9712   0015BC  6E06               	movwf	___lwmod@counter^0,c
  9713   0015BE  EFE5  F00A         	goto	l2569
  9714   0015C2                     l2567:
  9715   0015C2  90D8               	bcf	status,0,c
  9716   0015C4  3604               	rlcf	___lwmod@divisor^0,f,c
  9717   0015C6  3605               	rlcf	(___lwmod@divisor+1)^0,f,c
  9718   0015C8  2A06               	incf	___lwmod@counter^0,f,c
  9719   0015CA                     l2569:
  9720   0015CA  AE05               	btfss	(___lwmod@divisor+1)^0,7,c
  9721   0015CC  EFEA  F00A         	goto	u1551
  9722   0015D0  EFEC  F00A         	goto	u1550
  9723   0015D4                     u1551:
  9724   0015D4  EFE1  F00A         	goto	l2567
  9725   0015D8                     u1550:
  9726   0015D8                     l2571:
  9727   0015D8  5004               	movf	___lwmod@divisor^0,w,c
  9728   0015DA  5C02               	subwf	___lwmod@dividend^0,w,c
  9729   0015DC  5005               	movf	(___lwmod@divisor+1)^0,w,c
  9730   0015DE  5803               	subwfb	(___lwmod@dividend+1)^0,w,c
  9731   0015E0  A0D8               	btfss	status,0,c
  9732   0015E2  EFF5  F00A         	goto	u1561
  9733   0015E6  EFF7  F00A         	goto	u1560
  9734   0015EA                     u1561:
  9735   0015EA  EFFB  F00A         	goto	l2575
  9736   0015EE                     u1560:
  9737   0015EE  5004               	movf	___lwmod@divisor^0,w,c
  9738   0015F0  5E02               	subwf	___lwmod@dividend^0,f,c
  9739   0015F2  5005               	movf	(___lwmod@divisor+1)^0,w,c
  9740   0015F4  5A03               	subwfb	(___lwmod@dividend+1)^0,f,c
  9741   0015F6                     l2575:
  9742   0015F6  90D8               	bcf	status,0,c
  9743   0015F8  3205               	rrcf	(___lwmod@divisor+1)^0,f,c
  9744   0015FA  3204               	rrcf	___lwmod@divisor^0,f,c
  9745   0015FC  2E06               	decfsz	___lwmod@counter^0,f,c
  9746   0015FE  EFEC  F00A         	goto	l2571
  9747   001602                     l1213:
  9748   001602  C002  F002         	movff	___lwmod@dividend,?___lwmod
  9749   001606  C003  F003         	movff	___lwmod@dividend+1,?___lwmod+1
  9750   00160A  0012               	return		;funcret
  9751   00160C                     __end_of___lwmod:
  9752                           	callstack 0
  9753                           
  9754 ;; *************** function ___lwdiv *****************
  9755 ;; Defined at:
  9756 ;;		line 7 in file "C:\Program Files\Microchip\xc8\v3.10\pic\sources\c99\common\lwdiv.c"
  9757 ;; Parameters:    Size  Location     Type
  9758 ;;  dividend        2    0[COMRAM] unsigned int 
  9759 ;;  divisor         2    2[COMRAM] unsigned int 
  9760 ;; Auto vars:     Size  Location     Type
  9761 ;;  quotient        2    4[COMRAM] unsigned int 
  9762 ;;  counter         1    6[COMRAM] unsigned char 
  9763 ;; Return value:  Size  Location     Type
  9764 ;;                  2    0[COMRAM] unsigned int 
  9765 ;; Registers used:
  9766 ;;		wreg, status,2, status,0
  9767 ;; Tracked objects:
  9768 ;;		On entry : 0/0
  9769 ;;		On exit  : 0/0
  9770 ;;		Unchanged: 0/0
  9771 ;; Data sizes:     COMRAM   BANK0   BANK1   BANK2   BANK3   BANK4   BANK5
  9772 ;;      Params:         4       0       0       0       0       0       0
  9773 ;;      Locals:         3       0       0       0       0       0       0
  9774 ;;      Temps:          0       0       0       0       0       0       0
  9775 ;;      Totals:         7       0       0       0       0       0       0
  9776 ;;Total ram usage:        7 bytes
  9777 ;; Hardware stack levels used: 1
  9778 ;; Hardware stack levels required when called: 1
  9779 ;; This function calls:
  9780 ;;		Nothing
  9781 ;; This function is called by:
  9782 ;;		_view_dashboard
  9783 ;;		_set_time
  9784 ;;		_bcd_converter
  9785 ;; This function uses a non-reentrant model
  9786 ;;
  9787                           
  9788                           	psect	text13
  9789   0014CA                     __ptext13:
  9790                           	callstack 0
  9791   0014CA                     ___lwdiv:
  9792                           	callstack 27
  9793   0014CA  6A07               	clrf	(___lwdiv@quotient+1)^0,c
  9794   0014CC  0E00               	movlw	0
  9795   0014CE  6E06               	movwf	___lwdiv@quotient^0,c
  9796   0014D0  5004               	movf	___lwdiv@divisor^0,w,c
  9797   0014D2  1005               	iorwf	(___lwdiv@divisor+1)^0,w,c
  9798   0014D4  B4D8               	btfsc	status,2,c
  9799   0014D6  EF6F  F00A         	goto	u1511
  9800   0014DA  EF71  F00A         	goto	u1510
  9801   0014DE                     u1511:
  9802   0014DE  EF99  F00A         	goto	l1203
  9803   0014E2                     u1510:
  9804   0014E2  0E01               	movlw	1
  9805   0014E4  6E08               	movwf	___lwdiv@counter^0,c
  9806   0014E6  EF79  F00A         	goto	l2549
  9807   0014EA                     l2547:
  9808   0014EA  90D8               	bcf	status,0,c
  9809   0014EC  3604               	rlcf	___lwdiv@divisor^0,f,c
  9810   0014EE  3605               	rlcf	(___lwdiv@divisor+1)^0,f,c
  9811   0014F0  2A08               	incf	___lwdiv@counter^0,f,c
  9812   0014F2                     l2549:
  9813   0014F2  AE05               	btfss	(___lwdiv@divisor+1)^0,7,c
  9814   0014F4  EF7E  F00A         	goto	u1521
  9815   0014F8  EF80  F00A         	goto	u1520
  9816   0014FC                     u1521:
  9817   0014FC  EF75  F00A         	goto	l2547
  9818   001500                     u1520:
  9819   001500                     l2551:
  9820   001500  90D8               	bcf	status,0,c
  9821   001502  3606               	rlcf	___lwdiv@quotient^0,f,c
  9822   001504  3607               	rlcf	(___lwdiv@quotient+1)^0,f,c
  9823   001506  5004               	movf	___lwdiv@divisor^0,w,c
  9824   001508  5C02               	subwf	___lwdiv@dividend^0,w,c
  9825   00150A  5005               	movf	(___lwdiv@divisor+1)^0,w,c
  9826   00150C  5803               	subwfb	(___lwdiv@dividend+1)^0,w,c
  9827   00150E  A0D8               	btfss	status,0,c
  9828   001510  EF8C  F00A         	goto	u1531
  9829   001514  EF8E  F00A         	goto	u1530
  9830   001518                     u1531:
  9831   001518  EF93  F00A         	goto	l2559
  9832   00151C                     u1530:
  9833   00151C  5004               	movf	___lwdiv@divisor^0,w,c
  9834   00151E  5E02               	subwf	___lwdiv@dividend^0,f,c
  9835   001520  5005               	movf	(___lwdiv@divisor+1)^0,w,c
  9836   001522  5A03               	subwfb	(___lwdiv@dividend+1)^0,f,c
  9837   001524  8006               	bsf	___lwdiv@quotient^0,0,c
  9838   001526                     l2559:
  9839   001526  90D8               	bcf	status,0,c
  9840   001528  3205               	rrcf	(___lwdiv@divisor+1)^0,f,c
  9841   00152A  3204               	rrcf	___lwdiv@divisor^0,f,c
  9842   00152C  2E08               	decfsz	___lwdiv@counter^0,f,c
  9843   00152E  EF80  F00A         	goto	l2551
  9844   001532                     l1203:
  9845   001532  C006  F002         	movff	___lwdiv@quotient,?___lwdiv
  9846   001536  C007  F003         	movff	___lwdiv@quotient+1,?___lwdiv+1
  9847   00153A  0012               	return		;funcret
  9848   00153C                     __end_of___lwdiv:
  9849                           	callstack 0
  9850                           
  9851 ;; *************** function _init_config *****************
  9852 ;; Defined at:
  9853 ;;		line 15 in file "main.c"
  9854 ;; Parameters:    Size  Location     Type
  9855 ;;		None
  9856 ;; Auto vars:     Size  Location     Type
  9857 ;;		None
  9858 ;; Return value:  Size  Location     Type
  9859 ;;                  1    wreg      void 
  9860 ;; Registers used:
  9861 ;;		wreg, status,2, status,0, cstack
  9862 ;; Tracked objects:
  9863 ;;		On entry : 0/0
  9864 ;;		On exit  : 0/0
  9865 ;;		Unchanged: 0/0
  9866 ;; Data sizes:     COMRAM   BANK0   BANK1   BANK2   BANK3   BANK4   BANK5
  9867 ;;      Params:         0       0       0       0       0       0       0
  9868 ;;      Locals:         0       0       0       0       0       0       0
  9869 ;;      Temps:          0       0       0       0       0       0       0
  9870 ;;      Totals:         0       0       0       0       0       0       0
  9871 ;;Total ram usage:        0 bytes
  9872 ;; Hardware stack levels used: 1
  9873 ;; Hardware stack levels required when called: 6
  9874 ;; This function calls:
  9875 ;;		_init_adc
  9876 ;;		_init_clcd
  9877 ;;		_init_ds1307
  9878 ;;		_init_i2c
  9879 ;;		_init_matrix_keypad
  9880 ;;		_init_timer0
  9881 ;;		_init_uart
  9882 ;; This function is called by:
  9883 ;;		_main
  9884 ;; This function uses a non-reentrant model
  9885 ;;
  9886                           
  9887                           	psect	text14
  9888   0018AC                     __ptext14:
  9889                           	callstack 0
  9890   0018AC                     _init_config:
  9891                           	callstack 24
  9892   0018AC                     
  9893                           ;main.c: 17:     init_adc();
  9894   0018AC  EC85  F00C         	call	_init_adc	;wreg free
  9895   0018B0                     
  9896                           ;main.c: 18:     init_clcd();
  9897   0018B0  ECE6  F00B         	call	_init_clcd	;wreg free
  9898   0018B4                     
  9899                           ;main.c: 19:     init_i2c();
  9900   0018B4  ECAB  F00C         	call	_init_i2c	;wreg free
  9901   0018B8                     
  9902                           ;main.c: 20:     init_uart();
  9903   0018B8  EC66  F00C         	call	_init_uart	;wreg free
  9904   0018BC                     
  9905                           ;main.c: 21:     init_timer0();
  9906   0018BC  ECB6  F00C         	call	_init_timer0	;wreg free
  9907   0018C0                     
  9908                           ;main.c: 22:     init_ds1307();
  9909   0018C0  EC64  F00B         	call	_init_ds1307	;wreg free
  9910   0018C4                     
  9911                           ;main.c: 23:     init_matrix_keypad();
  9912   0018C4  ECC0  F00C         	call	_init_matrix_keypad	;wreg free
  9913   0018C8                     
  9914                           ;main.c: 24:     state = e_dashboard;
  9915   0018C8  6A56               	clrf	_state^0,c
  9916   0018CA  0012               	return		;funcret
  9917   0018CC                     __end_of_init_config:
  9918                           	callstack 0
  9919                           
  9920 ;; *************** function _init_uart *****************
  9921 ;; Defined at:
  9922 ;;		line 11 in file "uart.c"
  9923 ;; Parameters:    Size  Location     Type
  9924 ;;		None
  9925 ;; Auto vars:     Size  Location     Type
  9926 ;;		None
  9927 ;; Return value:  Size  Location     Type
  9928 ;;                  1    wreg      void 
  9929 ;; Registers used:
  9930 ;;		wreg, status,2
  9931 ;; Tracked objects:
  9932 ;;		On entry : 0/0
  9933 ;;		On exit  : 0/0
  9934 ;;		Unchanged: 0/0
  9935 ;; Data sizes:     COMRAM   BANK0   BANK1   BANK2   BANK3   BANK4   BANK5
  9936 ;;      Params:         0       0       0       0       0       0       0
  9937 ;;      Locals:         0       0       0       0       0       0       0
  9938 ;;      Temps:          0       0       0       0       0       0       0
  9939 ;;      Totals:         0       0       0       0       0       0       0
  9940 ;;Total ram usage:        0 bytes
  9941 ;; Hardware stack levels used: 1
  9942 ;; Hardware stack levels required when called: 1
  9943 ;; This function calls:
  9944 ;;		Nothing
  9945 ;; This function is called by:
  9946 ;;		_init_config
  9947 ;; This function uses a non-reentrant model
  9948 ;;
  9949                           
  9950                           	psect	text15
  9951   0018CC                     __ptext15:
  9952                           	callstack 0
  9953   0018CC                     _init_uart:
  9954                           	callstack 28
  9955   0018CC                     
  9956                           ;uart.c: 14:  TRISC7 = 1;
  9957   0018CC  8E94               	bsf	3988,7,c	;volatile
  9958                           
  9959                           ;uart.c: 15:  TRISC6 = 0;
  9960   0018CE  9C94               	bcf	3988,6,c	;volatile
  9961                           
  9962                           ;uart.c: 19:  TX9 = 0;
  9963   0018D0  9CAC               	bcf	4012,6,c	;volatile
  9964                           
  9965                           ;uart.c: 21:  TXEN = 1;
  9966   0018D2  8AAC               	bsf	4012,5,c	;volatile
  9967                           
  9968                           ;uart.c: 24:  SYNC = 0;
  9969   0018D4  98AC               	bcf	4012,4,c	;volatile
  9970                           
  9971                           ;uart.c: 26:  SENDB = 0;
  9972   0018D6  96AC               	bcf	4012,3,c	;volatile
  9973                           
  9974                           ;uart.c: 29:  BRGH = 1;
  9975   0018D8  84AC               	bsf	4012,2,c	;volatile
  9976                           
  9977                           ;uart.c: 33:  SPEN = 1;
  9978   0018DA  8EAB               	bsf	4011,7,c	;volatile
  9979                           
  9980                           ;uart.c: 35:  RX9 = 0;
  9981   0018DC  9CAB               	bcf	4011,6,c	;volatile
  9982                           
  9983                           ;uart.c: 37:  CREN = 1;
  9984   0018DE  88AB               	bsf	4011,4,c	;volatile
  9985                           
  9986                           ;uart.c: 42:  BRG16 = 0;
  9987   0018E0  96B8               	bcf	4024,3,c	;volatile
  9988   0018E2                     
  9989                           ;uart.c: 47:  SPBRG = 129;
  9990   0018E2  0E81               	movlw	129
  9991   0018E4  6EAF               	movwf	175,c	;volatile
  9992   0018E6                     
  9993                           ;uart.c: 51:  TXIF = 0;
  9994   0018E6  989E               	bcf	3998,4,c	;volatile
  9995   0018E8                     
  9996                           ;uart.c: 54:  RCIF = 0;
  9997   0018E8  9A9E               	bcf	3998,5,c	;volatile
  9998   0018EA  0012               	return		;funcret
  9999   0018EC                     __end_of_init_uart:
 10000                           	callstack 0
 10001                           
 10002 ;; *************** function _init_timer0 *****************
 10003 ;; Defined at:
 10004 ;;		line 14 in file "timer0.c"
 10005 ;; Parameters:    Size  Location     Type
 10006 ;;		None
 10007 ;; Auto vars:     Size  Location     Type
 10008 ;;		None
 10009 ;; Return value:  Size  Location     Type
 10010 ;;                  1    wreg      void 
 10011 ;; Registers used:
 10012 ;;		wreg, status,2
 10013 ;; Tracked objects:
 10014 ;;		On entry : 0/0
 10015 ;;		On exit  : 0/0
 10016 ;;		Unchanged: 0/0
 10017 ;; Data sizes:     COMRAM   BANK0   BANK1   BANK2   BANK3   BANK4   BANK5
 10018 ;;      Params:         0       0       0       0       0       0       0
 10019 ;;      Locals:         0       0       0       0       0       0       0
 10020 ;;      Temps:          0       0       0       0       0       0       0
 10021 ;;      Totals:         0       0       0       0       0       0       0
 10022 ;;Total ram usage:        0 bytes
 10023 ;; Hardware stack levels used: 1
 10024 ;; Hardware stack levels required when called: 1
 10025 ;; This function calls:
 10026 ;;		Nothing
 10027 ;; This function is called by:
 10028 ;;		_init_config
 10029 ;; This function uses a non-reentrant model
 10030 ;;
 10031                           
 10032                           	psect	text16
 10033   00196C                     __ptext16:
 10034                           	callstack 0
 10035   00196C                     _init_timer0:
 10036                           	callstack 28
 10037   00196C                     
 10038                           ;timer0.c: 20:     T08BIT = 1;
 10039   00196C  8CD5               	bsf	4053,6,c	;volatile
 10040                           
 10041                           ;timer0.c: 22:     T0CS = 0;
 10042   00196E  9AD5               	bcf	4053,5,c	;volatile
 10043                           
 10044                           ;timer0.c: 24:     TMR0ON = 1;
 10045   001970  8ED5               	bsf	4053,7,c	;volatile
 10046                           
 10047                           ;timer0.c: 26:     PSA = 1;
 10048   001972  86D5               	bsf	4053,3,c	;volatile
 10049   001974                     
 10050                           ;timer0.c: 27:     TMR0 = 6;
 10051   001974  6AD7               	clrf	215,c	;volatile
 10052   001976  0E06               	movlw	6
 10053   001978  6ED6               	movwf	214,c	;volatile
 10054   00197A                     
 10055                           ;timer0.c: 29:     TMR0IF = 0;
 10056   00197A  94F2               	bcf	4082,2,c	;volatile
 10057   00197C                     
 10058                           ;timer0.c: 31:     TMR0IE = 1;
 10059   00197C  8AF2               	bsf	4082,5,c	;volatile
 10060   00197E  0012               	return		;funcret
 10061   001980                     __end_of_init_timer0:
 10062                           	callstack 0
 10063                           
 10064 ;; *************** function _init_matrix_keypad *****************
 10065 ;; Defined at:
 10066 ;;		line 11 in file "matrix_keypad.c"
 10067 ;; Parameters:    Size  Location     Type
 10068 ;;		None
 10069 ;; Auto vars:     Size  Location     Type
 10070 ;;		None
 10071 ;; Return value:  Size  Location     Type
 10072 ;;                  1    wreg      void 
 10073 ;; Registers used:
 10074 ;;		wreg, status,2, status,0
 10075 ;; Tracked objects:
 10076 ;;		On entry : 0/0
 10077 ;;		On exit  : 0/0
 10078 ;;		Unchanged: 0/0
 10079 ;; Data sizes:     COMRAM   BANK0   BANK1   BANK2   BANK3   BANK4   BANK5
 10080 ;;      Params:         0       0       0       0       0       0       0
 10081 ;;      Locals:         0       0       0       0       0       0       0
 10082 ;;      Temps:          0       0       0       0       0       0       0
 10083 ;;      Totals:         0       0       0       0       0       0       0
 10084 ;;Total ram usage:        0 bytes
 10085 ;; Hardware stack levels used: 1
 10086 ;; Hardware stack levels required when called: 1
 10087 ;; This function calls:
 10088 ;;		Nothing
 10089 ;; This function is called by:
 10090 ;;		_init_config
 10091 ;; This function uses a non-reentrant model
 10092 ;;
 10093                           
 10094                           	psect	text17
 10095   001980                     __ptext17:
 10096                           	callstack 0
 10097   001980                     _init_matrix_keypad:
 10098                           	callstack 28
 10099   001980                     
 10100                           ;matrix_keypad.c: 14:  ADCON1 = 0x0F;
 10101   001980  0E0F               	movlw	15
 10102   001982  6EC1               	movwf	193,c	;volatile
 10103                           
 10104                           ;matrix_keypad.c: 17:  TRISB = 0x1E;
 10105   001984  0E1E               	movlw	30
 10106   001986  6E93               	movwf	147,c	;volatile
 10107   001988                     
 10108                           ;matrix_keypad.c: 20:  RBPU = 0;
 10109   001988  9EF1               	bcf	4081,7,c	;volatile
 10110   00198A                     
 10111                           ;matrix_keypad.c: 22:  PORTB = PORTB | 0xE0;
 10112   00198A  5081               	movf	129,w,c	;volatile
 10113   00198C  09E0               	iorlw	224
 10114   00198E  6E81               	movwf	129,c	;volatile
 10115   001990  0012               	return		;funcret
 10116   001992                     __end_of_init_matrix_keypad:
 10117                           	callstack 0
 10118                           
 10119 ;; *************** function _init_i2c *****************
 10120 ;; Defined at:
 10121 ;;		line 11 in file "i2c.c"
 10122 ;; Parameters:    Size  Location     Type
 10123 ;;		None
 10124 ;; Auto vars:     Size  Location     Type
 10125 ;;		None
 10126 ;; Return value:  Size  Location     Type
 10127 ;;                  1    wreg      void 
 10128 ;; Registers used:
 10129 ;;		wreg, status,2
 10130 ;; Tracked objects:
 10131 ;;		On entry : 0/0
 10132 ;;		On exit  : 0/0
 10133 ;;		Unchanged: 0/0
 10134 ;; Data sizes:     COMRAM   BANK0   BANK1   BANK2   BANK3   BANK4   BANK5
 10135 ;;      Params:         0       0       0       0       0       0       0
 10136 ;;      Locals:         0       0       0       0       0       0       0
 10137 ;;      Temps:          0       0       0       0       0       0       0
 10138 ;;      Totals:         0       0       0       0       0       0       0
 10139 ;;Total ram usage:        0 bytes
 10140 ;; Hardware stack levels used: 1
 10141 ;; Hardware stack levels required when called: 1
 10142 ;; This function calls:
 10143 ;;		Nothing
 10144 ;; This function is called by:
 10145 ;;		_init_config
 10146 ;; This function uses a non-reentrant model
 10147 ;;
 10148                           
 10149                           	psect	text18
 10150   001956                     __ptext18:
 10151                           	callstack 0
 10152   001956                     _init_i2c:
 10153                           	callstack 28
 10154   001956                     
 10155                           ;i2c.c: 14:  TRISC3 = 1;
 10156   001956  8694               	bsf	3988,3,c	;volatile
 10157                           
 10158                           ;i2c.c: 15:  TRISC4 = 1;
 10159   001958  8894               	bsf	3988,4,c	;volatile
 10160   00195A                     
 10161                           ;i2c.c: 17:  SSPCON1 = 0x28;
 10162   00195A  0E28               	movlw	40
 10163   00195C  6EC6               	movwf	198,c	;volatile
 10164                           
 10165                           ;i2c.c: 19:  SSPADD = 0x31;
 10166   00195E  0E31               	movlw	49
 10167   001960  6EC8               	movwf	200,c	;volatile
 10168   001962                     
 10169                           ;i2c.c: 21:  CKE = 0;
 10170   001962  9CC7               	bcf	4039,6,c	;volatile
 10171   001964                     
 10172                           ;i2c.c: 23:  SMP = 1;
 10173   001964  8EC7               	bsf	4039,7,c	;volatile
 10174   001966                     
 10175                           ;i2c.c: 25:  SSPIF = 0;
 10176   001966  969E               	bcf	3998,3,c	;volatile
 10177   001968                     
 10178                           ;i2c.c: 27:  BCLIF = 0;
 10179   001968  96A1               	bcf	4001,3,c	;volatile
 10180   00196A  0012               	return		;funcret
 10181   00196C                     __end_of_init_i2c:
 10182                           	callstack 0
 10183                           
 10184 ;; *************** function _init_ds1307 *****************
 10185 ;; Defined at:
 10186 ;;		line 18 in file "ds1307.c"
 10187 ;; Parameters:    Size  Location     Type
 10188 ;;		None
 10189 ;; Auto vars:     Size  Location     Type
 10190 ;;  dummy           1    3[COMRAM] unsigned char 
 10191 ;; Return value:  Size  Location     Type
 10192 ;;                  1    wreg      void 
 10193 ;; Registers used:
 10194 ;;		wreg, status,2, status,0, cstack
 10195 ;; Tracked objects:
 10196 ;;		On entry : 0/0
 10197 ;;		On exit  : 0/0
 10198 ;;		Unchanged: 0/0
 10199 ;; Data sizes:     COMRAM   BANK0   BANK1   BANK2   BANK3   BANK4   BANK5
 10200 ;;      Params:         0       0       0       0       0       0       0
 10201 ;;      Locals:         1       0       0       0       0       0       0
 10202 ;;      Temps:          0       0       0       0       0       0       0
 10203 ;;      Totals:         1       0       0       0       0       0       0
 10204 ;;Total ram usage:        1 bytes
 10205 ;; Hardware stack levels used: 1
 10206 ;; Hardware stack levels required when called: 5
 10207 ;; This function calls:
 10208 ;;		_read_ds1307
 10209 ;;		_write_ds1307
 10210 ;; This function is called by:
 10211 ;;		_init_config
 10212 ;; This function uses a non-reentrant model
 10213 ;;
 10214                           
 10215                           	psect	text19
 10216   0016C8                     __ptext19:
 10217                           	callstack 0
 10218   0016C8                     _init_ds1307:
 10219                           	callstack 24
 10220   0016C8                     
 10221                           ;ds1307.c: 20:  unsigned char dummy;;ds1307.c: 23:  dummy = read_ds1307(0x00);
 10222   0016C8  0E00               	movlw	0
 10223   0016CA  EC30  F00C         	call	_read_ds1307
 10224   0016CE  6E05               	movwf	init_ds1307@dummy^0,c
 10225   0016D0                     
 10226                           ;ds1307.c: 24:  write_ds1307(0x00, dummy | 0x80);
 10227   0016D0  5005               	movf	init_ds1307@dummy^0,w,c
 10228   0016D2  0980               	iorlw	128
 10229   0016D4  6E03               	movwf	write_ds1307@data^0,c
 10230   0016D6  0E00               	movlw	0
 10231   0016D8  EC76  F00C         	call	_write_ds1307
 10232   0016DC                     
 10233                           ;ds1307.c: 27:  dummy = read_ds1307(0x02);
 10234   0016DC  0E02               	movlw	2
 10235   0016DE  EC30  F00C         	call	_read_ds1307
 10236   0016E2  6E05               	movwf	init_ds1307@dummy^0,c
 10237                           
 10238                           ;ds1307.c: 28:  write_ds1307(0x02, dummy | 0x40);
 10239   0016E4  5005               	movf	init_ds1307@dummy^0,w,c
 10240   0016E6  0940               	iorlw	64
 10241   0016E8  6E03               	movwf	write_ds1307@data^0,c
 10242   0016EA  0E02               	movlw	2
 10243   0016EC  EC76  F00C         	call	_write_ds1307
 10244   0016F0                     
 10245                           ;ds1307.c: 43:  write_ds1307(0x07, 0x93);
 10246   0016F0  0E93               	movlw	147
 10247   0016F2  6E03               	movwf	write_ds1307@data^0,c
 10248   0016F4  0E07               	movlw	7
 10249   0016F6  EC76  F00C         	call	_write_ds1307
 10250   0016FA                     
 10251                           ;ds1307.c: 46:  dummy = read_ds1307(0x00);
 10252   0016FA  0E00               	movlw	0
 10253   0016FC  EC30  F00C         	call	_read_ds1307
 10254   001700  6E05               	movwf	init_ds1307@dummy^0,c
 10255                           
 10256                           ;ds1307.c: 47:  write_ds1307(0x00, dummy & 0x7F);
 10257   001702  5005               	movf	init_ds1307@dummy^0,w,c
 10258   001704  0B7F               	andlw	127
 10259   001706  6E03               	movwf	write_ds1307@data^0,c
 10260   001708  0E00               	movlw	0
 10261   00170A  EC76  F00C         	call	_write_ds1307
 10262   00170E  0012               	return		;funcret
 10263   001710                     __end_of_init_ds1307:
 10264                           	callstack 0
 10265                           
 10266 ;; *************** function _write_ds1307 *****************
 10267 ;; Defined at:
 10268 ;;		line 51 in file "ds1307.c"
 10269 ;; Parameters:    Size  Location     Type
 10270 ;;  address         1    wreg     unsigned char 
 10271 ;;  data            1    1[COMRAM] unsigned char 
 10272 ;; Auto vars:     Size  Location     Type
 10273 ;;  address         1    2[COMRAM] unsigned char 
 10274 ;; Return value:  Size  Location     Type
 10275 ;;                  1    wreg      void 
 10276 ;; Registers used:
 10277 ;;		wreg, status,2, cstack
 10278 ;; Tracked objects:
 10279 ;;		On entry : 0/0
 10280 ;;		On exit  : 0/0
 10281 ;;		Unchanged: 0/0
 10282 ;; Data sizes:     COMRAM   BANK0   BANK1   BANK2   BANK3   BANK4   BANK5
 10283 ;;      Params:         1       0       0       0       0       0       0
 10284 ;;      Locals:         1       0       0       0       0       0       0
 10285 ;;      Temps:          0       0       0       0       0       0       0
 10286 ;;      Totals:         2       0       0       0       0       0       0
 10287 ;;Total ram usage:        2 bytes
 10288 ;; Hardware stack levels used: 1
 10289 ;; Hardware stack levels required when called: 1
 10290 ;; This function calls:
 10291 ;;		_i2c_start
 10292 ;;		_i2c_stop
 10293 ;;		_i2c_write
 10294 ;; This function is called by:
 10295 ;;		_init_ds1307
 10296 ;;		_set_time
 10297 ;; This function uses a non-reentrant model
 10298 ;;
 10299                           
 10300                           	psect	text20
 10301   0018EC                     __ptext20:
 10302                           	callstack 0
 10303   0018EC                     _write_ds1307:
 10304                           	callstack 27
 10305                           
 10306                           ;incstack = 0
 10307                           ;write_ds1307@address stored from wreg
 10308   0018EC  6E04               	movwf	write_ds1307@address^0,c
 10309   0018EE                     
 10310                           ;ds1307.c: 51: void write_ds1307(unsigned char address, unsigned char data);ds1307.c: 52
      +                          : {;ds1307.c: 53:  i2c_start();
 10311   0018EE  ECEB  F00C         	call	_i2c_start	;wreg free
 10312   0018F2                     
 10313                           ;ds1307.c: 54:  i2c_write(0xD0);
 10314   0018F2  0ED0               	movlw	208
 10315   0018F4  ECDB  F00C         	call	_i2c_write
 10316   0018F8                     
 10317                           ;ds1307.c: 55:  i2c_write(address);
 10318   0018F8  5004               	movf	write_ds1307@address^0,w,c
 10319   0018FA  ECDB  F00C         	call	_i2c_write
 10320   0018FE                     
 10321                           ;ds1307.c: 56:  i2c_write(data);
 10322   0018FE  5003               	movf	write_ds1307@data^0,w,c
 10323   001900  ECDB  F00C         	call	_i2c_write
 10324   001904                     
 10325                           ;ds1307.c: 57:  i2c_stop();
 10326   001904  ECE7  F00C         	call	_i2c_stop	;wreg free
 10327   001908  0012               	return		;funcret
 10328   00190A                     __end_of_write_ds1307:
 10329                           	callstack 0
 10330                           
 10331 ;; *************** function _read_ds1307 *****************
 10332 ;; Defined at:
 10333 ;;		line 60 in file "ds1307.c"
 10334 ;; Parameters:    Size  Location     Type
 10335 ;;  address         1    wreg     unsigned char 
 10336 ;; Auto vars:     Size  Location     Type
 10337 ;;  address         1    1[COMRAM] unsigned char 
 10338 ;;  data            1    2[COMRAM] unsigned char 
 10339 ;; Return value:  Size  Location     Type
 10340 ;;                  1    wreg      unsigned char 
 10341 ;; Registers used:
 10342 ;;		wreg, status,2, cstack
 10343 ;; Tracked objects:
 10344 ;;		On entry : 0/0
 10345 ;;		On exit  : 0/0
 10346 ;;		Unchanged: 0/0
 10347 ;; Data sizes:     COMRAM   BANK0   BANK1   BANK2   BANK3   BANK4   BANK5
 10348 ;;      Params:         0       0       0       0       0       0       0
 10349 ;;      Locals:         2       0       0       0       0       0       0
 10350 ;;      Temps:          0       0       0       0       0       0       0
 10351 ;;      Totals:         2       0       0       0       0       0       0
 10352 ;;Total ram usage:        2 bytes
 10353 ;; Hardware stack levels used: 1
 10354 ;; Hardware stack levels required when called: 1
 10355 ;; This function calls:
 10356 ;;		_i2c_read
 10357 ;;		_i2c_rep_start
 10358 ;;		_i2c_start
 10359 ;;		_i2c_stop
 10360 ;;		_i2c_write
 10361 ;; This function is called by:
 10362 ;;		_init_ds1307
 10363 ;;		_get_time
 10364 ;; This function uses a non-reentrant model
 10365 ;;
 10366                           
 10367                           	psect	text21
 10368   001860                     __ptext21:
 10369                           	callstack 0
 10370   001860                     _read_ds1307:
 10371                           	callstack 27
 10372                           
 10373                           ;incstack = 0
 10374                           ;read_ds1307@address stored from wreg
 10375   001860  6E03               	movwf	read_ds1307@address^0,c
 10376   001862                     
 10377                           ;ds1307.c: 60: unsigned char read_ds1307(unsigned char address);ds1307.c: 61: {;ds1307.c
      +                          : 62:  unsigned char data;;ds1307.c: 64:  i2c_start();
 10378   001862  ECEB  F00C         	call	_i2c_start	;wreg free
 10379   001866                     
 10380                           ;ds1307.c: 65:  i2c_write(0xD0);
 10381   001866  0ED0               	movlw	208
 10382   001868  ECDB  F00C         	call	_i2c_write
 10383   00186C                     
 10384                           ;ds1307.c: 66:  i2c_write(address);
 10385   00186C  5003               	movf	read_ds1307@address^0,w,c
 10386   00186E  ECDB  F00C         	call	_i2c_write
 10387   001872                     
 10388                           ;ds1307.c: 67:  i2c_rep_start();
 10389   001872  ECEF  F00C         	call	_i2c_rep_start	;wreg free
 10390   001876                     
 10391                           ;ds1307.c: 68:  i2c_write(0xD1);
 10392   001876  0ED1               	movlw	209
 10393   001878  ECDB  F00C         	call	_i2c_write
 10394                           
 10395                           ;ds1307.c: 69:  data = i2c_read();
 10396   00187C  ECE1  F00C         	call	_i2c_read	;wreg free
 10397   001880  6E04               	movwf	read_ds1307@data^0,c
 10398   001882                     
 10399                           ;ds1307.c: 70:  i2c_stop();
 10400   001882  ECE7  F00C         	call	_i2c_stop	;wreg free
 10401                           
 10402                           ;ds1307.c: 72:  return data;
 10403   001886  5004               	movf	read_ds1307@data^0,w,c
 10404   001888  0012               	return		;funcret
 10405   00188A                     __end_of_read_ds1307:
 10406                           	callstack 0
 10407                           
 10408 ;; *************** function _i2c_write *****************
 10409 ;; Defined at:
 10410 ;;		line 62 in file "i2c.c"
 10411 ;; Parameters:    Size  Location     Type
 10412 ;;  data            1    wreg     unsigned char 
 10413 ;; Auto vars:     Size  Location     Type
 10414 ;;  data            1    0[COMRAM] unsigned char 
 10415 ;; Return value:  Size  Location     Type
 10416 ;;                  1    wreg      void 
 10417 ;; Registers used:
 10418 ;;		wreg, cstack
 10419 ;; Tracked objects:
 10420 ;;		On entry : 0/0
 10421 ;;		On exit  : 0/0
 10422 ;;		Unchanged: 0/0
 10423 ;; Data sizes:     COMRAM   BANK0   BANK1   BANK2   BANK3   BANK4   BANK5
 10424 ;;      Params:         0       0       0       0       0       0       0
 10425 ;;      Locals:         1       0       0       0       0       0       0
 10426 ;;      Temps:          0       0       0       0       0       0       0
 10427 ;;      Totals:         1       0       0       0       0       0       0
 10428 ;;Total ram usage:        1 bytes
 10429 ;; Hardware stack levels used: 1
 10430 ;; Hardware stack levels required when called: 1
 10431 ;; This function calls:
 10432 ;;		_i2c_idle
 10433 ;; This function is called by:
 10434 ;;		_write_ds1307
 10435 ;;		_read_ds1307
 10436 ;; This function uses a non-reentrant model
 10437 ;;
 10438                           
 10439                           	psect	text22
 10440   0019B6                     __ptext22:
 10441                           	callstack 0
 10442   0019B6                     _i2c_write:
 10443                           	callstack 26
 10444                           
 10445                           ;incstack = 0
 10446                           ;i2c_write@data stored from wreg
 10447   0019B6  6E02               	movwf	i2c_write@data^0,c
 10448   0019B8                     
 10449                           ;i2c.c: 62: void i2c_write(unsigned char data);i2c.c: 63: {;i2c.c: 64:  SSPBUF = data;
 10450   0019B8  C002  FFC9         	movff	i2c_write@data,4041	;volatile
 10451   0019BC                     
 10452                           ;i2c.c: 65:  i2c_idle();
 10453   0019BC  ECC9  F00C         	call	_i2c_idle	;wreg free
 10454   0019C0  0012               	return		;funcret
 10455   0019C2                     __end_of_i2c_write:
 10456                           	callstack 0
 10457                           
 10458 ;; *************** function _i2c_stop *****************
 10459 ;; Defined at:
 10460 ;;		line 50 in file "i2c.c"
 10461 ;; Parameters:    Size  Location     Type
 10462 ;;		None
 10463 ;; Auto vars:     Size  Location     Type
 10464 ;;		None
 10465 ;; Return value:  Size  Location     Type
 10466 ;;                  1    wreg      void 
 10467 ;; Registers used:
 10468 ;;		cstack
 10469 ;; Tracked objects:
 10470 ;;		On entry : 0/0
 10471 ;;		On exit  : 0/0
 10472 ;;		Unchanged: 0/0
 10473 ;; Data sizes:     COMRAM   BANK0   BANK1   BANK2   BANK3   BANK4   BANK5
 10474 ;;      Params:         0       0       0       0       0       0       0
 10475 ;;      Locals:         0       0       0       0       0       0       0
 10476 ;;      Temps:          0       0       0       0       0       0       0
 10477 ;;      Totals:         0       0       0       0       0       0       0
 10478 ;;Total ram usage:        0 bytes
 10479 ;; Hardware stack levels used: 1
 10480 ;; Hardware stack levels required when called: 1
 10481 ;; This function calls:
 10482 ;;		_i2c_idle
 10483 ;; This function is called by:
 10484 ;;		_write_ds1307
 10485 ;;		_read_ds1307
 10486 ;; This function uses a non-reentrant model
 10487 ;;
 10488                           
 10489                           	psect	text23
 10490   0019CE                     __ptext23:
 10491                           	callstack 0
 10492   0019CE                     _i2c_stop:
 10493                           	callstack 26
 10494   0019CE                     
 10495                           ;i2c.c: 52:  PEN = 1;
 10496   0019CE  84C5               	bsf	4037,2,c	;volatile
 10497   0019D0                     
 10498                           ;i2c.c: 53:  i2c_idle();
 10499   0019D0  ECC9  F00C         	call	_i2c_idle	;wreg free
 10500   0019D4  0012               	return		;funcret
 10501   0019D6                     __end_of_i2c_stop:
 10502                           	callstack 0
 10503                           
 10504 ;; *************** function _i2c_start *****************
 10505 ;; Defined at:
 10506 ;;		line 44 in file "i2c.c"
 10507 ;; Parameters:    Size  Location     Type
 10508 ;;		None
 10509 ;; Auto vars:     Size  Location     Type
 10510 ;;		None
 10511 ;; Return value:  Size  Location     Type
 10512 ;;                  1    wreg      void 
 10513 ;; Registers used:
 10514 ;;		cstack
 10515 ;; Tracked objects:
 10516 ;;		On entry : 0/0
 10517 ;;		On exit  : 0/0
 10518 ;;		Unchanged: 0/0
 10519 ;; Data sizes:     COMRAM   BANK0   BANK1   BANK2   BANK3   BANK4   BANK5
 10520 ;;      Params:         0       0       0       0       0       0       0
 10521 ;;      Locals:         0       0       0       0       0       0       0
 10522 ;;      Temps:          0       0       0       0       0       0       0
 10523 ;;      Totals:         0       0       0       0       0       0       0
 10524 ;;Total ram usage:        0 bytes
 10525 ;; Hardware stack levels used: 1
 10526 ;; Hardware stack levels required when called: 1
 10527 ;; This function calls:
 10528 ;;		_i2c_idle
 10529 ;; This function is called by:
 10530 ;;		_write_ds1307
 10531 ;;		_read_ds1307
 10532 ;; This function uses a non-reentrant model
 10533 ;;
 10534                           
 10535                           	psect	text24
 10536   0019D6                     __ptext24:
 10537                           	callstack 0
 10538   0019D6                     _i2c_start:
 10539                           	callstack 26
 10540   0019D6                     
 10541                           ;i2c.c: 46:  SEN = 1;
 10542   0019D6  80C5               	bsf	4037,0,c	;volatile
 10543   0019D8                     
 10544                           ;i2c.c: 47:  i2c_idle();
 10545   0019D8  ECC9  F00C         	call	_i2c_idle	;wreg free
 10546   0019DC  0012               	return		;funcret
 10547   0019DE                     __end_of_i2c_start:
 10548                           	callstack 0
 10549                           
 10550 ;; *************** function _i2c_rep_start *****************
 10551 ;; Defined at:
 10552 ;;		line 56 in file "i2c.c"
 10553 ;; Parameters:    Size  Location     Type
 10554 ;;		None
 10555 ;; Auto vars:     Size  Location     Type
 10556 ;;		None
 10557 ;; Return value:  Size  Location     Type
 10558 ;;                  1    wreg      void 
 10559 ;; Registers used:
 10560 ;;		cstack
 10561 ;; Tracked objects:
 10562 ;;		On entry : 0/0
 10563 ;;		On exit  : 0/0
 10564 ;;		Unchanged: 0/0
 10565 ;; Data sizes:     COMRAM   BANK0   BANK1   BANK2   BANK3   BANK4   BANK5
 10566 ;;      Params:         0       0       0       0       0       0       0
 10567 ;;      Locals:         0       0       0       0       0       0       0
 10568 ;;      Temps:          0       0       0       0       0       0       0
 10569 ;;      Totals:         0       0       0       0       0       0       0
 10570 ;;Total ram usage:        0 bytes
 10571 ;; Hardware stack levels used: 1
 10572 ;; Hardware stack levels required when called: 2
 10573 ;; This function calls:
 10574 ;;		_i2c_idle
 10575 ;; This function is called by:
 10576 ;;		_read_ds1307
 10577 ;; This function uses a non-reentrant model
 10578 ;;
 10579                           
 10580                           	psect	text25
 10581   0019DE                     __ptext25:
 10582                           	callstack 0
 10583   0019DE                     _i2c_rep_start:
 10584                           	callstack 25
 10585   0019DE                     
 10586                           ;i2c.c: 58:  RSEN = 1;
 10587   0019DE  82C5               	bsf	4037,1,c	;volatile
 10588   0019E0                     
 10589                           ;i2c.c: 59:  i2c_idle();
 10590   0019E0  ECC9  F00C         	call	_i2c_idle	;wreg free
 10591   0019E4  0012               	return		;funcret
 10592   0019E6                     __end_of_i2c_rep_start:
 10593                           	callstack 0
 10594                           
 10595 ;; *************** function _i2c_read *****************
 10596 ;; Defined at:
 10597 ;;		line 80 in file "i2c.c"
 10598 ;; Parameters:    Size  Location     Type
 10599 ;;		None
 10600 ;; Auto vars:     Size  Location     Type
 10601 ;;		None
 10602 ;; Return value:  Size  Location     Type
 10603 ;;                  1    wreg      unsigned char 
 10604 ;; Registers used:
 10605 ;;		wreg, status,2, cstack
 10606 ;; Tracked objects:
 10607 ;;		On entry : 0/0
 10608 ;;		On exit  : 0/0
 10609 ;;		Unchanged: 0/0
 10610 ;; Data sizes:     COMRAM   BANK0   BANK1   BANK2   BANK3   BANK4   BANK5
 10611 ;;      Params:         0       0       0       0       0       0       0
 10612 ;;      Locals:         0       0       0       0       0       0       0
 10613 ;;      Temps:          0       0       0       0       0       0       0
 10614 ;;      Totals:         0       0       0       0       0       0       0
 10615 ;;Total ram usage:        0 bytes
 10616 ;; Hardware stack levels used: 1
 10617 ;; Hardware stack levels required when called: 3
 10618 ;; This function calls:
 10619 ;;		_i2c_no_ack
 10620 ;;		_i2c_rx_mode
 10621 ;; This function is called by:
 10622 ;;		_read_ds1307
 10623 ;; This function uses a non-reentrant model
 10624 ;;
 10625                           
 10626                           	psect	text26
 10627   0019C2                     __ptext26:
 10628                           	callstack 0
 10629   0019C2                     _i2c_read:
 10630                           	callstack 24
 10631   0019C2                     
 10632                           ;i2c.c: 82:  i2c_rx_mode();
 10633   0019C2  ECF3  F00C         	call	_i2c_rx_mode	;wreg free
 10634                           
 10635                           ;i2c.c: 83:  i2c_no_ack();
 10636   0019C6  ECF7  F00C         	call	_i2c_no_ack	;wreg free
 10637   0019CA                     
 10638                           ;i2c.c: 85:  return SSPBUF;
 10639   0019CA  50C9               	movf	201,w,c	;volatile
 10640   0019CC  0012               	return		;funcret
 10641   0019CE                     __end_of_i2c_read:
 10642                           	callstack 0
 10643                           
 10644 ;; *************** function _i2c_rx_mode *****************
 10645 ;; Defined at:
 10646 ;;		line 68 in file "i2c.c"
 10647 ;; Parameters:    Size  Location     Type
 10648 ;;		None
 10649 ;; Auto vars:     Size  Location     Type
 10650 ;;		None
 10651 ;; Return value:  Size  Location     Type
 10652 ;;                  1    wreg      void 
 10653 ;; Registers used:
 10654 ;;		cstack
 10655 ;; Tracked objects:
 10656 ;;		On entry : 0/0
 10657 ;;		On exit  : 0/0
 10658 ;;		Unchanged: 0/0
 10659 ;; Data sizes:     COMRAM   BANK0   BANK1   BANK2   BANK3   BANK4   BANK5
 10660 ;;      Params:         0       0       0       0       0       0       0
 10661 ;;      Locals:         0       0       0       0       0       0       0
 10662 ;;      Temps:          0       0       0       0       0       0       0
 10663 ;;      Totals:         0       0       0       0       0       0       0
 10664 ;;Total ram usage:        0 bytes
 10665 ;; Hardware stack levels used: 1
 10666 ;; Hardware stack levels required when called: 2
 10667 ;; This function calls:
 10668 ;;		_i2c_idle
 10669 ;; This function is called by:
 10670 ;;		_i2c_read
 10671 ;; This function uses a non-reentrant model
 10672 ;;
 10673                           
 10674                           	psect	text27
 10675   0019E6                     __ptext27:
 10676                           	callstack 0
 10677   0019E6                     _i2c_rx_mode:
 10678                           	callstack 24
 10679   0019E6                     
 10680                           ;i2c.c: 70:  RCEN = 1;
 10681   0019E6  86C5               	bsf	4037,3,c	;volatile
 10682   0019E8                     
 10683                           ;i2c.c: 71:  i2c_idle();
 10684   0019E8  ECC9  F00C         	call	_i2c_idle	;wreg free
 10685   0019EC  0012               	return		;funcret
 10686   0019EE                     __end_of_i2c_rx_mode:
 10687                           	callstack 0
 10688                           
 10689 ;; *************** function _i2c_idle *****************
 10690 ;; Defined at:
 10691 ;;		line 30 in file "i2c.c"
 10692 ;; Parameters:    Size  Location     Type
 10693 ;;		None
 10694 ;; Auto vars:     Size  Location     Type
 10695 ;;		None
 10696 ;; Return value:  Size  Location     Type
 10697 ;;                  1    wreg      void 
 10698 ;; Registers used:
 10699 ;;		None
 10700 ;; Tracked objects:
 10701 ;;		On entry : 0/0
 10702 ;;		On exit  : 0/0
 10703 ;;		Unchanged: 0/0
 10704 ;; Data sizes:     COMRAM   BANK0   BANK1   BANK2   BANK3   BANK4   BANK5
 10705 ;;      Params:         0       0       0       0       0       0       0
 10706 ;;      Locals:         0       0       0       0       0       0       0
 10707 ;;      Temps:          0       0       0       0       0       0       0
 10708 ;;      Totals:         0       0       0       0       0       0       0
 10709 ;;Total ram usage:        0 bytes
 10710 ;; Hardware stack levels used: 1
 10711 ;; Hardware stack levels required when called: 1
 10712 ;; This function calls:
 10713 ;;		Nothing
 10714 ;; This function is called by:
 10715 ;;		_i2c_start
 10716 ;;		_i2c_stop
 10717 ;;		_i2c_rep_start
 10718 ;;		_i2c_write
 10719 ;;		_i2c_rx_mode
 10720 ;; This function uses a non-reentrant model
 10721 ;;
 10722                           
 10723                           	psect	text28
 10724   001992                     __ptext28:
 10725                           	callstack 0
 10726   001992                     _i2c_idle:
 10727                           	callstack 24
 10728   001992                     l253:
 10729   001992  A69E               	btfss	3998,3,c	;volatile
 10730   001994  EFCE  F00C         	goto	u1311
 10731   001998  EFD0  F00C         	goto	u1310
 10732   00199C                     u1311:
 10733   00199C  EFC9  F00C         	goto	l253
 10734   0019A0                     u1310:
 10735   0019A0                     
 10736                           ;i2c.c: 33:  SSPIF = 0;
 10737   0019A0  969E               	bcf	3998,3,c	;volatile
 10738   0019A2  0012               	return		;funcret
 10739   0019A4                     __end_of_i2c_idle:
 10740                           	callstack 0
 10741                           
 10742 ;; *************** function _i2c_no_ack *****************
 10743 ;; Defined at:
 10744 ;;		line 74 in file "i2c.c"
 10745 ;; Parameters:    Size  Location     Type
 10746 ;;		None
 10747 ;; Auto vars:     Size  Location     Type
 10748 ;;		None
 10749 ;; Return value:  Size  Location     Type
 10750 ;;                  1    wreg      void 
 10751 ;; Registers used:
 10752 ;;		None
 10753 ;; Tracked objects:
 10754 ;;		On entry : 0/0
 10755 ;;		On exit  : 0/0
 10756 ;;		Unchanged: 0/0
 10757 ;; Data sizes:     COMRAM   BANK0   BANK1   BANK2   BANK3   BANK4   BANK5
 10758 ;;      Params:         0       0       0       0       0       0       0
 10759 ;;      Locals:         0       0       0       0       0       0       0
 10760 ;;      Temps:          0       0       0       0       0       0       0
 10761 ;;      Totals:         0       0       0       0       0       0       0
 10762 ;;Total ram usage:        0 bytes
 10763 ;; Hardware stack levels used: 1
 10764 ;; Hardware stack levels required when called: 1
 10765 ;; This function calls:
 10766 ;;		Nothing
 10767 ;; This function is called by:
 10768 ;;		_i2c_read
 10769 ;; This function uses a non-reentrant model
 10770 ;;
 10771                           
 10772                           	psect	text29
 10773   0019EE                     __ptext29:
 10774                           	callstack 0
 10775   0019EE                     _i2c_no_ack:
 10776                           	callstack 25
 10777   0019EE                     
 10778                           ;i2c.c: 76:  ACKDT = 1;
 10779   0019EE  8AC5               	bsf	4037,5,c	;volatile
 10780                           
 10781                           ;i2c.c: 77:  ACKEN = 1;
 10782   0019F0  88C5               	bsf	4037,4,c	;volatile
 10783   0019F2  0012               	return		;funcret
 10784   0019F4                     __end_of_i2c_no_ack:
 10785                           	callstack 0
 10786                           
 10787 ;; *************** function _init_clcd *****************
 10788 ;; Defined at:
 10789 ;;		line 34 in file "clcd.c"
 10790 ;; Parameters:    Size  Location     Type
 10791 ;;		None
 10792 ;; Auto vars:     Size  Location     Type
 10793 ;;		None
 10794 ;; Return value:  Size  Location     Type
 10795 ;;                  1    wreg      void 
 10796 ;; Registers used:
 10797 ;;		wreg, status,2, status,0, cstack
 10798 ;; Tracked objects:
 10799 ;;		On entry : 0/0
 10800 ;;		On exit  : 0/0
 10801 ;;		Unchanged: 0/0
 10802 ;; Data sizes:     COMRAM   BANK0   BANK1   BANK2   BANK3   BANK4   BANK5
 10803 ;;      Params:         0       0       0       0       0       0       0
 10804 ;;      Locals:         0       0       0       0       0       0       0
 10805 ;;      Temps:          0       0       0       0       0       0       0
 10806 ;;      Totals:         0       0       0       0       0       0       0
 10807 ;;Total ram usage:        0 bytes
 10808 ;; Hardware stack levels used: 1
 10809 ;; Hardware stack levels required when called: 2
 10810 ;; This function calls:
 10811 ;;		_clcd_write
 10812 ;; This function is called by:
 10813 ;;		_init_config
 10814 ;; This function uses a non-reentrant model
 10815 ;;
 10816                           
 10817                           	psect	text30
 10818   0017CC                     __ptext30:
 10819                           	callstack 0
 10820   0017CC                     _init_clcd:
 10821                           	callstack 27
 10822   0017CC                     
 10823                           ;clcd.c: 37:  TRISD = 0x00;
 10824   0017CC  6A95               	clrf	149,c	;volatile
 10825   0017CE                     
 10826                           ;clcd.c: 39:  TRISC = TRISC & 0xF8;
 10827   0017CE  5094               	movf	148,w,c	;volatile
 10828   0017D0  0BF8               	andlw	248
 10829   0017D2  6E94               	movwf	148,c	;volatile
 10830   0017D4                     
 10831                           ;clcd.c: 41:  RC0 = 0;
 10832   0017D4  9082               	bcf	3970,0,c	;volatile
 10833   0017D6                     
 10834                           ;clcd.c: 43:  clcd_write(0x02, 0);
 10835   0017D6  0E00               	movlw	0
 10836   0017D8  6E02               	movwf	clcd_write@control_bit^0,c
 10837   0017DA  0E02               	movlw	2
 10838   0017DC  ECC9  F00B         	call	_clcd_write
 10839   0017E0                     
 10840                           ;clcd.c: 44:  clcd_write(0x38, 0);
 10841   0017E0  0E00               	movlw	0
 10842   0017E2  6E02               	movwf	clcd_write@control_bit^0,c
 10843   0017E4  0E38               	movlw	56
 10844   0017E6  ECC9  F00B         	call	_clcd_write
 10845   0017EA                     
 10846                           ;clcd.c: 45:  clcd_write(0x0C, 0);
 10847   0017EA  0E00               	movlw	0
 10848   0017EC  6E02               	movwf	clcd_write@control_bit^0,c
 10849   0017EE  0E0C               	movlw	12
 10850   0017F0  ECC9  F00B         	call	_clcd_write
 10851   0017F4                     
 10852                           ;clcd.c: 46:  clcd_write(0x01, 0);
 10853   0017F4  0E00               	movlw	0
 10854   0017F6  6E02               	movwf	clcd_write@control_bit^0,c
 10855   0017F8  0E01               	movlw	1
 10856   0017FA  ECC9  F00B         	call	_clcd_write
 10857   0017FE  0012               	return		;funcret
 10858   001800                     __end_of_init_clcd:
 10859                           	callstack 0
 10860                           
 10861 ;; *************** function _init_adc *****************
 10862 ;; Defined at:
 10863 ;;		line 11 in file "adc.c"
 10864 ;; Parameters:    Size  Location     Type
 10865 ;;		None
 10866 ;; Auto vars:     Size  Location     Type
 10867 ;;		None
 10868 ;; Return value:  Size  Location     Type
 10869 ;;                  1    wreg      void 
 10870 ;; Registers used:
 10871 ;;		None
 10872 ;; Tracked objects:
 10873 ;;		On entry : 0/0
 10874 ;;		On exit  : 0/0
 10875 ;;		Unchanged: 0/0
 10876 ;; Data sizes:     COMRAM   BANK0   BANK1   BANK2   BANK3   BANK4   BANK5
 10877 ;;      Params:         0       0       0       0       0       0       0
 10878 ;;      Locals:         0       0       0       0       0       0       0
 10879 ;;      Temps:          0       0       0       0       0       0       0
 10880 ;;      Totals:         0       0       0       0       0       0       0
 10881 ;;Total ram usage:        0 bytes
 10882 ;; Hardware stack levels used: 1
 10883 ;; Hardware stack levels required when called: 1
 10884 ;; This function calls:
 10885 ;;		Nothing
 10886 ;; This function is called by:
 10887 ;;		_init_config
 10888 ;; This function uses a non-reentrant model
 10889 ;;
 10890                           
 10891                           	psect	text31
 10892   00190A                     __ptext31:
 10893                           	callstack 0
 10894   00190A                     _init_adc:
 10895                           	callstack 28
 10896   00190A                     
 10897                           ;adc.c: 14:  ADFM = 1;
 10898   00190A  8EC0               	bsf	4032,7,c	;volatile
 10899                           
 10900                           ;adc.c: 19:  ACQT2 = 0;
 10901   00190C  9AC0               	bcf	4032,5,c	;volatile
 10902                           
 10903                           ;adc.c: 20:  ACQT1 = 1;
 10904   00190E  88C0               	bsf	4032,4,c	;volatile
 10905                           
 10906                           ;adc.c: 21:  ACQT0 = 0;
 10907   001910  96C0               	bcf	4032,3,c	;volatile
 10908                           
 10909                           ;adc.c: 26:  ADCS0 = 0;
 10910   001912  90C0               	bcf	4032,0,c	;volatile
 10911                           
 10912                           ;adc.c: 27:  ADCS1 = 1;
 10913   001914  82C0               	bsf	4032,1,c	;volatile
 10914                           
 10915                           ;adc.c: 28:  ADCS2 = 0;
 10916   001916  94C0               	bcf	4032,2,c	;volatile
 10917                           
 10918                           ;adc.c: 30:  GODONE = 0;
 10919   001918  92C2               	bcf	4034,1,c	;volatile
 10920                           
 10921                           ;adc.c: 33:  VCFG1 = 0;
 10922   00191A  9AC1               	bcf	4033,5,c	;volatile
 10923                           
 10924                           ;adc.c: 35:  VCFG0 = 0;
 10925   00191C  98C1               	bcf	4033,4,c	;volatile
 10926                           
 10927                           ;adc.c: 37:  ADRESH = 0;
 10928   00191E  6AC4               	clrf	196,c	;volatile
 10929                           
 10930                           ;adc.c: 38:  ADRESL = 0;
 10931   001920  6AC3               	clrf	195,c	;volatile
 10932                           
 10933                           ;adc.c: 40:  ADON = 1;
 10934   001922  80C2               	bsf	4034,0,c	;volatile
 10935   001924  0012               	return		;funcret
 10936   001926                     __end_of_init_adc:
 10937                           	callstack 0
 10938                           
 10939 ;; *************** function _download_log *****************
 10940 ;; Defined at:
 10941 ;;		line 13 in file "download_log.c"
 10942 ;; Parameters:    Size  Location     Type
 10943 ;;		None
 10944 ;; Auto vars:     Size  Location     Type
 10945 ;;  si_no          10   12[COMRAM] unsigned char [10]
 10946 ;;  time            9   30[COMRAM] unsigned char [9]
 10947 ;;  speed           8   22[COMRAM] unsigned char [8]
 10948 ;;  gear            7    5[COMRAM] unsigned char [7]
 10949 ;;  ind             2   39[COMRAM] unsigned short 
 10950 ;; Return value:  Size  Location     Type
 10951 ;;                  1    wreg      void 
 10952 ;; Registers used:
 10953 ;;		wreg, fsr0l, fsr0h, fsr1l, fsr1h, fsr2l, fsr2h, status,2, status,0, tblptrl, tblptrh, tblptru, prodl, prodh, cstack
 10954 ;; Tracked objects:
 10955 ;;		On entry : 0/0
 10956 ;;		On exit  : 0/0
 10957 ;;		Unchanged: 0/0
 10958 ;; Data sizes:     COMRAM   BANK0   BANK1   BANK2   BANK3   BANK4   BANK5
 10959 ;;      Params:         0       0       0       0       0       0       0
 10960 ;;      Locals:        36       0       0       0       0       0       0
 10961 ;;      Temps:          0       0       0       0       0       0       0
 10962 ;;      Totals:        36       0       0       0       0       0       0
 10963 ;;Total ram usage:       36 bytes
 10964 ;; Hardware stack levels used: 1
 10965 ;; Hardware stack levels required when called: 3
 10966 ;; This function calls:
 10967 ;;		_clcd_print
 10968 ;;		_puts
 10969 ;;		_read_internal_eeprom
 10970 ;; This function is called by:
 10971 ;;		_main
 10972 ;; This function uses a non-reentrant model
 10973 ;;
 10974                           
 10975                           	psect	text32
 10976   000EA8                     __ptext32:
 10977                           	callstack 0
 10978   000EA8                     _download_log:
 10979                           	callstack 27
 10980   000EA8                     
 10981                           ;download_log.c: 15:     unsigned short ind = 0;
 10982   000EA8  6A2A               	clrf	(download_log@ind+1)^0,c
 10983   000EAA  0E00               	movlw	0
 10984   000EAC  6E29               	movwf	download_log@ind^0,c
 10985   000EAE                     
 10986                           ;download_log.c: 16:     char si_no[10] = {"         "}, speed[8] = {"       "}, gear[7]
      +                           = {"      "}, time[9] = {"        "};
 10987   000EAE  EE20  F060         	lfsr	2,download_log@F10519
 10988   000EB2  EE10  F00E         	lfsr	1,download_log@si_no
 10989   000EB6  0E09               	movlw	9
 10990   000EB8                     u2481:
 10991   000EB8  CFDB FFE3          	movff	plusw2,plusw1
 10992   000EBC  06E8               	decf	wreg,f,c
 10993   000EBE  E2FC               	bc	u2481
 10994   000EC0  EE20  F07D         	lfsr	2,download_log@F10521
 10995   000EC4  EE10  F018         	lfsr	1,download_log@speed
 10996   000EC8  0E07               	movlw	7
 10997   000ECA                     u2491:
 10998   000ECA  CFDB FFE3          	movff	plusw2,plusw1
 10999   000ECE  06E8               	decf	wreg,f,c
 11000   000ED0  E2FC               	bc	u2491
 11001   000ED2  EE20  F085         	lfsr	2,download_log@F10523
 11002   000ED6  EE10  F007         	lfsr	1,download_log@gear
 11003   000EDA  0E06               	movlw	6
 11004   000EDC                     u2501:
 11005   000EDC  CFDB FFE3          	movff	plusw2,plusw1
 11006   000EE0  06E8               	decf	wreg,f,c
 11007   000EE2  E2FC               	bc	u2501
 11008   000EE4  EE20  F074         	lfsr	2,download_log@F10525
 11009   000EE8  EE10  F020         	lfsr	1,download_log@time
 11010   000EEC  0E08               	movlw	8
 11011   000EEE                     u2511:
 11012   000EEE  CFDB FFE3          	movff	plusw2,plusw1
 11013   000EF2  06E8               	decf	wreg,f,c
 11014   000EF4  E2FC               	bc	u2511
 11015                           
 11016                           ;download_log.c: 17:     for(; ind < log_num; ind++) {
 11017   000EF6  EFF8  F007         	goto	l3261
 11018   000EFA                     l3215:
 11019                           
 11020                           ;download_log.c: 18:         if (ind == 9) {
 11021   000EFA  0E09               	movlw	9
 11022   000EFC  1829               	xorwf	download_log@ind^0,w,c
 11023   000EFE  102A               	iorwf	(download_log@ind+1)^0,w,c
 11024   000F00  A4D8               	btfss	status,2,c
 11025   000F02  EF85  F007         	goto	u2521
 11026   000F06  EF87  F007         	goto	u2520
 11027   000F0A                     u2521:
 11028   000F0A  EF8D  F007         	goto	l3219
 11029   000F0E                     u2520:
 11030   000F0E                     
 11031                           ;download_log.c: 19:             si_no[3] = '1';
 11032   000F0E  0E31               	movlw	49
 11033   000F10  6E11               	movwf	(download_log@si_no+3)^0,c
 11034                           
 11035                           ;download_log.c: 20:             si_no[4] = '0';
 11036   000F12  0E30               	movlw	48
 11037   000F14  6E12               	movwf	(download_log@si_no+4)^0,c
 11038                           
 11039                           ;download_log.c: 21:         }
 11040   000F16  EF92  F007         	goto	l3223
 11041   000F1A                     l3219:
 11042                           
 11043                           ;download_log.c: 23:             si_no[3] = ind + '1';
 11044   000F1A  5029               	movf	download_log@ind^0,w,c
 11045   000F1C  0F31               	addlw	49
 11046   000F1E  6E11               	movwf	(download_log@si_no+3)^0,c
 11047   000F20                     
 11048                           ;download_log.c: 24:             si_no[4] = ' ';
 11049   000F20  0E20               	movlw	32
 11050   000F22  6E12               	movwf	(download_log@si_no+4)^0,c
 11051   000F24                     l3223:
 11052                           
 11053                           ;download_log.c: 27:         gear[1] = 'G';
 11054   000F24  0E47               	movlw	71
 11055   000F26  6E08               	movwf	(download_log@gear+1)^0,c
 11056   000F28                     
 11057                           ;download_log.c: 28:         gear[2] = read_internal_eeprom(ind * 10);
 11058   000F28  5029               	movf	download_log@ind^0,w,c
 11059   000F2A  0D0A               	mullw	10
 11060   000F2C  50F3               	movf	243,w,c
 11061   000F2E  ECD2  F00C         	call	_read_internal_eeprom
 11062   000F32  6E09               	movwf	(download_log@gear+2)^0,c
 11063   000F34                     
 11064                           ;download_log.c: 30:         speed[1] = read_internal_eeprom((ind * 10) + 1);
 11065   000F34  5029               	movf	download_log@ind^0,w,c
 11066   000F36  0D0A               	mullw	10
 11067   000F38  28F3               	incf	243,w,c
 11068   000F3A  ECD2  F00C         	call	_read_internal_eeprom
 11069   000F3E  6E19               	movwf	(download_log@speed+1)^0,c
 11070   000F40                     
 11071                           ;download_log.c: 31:         speed[2] = read_internal_eeprom((ind * 10) + 2);
 11072   000F40  5029               	movf	download_log@ind^0,w,c
 11073   000F42  0D0A               	mullw	10
 11074   000F44  50F3               	movf	243,w,c
 11075   000F46  0F02               	addlw	2
 11076   000F48  ECD2  F00C         	call	_read_internal_eeprom
 11077   000F4C  6E1A               	movwf	(download_log@speed+2)^0,c
 11078   000F4E                     
 11079                           ;download_log.c: 32:         speed[3] = read_internal_eeprom((ind * 10) + 3);
 11080   000F4E  5029               	movf	download_log@ind^0,w,c
 11081   000F50  0D0A               	mullw	10
 11082   000F52  50F3               	movf	243,w,c
 11083   000F54  0F03               	addlw	3
 11084   000F56  ECD2  F00C         	call	_read_internal_eeprom
 11085   000F5A  6E1B               	movwf	(download_log@speed+3)^0,c
 11086   000F5C                     
 11087                           ;download_log.c: 34:         time[0] = read_internal_eeprom((ind * 10) + 4);
 11088   000F5C  5029               	movf	download_log@ind^0,w,c
 11089   000F5E  0D0A               	mullw	10
 11090   000F60  50F3               	movf	243,w,c
 11091   000F62  0F04               	addlw	4
 11092   000F64  ECD2  F00C         	call	_read_internal_eeprom
 11093   000F68  6E20               	movwf	download_log@time^0,c
 11094   000F6A                     
 11095                           ;download_log.c: 35:         time[1] = read_internal_eeprom((ind * 10) + 5);
 11096   000F6A  5029               	movf	download_log@ind^0,w,c
 11097   000F6C  0D0A               	mullw	10
 11098   000F6E  50F3               	movf	243,w,c
 11099   000F70  0F05               	addlw	5
 11100   000F72  ECD2  F00C         	call	_read_internal_eeprom
 11101   000F76  6E21               	movwf	(download_log@time+1)^0,c
 11102   000F78                     
 11103                           ;download_log.c: 36:         time[2] = ':';
 11104   000F78  0E3A               	movlw	58
 11105   000F7A  6E22               	movwf	(download_log@time+2)^0,c
 11106   000F7C                     
 11107                           ;download_log.c: 37:         time[3] = read_internal_eeprom((ind * 10) + 6);
 11108   000F7C  5029               	movf	download_log@ind^0,w,c
 11109   000F7E  0D0A               	mullw	10
 11110   000F80  50F3               	movf	243,w,c
 11111   000F82  0F06               	addlw	6
 11112   000F84  ECD2  F00C         	call	_read_internal_eeprom
 11113   000F88  6E23               	movwf	(download_log@time+3)^0,c
 11114   000F8A                     
 11115                           ;download_log.c: 38:         time[4] = read_internal_eeprom((ind * 10) + 7);
 11116   000F8A  5029               	movf	download_log@ind^0,w,c
 11117   000F8C  0D0A               	mullw	10
 11118   000F8E  50F3               	movf	243,w,c
 11119   000F90  0F07               	addlw	7
 11120   000F92  ECD2  F00C         	call	_read_internal_eeprom
 11121   000F96  6E24               	movwf	(download_log@time+4)^0,c
 11122   000F98                     
 11123                           ;download_log.c: 39:         time[5] = ':';
 11124   000F98  0E3A               	movlw	58
 11125   000F9A  6E25               	movwf	(download_log@time+5)^0,c
 11126   000F9C                     
 11127                           ;download_log.c: 40:         time[6] = read_internal_eeprom((ind * 10) + 8);
 11128   000F9C  5029               	movf	download_log@ind^0,w,c
 11129   000F9E  0D0A               	mullw	10
 11130   000FA0  50F3               	movf	243,w,c
 11131   000FA2  0F08               	addlw	8
 11132   000FA4  ECD2  F00C         	call	_read_internal_eeprom
 11133   000FA8  6E26               	movwf	(download_log@time+6)^0,c
 11134   000FAA                     
 11135                           ;download_log.c: 41:         time[7] = read_internal_eeprom((ind * 10) + 9);
 11136   000FAA  5029               	movf	download_log@ind^0,w,c
 11137   000FAC  0D0A               	mullw	10
 11138   000FAE  50F3               	movf	243,w,c
 11139   000FB0  0F09               	addlw	9
 11140   000FB2  ECD2  F00C         	call	_read_internal_eeprom
 11141   000FB6  6E27               	movwf	(download_log@time+7)^0,c
 11142   000FB8                     
 11143                           ;download_log.c: 43:         puts(si_no);
 11144   000FB8  0E0E               	movlw	low download_log@si_no
 11145   000FBA  6E03               	movwf	puts@s^0,c
 11146   000FBC  6A04               	clrf	(puts@s+1)^0,c
 11147   000FBE  EC35  F00B         	call	_puts	;wreg free
 11148   000FC2                     
 11149                           ;download_log.c: 44:         puts(speed);
 11150   000FC2  0E18               	movlw	low download_log@speed
 11151   000FC4  6E03               	movwf	puts@s^0,c
 11152   000FC6  6A04               	clrf	(puts@s+1)^0,c
 11153   000FC8  EC35  F00B         	call	_puts	;wreg free
 11154   000FCC                     
 11155                           ;download_log.c: 45:         puts(gear);
 11156   000FCC  0E07               	movlw	low download_log@gear
 11157   000FCE  6E03               	movwf	puts@s^0,c
 11158   000FD0  6A04               	clrf	(puts@s+1)^0,c
 11159   000FD2  EC35  F00B         	call	_puts	;wreg free
 11160   000FD6                     
 11161                           ;download_log.c: 46:         puts(time);
 11162   000FD6  0E20               	movlw	low download_log@time
 11163   000FD8  6E03               	movwf	puts@s^0,c
 11164   000FDA  6A04               	clrf	(puts@s+1)^0,c
 11165   000FDC  EC35  F00B         	call	_puts	;wreg free
 11166   000FE0                     
 11167                           ;download_log.c: 47:         puts("\r\n");
 11168   000FE0  0EBF               	movlw	low (STR_8+32)
 11169   000FE2  6E03               	movwf	puts@s^0,c
 11170   000FE4  0E2E               	movlw	high (STR_8+32)
 11171   000FE6  6E04               	movwf	(puts@s+1)^0,c
 11172   000FE8  EC35  F00B         	call	_puts	;wreg free
 11173   000FEC                     
 11174                           ;download_log.c: 48:     }
 11175   000FEC  4A29               	infsnz	download_log@ind^0,f,c
 11176   000FEE  2A2A               	incf	(download_log@ind+1)^0,f,c
 11177   000FF0                     l3261:
 11178   000FF0  5051               	movf	_log_num^0,w,c
 11179   000FF2  5C29               	subwf	download_log@ind^0,w,c
 11180   000FF4  5052               	movf	(_log_num+1)^0,w,c
 11181   000FF6  582A               	subwfb	(download_log@ind+1)^0,w,c
 11182   000FF8  A0D8               	btfss	status,0,c
 11183   000FFA  EF01  F008         	goto	u2531
 11184   000FFE  EF03  F008         	goto	u2530
 11185   001002                     u2531:
 11186   001002  EF7D  F007         	goto	l3215
 11187   001006                     u2530:
 11188   001006                     
 11189                           ;download_log.c: 49:     puts("-------------xxx--------------\r\n");
 11190   001006  0EC2               	movlw	low STR_20
 11191   001008  6E03               	movwf	puts@s^0,c
 11192   00100A  0E2E               	movlw	high STR_20
 11193   00100C  6E04               	movwf	(puts@s+1)^0,c
 11194   00100E  EC35  F00B         	call	_puts	;wreg free
 11195                           
 11196                           ;download_log.c: 50:     clcd_print(" Download       ", (0x80 + (0)));
 11197   001012  0E27               	movlw	low STR_21
 11198   001014  6E04               	movwf	clcd_print@data^0,c
 11199   001016  0E2F               	movlw	high STR_21
 11200   001018  6E05               	movwf	(clcd_print@data+1)^0,c
 11201   00101A  0E80               	movlw	128
 11202   00101C  6E06               	movwf	clcd_print@addr^0,c
 11203   00101E  EC9E  F00A         	call	_clcd_print	;wreg free
 11204                           
 11205                           ;download_log.c: 51:     clcd_print("      Completed ", (0xC0 + (0)));
 11206   001022  0E38               	movlw	low STR_22
 11207   001024  6E04               	movwf	clcd_print@data^0,c
 11208   001026  0E2F               	movlw	high STR_22
 11209   001028  6E05               	movwf	(clcd_print@data+1)^0,c
 11210   00102A  0EC0               	movlw	192
 11211   00102C  6E06               	movwf	clcd_print@addr^0,c
 11212   00102E  EC9E  F00A         	call	_clcd_print	;wreg free
 11213   001032  0012               	return		;funcret
 11214   001034                     __end_of_download_log:
 11215                           	callstack 0
 11216                           
 11217 ;; *************** function _read_internal_eeprom *****************
 11218 ;; Defined at:
 11219 ;;		line 48 in file "eeprom.c"
 11220 ;; Parameters:    Size  Location     Type
 11221 ;;  address         1    wreg     unsigned char 
 11222 ;; Auto vars:     Size  Location     Type
 11223 ;;  address         1    0[COMRAM] unsigned char 
 11224 ;; Return value:  Size  Location     Type
 11225 ;;                  1    wreg      unsigned char 
 11226 ;; Registers used:
 11227 ;;		wreg, status,2
 11228 ;; Tracked objects:
 11229 ;;		On entry : 0/0
 11230 ;;		On exit  : 0/0
 11231 ;;		Unchanged: 0/0
 11232 ;; Data sizes:     COMRAM   BANK0   BANK1   BANK2   BANK3   BANK4   BANK5
 11233 ;;      Params:         0       0       0       0       0       0       0
 11234 ;;      Locals:         1       0       0       0       0       0       0
 11235 ;;      Temps:          0       0       0       0       0       0       0
 11236 ;;      Totals:         1       0       0       0       0       0       0
 11237 ;;Total ram usage:        1 bytes
 11238 ;; Hardware stack levels used: 1
 11239 ;; Hardware stack levels required when called: 1
 11240 ;; This function calls:
 11241 ;;		Nothing
 11242 ;; This function is called by:
 11243 ;;		_view_log
 11244 ;;		_download_log
 11245 ;; This function uses a non-reentrant model
 11246 ;;
 11247                           
 11248                           	psect	text33
 11249   0019A4                     __ptext33:
 11250                           	callstack 0
 11251   0019A4                     _read_internal_eeprom:
 11252                           	callstack 28
 11253                           
 11254                           ;incstack = 0
 11255                           ;read_internal_eeprom@address stored from wreg
 11256   0019A4  6E02               	movwf	read_internal_eeprom@address^0,c
 11257   0019A6                     
 11258                           ;eeprom.c: 48: unsigned char read_internal_eeprom(unsigned char address);eeprom.c: 49: {
      +                          ;eeprom.c: 51:  EEADR = address;
 11259   0019A6  C002  FFA9         	movff	read_internal_eeprom@address,4009	;volatile
 11260   0019AA                     
 11261                           ;eeprom.c: 54:  EECON1bits.WREN = 0;
 11262   0019AA  94A6               	bcf	166,2,c	;volsfr
 11263   0019AC                     
 11264                           ;eeprom.c: 57:  EECON1bits.EEPGD = 0;
 11265   0019AC  9EA6               	bcf	166,7,c	;volsfr
 11266   0019AE                     
 11267                           ;eeprom.c: 60:  EECON1bits.CFGS = 0;
 11268   0019AE  9CA6               	bcf	166,6,c	;volsfr
 11269   0019B0                     
 11270                           ;eeprom.c: 63:  EECON1bits.RD = 1;
 11271   0019B0  80A6               	bsf	166,0,c	;volsfr
 11272   0019B2                     
 11273                           ;eeprom.c: 66:  return EEDATA;
 11274   0019B2  50A8               	movf	168,w,c	;volatile
 11275   0019B4  0012               	return		;funcret
 11276   0019B6                     __end_of_read_internal_eeprom:
 11277                           	callstack 0
 11278                           
 11279 ;; *************** function _puts *****************
 11280 ;; Defined at:
 11281 ;;		line 69 in file "uart.c"
 11282 ;; Parameters:    Size  Location     Type
 11283 ;;  s               2    1[COMRAM] PTR const unsigned char 
 11284 ;;		 -> STR_20(33), STR_19(3), download_log@time(9), download_log@gear(7), 
 11285 ;;		 -> download_log@speed(8), download_log@si_no(10), STR_9(33), STR_8(35), 
 11286 ;;		 -> STR_7(18), 
 11287 ;; Auto vars:     Size  Location     Type
 11288 ;;		None
 11289 ;; Return value:  Size  Location     Type
 11290 ;;                  2    1[COMRAM] int 
 11291 ;; Registers used:
 11292 ;;		wreg, fsr0l, fsr0h, status,2, status,0, tblptrl, tblptrh, tblptru, cstack
 11293 ;; Tracked objects:
 11294 ;;		On entry : 0/0
 11295 ;;		On exit  : 0/0
 11296 ;;		Unchanged: 0/0
 11297 ;; Data sizes:     COMRAM   BANK0   BANK1   BANK2   BANK3   BANK4   BANK5
 11298 ;;      Params:         2       0       0       0       0       0       0
 11299 ;;      Locals:         0       0       0       0       0       0       0
 11300 ;;      Temps:          0       0       0       0       0       0       0
 11301 ;;      Totals:         2       0       0       0       0       0       0
 11302 ;;Total ram usage:        2 bytes
 11303 ;; Hardware stack levels used: 1
 11304 ;; Hardware stack levels required when called: 1
 11305 ;; This function calls:
 11306 ;;		_putch
 11307 ;; This function is called by:
 11308 ;;		_main
 11309 ;;		_download_log
 11310 ;; This function uses a non-reentrant model
 11311 ;;
 11312                           
 11313                           	psect	text34
 11314   00166A                     __ptext34:
 11315                           	callstack 0
 11316   00166A                     _puts:
 11317                           	callstack 28
 11318   00166A                     
 11319                           ;uart.c: 69: int puts(const char *s);uart.c: 70: {;uart.c: 71:  while(*s)
 11320   00166A  EF4B  F00B         	goto	l2609
 11321   00166E                     l2605:
 11322                           
 11323                           ;uart.c: 72:  {;uart.c: 73:   putch(*s++);
 11324   00166E  C003  FFF6         	movff	puts@s,tblptrl
 11325   001672  C004  FFF7         	movff	puts@s+1,tblptrh
 11326   001676  6AF8               	clrf	tblptru,c
 11327   001678  0E05               	movlw	(high __ramtop+-1)
 11328   00167A  64F7               	cpfsgt	tblptrh,c
 11329   00167C  D003               	bra	u1577
 11330   00167E  0008               	tblrd		*
 11331   001680  50F5               	movf	tablat,w,c
 11332   001682  D005               	bra	u1570
 11333   001684                     u1577:
 11334   001684  CFF6 FFE9          	movff	tblptrl,fsr0l
 11335   001688  CFF7 FFEA          	movff	tblptrh,fsr0h
 11336   00168C  50EF               	movf	indf0,w,c
 11337   00168E                     u1570:
 11338   00168E  EC9F  F00C         	call	_putch
 11339   001692  4A03               	infsnz	puts@s^0,f,c
 11340   001694  2A04               	incf	(puts@s+1)^0,f,c
 11341   001696                     l2609:
 11342                           
 11343                           ;uart.c: 71:  while(*s)
 11344   001696  C003  FFF6         	movff	puts@s,tblptrl
 11345   00169A  C004  FFF7         	movff	puts@s+1,tblptrh
 11346   00169E  6AF8               	clrf	tblptru,c
 11347   0016A0  0E05               	movlw	(high __ramtop+-1)
 11348   0016A2  64F7               	cpfsgt	tblptrh,c
 11349   0016A4  D003               	bra	u1587
 11350   0016A6  0008               	tblrd		*
 11351   0016A8  50F5               	movf	tablat,w,c
 11352   0016AA  D005               	bra	u1580
 11353   0016AC                     u1587:
 11354   0016AC  CFF6 FFE9          	movff	tblptrl,fsr0l
 11355   0016B0  CFF7 FFEA          	movff	tblptrh,fsr0h
 11356   0016B4  50EF               	movf	indf0,w,c
 11357   0016B6                     u1580:
 11358   0016B6  0900               	iorlw	0
 11359   0016B8  A4D8               	btfss	status,2,c
 11360   0016BA  EF61  F00B         	goto	u1591
 11361   0016BE  EF63  F00B         	goto	u1590
 11362   0016C2                     u1591:
 11363   0016C2  EF37  F00B         	goto	l2605
 11364   0016C6                     u1590:
 11365   0016C6  0012               	return		;funcret
 11366   0016C8                     __end_of_puts:
 11367                           	callstack 0
 11368                           
 11369 ;; *************** function _putch *****************
 11370 ;; Defined at:
 11371 ;;		line 57 in file "uart.c"
 11372 ;; Parameters:    Size  Location     Type
 11373 ;;  byte            1    wreg     unsigned char 
 11374 ;; Auto vars:     Size  Location     Type
 11375 ;;  byte            1    0[COMRAM] unsigned char 
 11376 ;; Return value:  Size  Location     Type
 11377 ;;                  1    wreg      void 
 11378 ;; Registers used:
 11379 ;;		wreg
 11380 ;; Tracked objects:
 11381 ;;		On entry : 0/0
 11382 ;;		On exit  : 0/0
 11383 ;;		Unchanged: 0/0
 11384 ;; Data sizes:     COMRAM   BANK0   BANK1   BANK2   BANK3   BANK4   BANK5
 11385 ;;      Params:         0       0       0       0       0       0       0
 11386 ;;      Locals:         1       0       0       0       0       0       0
 11387 ;;      Temps:          0       0       0       0       0       0       0
 11388 ;;      Totals:         1       0       0       0       0       0       0
 11389 ;;Total ram usage:        1 bytes
 11390 ;; Hardware stack levels used: 1
 11391 ;; Hardware stack levels required when called: 1
 11392 ;; This function calls:
 11393 ;;		Nothing
 11394 ;; This function is called by:
 11395 ;;		_puts
 11396 ;;		_getche
 11397 ;; This function uses a non-reentrant model
 11398 ;;
 11399                           
 11400                           	psect	text35
 11401   00193E                     __ptext35:
 11402                           	callstack 0
 11403   00193E                     _putch:
 11404                           	callstack 27
 11405                           
 11406                           ;incstack = 0
 11407                           ;putch@byte stored from wreg
 11408   00193E  6E02               	movwf	putch@byte^0,c
 11409   001940                     l489:
 11410                           
 11411                           ;uart.c: 61:  while(!TXIF)
 11412   001940  A89E               	btfss	3998,4,c	;volatile
 11413   001942  EFA5  F00C         	goto	u1501
 11414   001946  EFA7  F00C         	goto	u1500
 11415   00194A                     u1501:
 11416   00194A  EFA0  F00C         	goto	l489
 11417   00194E                     u1500:
 11418   00194E                     
 11419                           ;uart.c: 65:  TXIF = 0;
 11420   00194E  989E               	bcf	3998,4,c	;volatile
 11421   001950                     
 11422                           ;uart.c: 66:  TXREG = byte;
 11423   001950  C002  FFAD         	movff	putch@byte,4013	;volatile
 11424   001954  0012               	return		;funcret
 11425   001956                     __end_of_putch:
 11426                           	callstack 0
 11427                           
 11428 ;; *************** function _display_main_menu *****************
 11429 ;; Defined at:
 11430 ;;		line 14 in file "display_main_menu.c"
 11431 ;; Parameters:    Size  Location     Type
 11432 ;;		None
 11433 ;; Auto vars:     Size  Location     Type
 11434 ;;  menu           10    6[COMRAM] PTR unsigned char [5]
 11435 ;;		 -> STR_18(11), STR_17(14), STR_16(14), STR_15(14), 
 11436 ;;		 -> STR_14(14), 
 11437 ;; Return value:  Size  Location     Type
 11438 ;;                  1    wreg      void 
 11439 ;; Registers used:
 11440 ;;		wreg, fsr0l, fsr0h, fsr1l, fsr1h, fsr2l, fsr2h, status,2, status,0, tblptrl, tblptrh, tblptru, prodl, prodh, cstack
 11441 ;; Tracked objects:
 11442 ;;		On entry : 0/0
 11443 ;;		On exit  : 0/0
 11444 ;;		Unchanged: 0/0
 11445 ;; Data sizes:     COMRAM   BANK0   BANK1   BANK2   BANK3   BANK4   BANK5
 11446 ;;      Params:         0       0       0       0       0       0       0
 11447 ;;      Locals:        10       0       0       0       0       0       0
 11448 ;;      Temps:          1       0       0       0       0       0       0
 11449 ;;      Totals:        11       0       0       0       0       0       0
 11450 ;;Total ram usage:       11 bytes
 11451 ;; Hardware stack levels used: 1
 11452 ;; Hardware stack levels required when called: 3
 11453 ;; This function calls:
 11454 ;;		_clcd_print
 11455 ;;		_clear_clcd
 11456 ;;		_read_switches
 11457 ;; This function is called by:
 11458 ;;		_main
 11459 ;; This function uses a non-reentrant model
 11460 ;;
 11461                           
 11462                           	psect	text36
 11463   001242                     __ptext36:
 11464                           	callstack 0
 11465   001242                     _display_main_menu:
 11466                           	callstack 27
 11467   001242                     
 11468                           ;display_main_menu.c: 16:     unsigned char *menu[] = {"View Log     ", "Set Time     ",
      +                           "Download Log ", "Clear Log    ", "          "};
 11469   001242  EE20  F06A         	lfsr	2,display_main_menu@F10519
 11470   001246  EE10  F008         	lfsr	1,display_main_menu@menu
 11471   00124A  0E09               	movlw	9
 11472   00124C                     u2201:
 11473   00124C  CFDB FFE3          	movff	plusw2,plusw1
 11474   001250  06E8               	decf	wreg,f,c
 11475   001252  E2FC               	bc	u2201
 11476   001254                     
 11477                           ;display_main_menu.c: 17:     key = read_switches(1);
 11478   001254  0E01               	movlw	1
 11479   001256  EC2B  F00A         	call	_read_switches
 11480   00125A  6E5E               	movwf	_key^0,c
 11481   00125C                     
 11482                           ;display_main_menu.c: 18:     if(key == 12){
 11483   00125C  0E0C               	movlw	12
 11484   00125E  185E               	xorwf	_key^0,w,c
 11485   001260  A4D8               	btfss	status,2,c
 11486   001262  EF35  F009         	goto	u2211
 11487   001266  EF37  F009         	goto	u2210
 11488   00126A                     u2211:
 11489   00126A  EF3C  F009         	goto	l3045
 11490   00126E                     u2210:
 11491   00126E                     
 11492                           ;display_main_menu.c: 19:         state = e_dashboard;
 11493   00126E  6A56               	clrf	_state^0,c
 11494   001270                     
 11495                           ;display_main_menu.c: 20:         clear_clcd();
 11496   001270  EC45  F00C         	call	_clear_clcd	;wreg free
 11497   001274  EF9F  F009         	goto	l299
 11498   001278                     l3045:
 11499                           
 11500                           ;display_main_menu.c: 23:     if(key == 11){
 11501   001278  0E0B               	movlw	11
 11502   00127A  185E               	xorwf	_key^0,w,c
 11503   00127C  A4D8               	btfss	status,2,c
 11504   00127E  EF43  F009         	goto	u2221
 11505   001282  EF45  F009         	goto	u2220
 11506   001286                     u2221:
 11507   001286  EF4C  F009         	goto	l3053
 11508   00128A                     u2220:
 11509   00128A                     
 11510                           ;display_main_menu.c: 24:         clear_clcd();
 11511   00128A  EC45  F00C         	call	_clear_clcd	;wreg free
 11512   00128E                     
 11513                           ;display_main_menu.c: 25:         state = index + 2;
 11514   00128E  5053               	movf	_index^0,w,c
 11515   001290  0F02               	addlw	2
 11516   001292  6E56               	movwf	_state^0,c
 11517   001294  EF9F  F009         	goto	l299
 11518   001298                     l3053:
 11519                           
 11520                           ;display_main_menu.c: 28:     if(key == 1 && index < 3) index++;
 11521   001298  045E               	decf	_key^0,w,c
 11522   00129A  A4D8               	btfss	status,2,c
 11523   00129C  EF52  F009         	goto	u2231
 11524   0012A0  EF54  F009         	goto	u2230
 11525   0012A4                     u2231:
 11526   0012A4  EF66  F009         	goto	l3059
 11527   0012A8                     u2230:
 11528   0012A8  BE54               	btfsc	(_index+1)^0,7,c
 11529   0012AA  EF62  F009         	goto	u2240
 11530   0012AE  5054               	movf	(_index+1)^0,w,c
 11531   0012B0  E107               	bnz	u2241
 11532   0012B2  0E03               	movlw	3
 11533   0012B4  5C53               	subwf	_index^0,w,c
 11534   0012B6  B0D8               	btfsc	status,0,c
 11535   0012B8  EF60  F009         	goto	u2241
 11536   0012BC  EF62  F009         	goto	u2240
 11537   0012C0                     u2241:
 11538   0012C0  EF66  F009         	goto	l3059
 11539   0012C4                     u2240:
 11540   0012C4  4A53               	infsnz	_index^0,f,c
 11541   0012C6  2A54               	incf	(_index+1)^0,f,c
 11542   0012C8  EF7F  F009         	goto	l3065
 11543   0012CC                     l3059:
 11544   0012CC  0E02               	movlw	2
 11545   0012CE  185E               	xorwf	_key^0,w,c
 11546   0012D0  A4D8               	btfss	status,2,c
 11547   0012D2  EF6D  F009         	goto	u2251
 11548   0012D6  EF6F  F009         	goto	u2250
 11549   0012DA                     u2251:
 11550   0012DA  EF7F  F009         	goto	l3065
 11551   0012DE                     u2250:
 11552   0012DE  BE54               	btfsc	(_index+1)^0,7,c
 11553   0012E0  EF7A  F009         	goto	u2261
 11554   0012E4  5054               	movf	(_index+1)^0,w,c
 11555   0012E6  E108               	bnz	u2260
 11556   0012E8  0453               	decf	_index^0,w,c
 11557   0012EA  A0D8               	btfss	status,0,c
 11558   0012EC  EF7A  F009         	goto	u2261
 11559   0012F0  EF7C  F009         	goto	u2260
 11560   0012F4                     u2261:
 11561   0012F4  EF7F  F009         	goto	l3065
 11562   0012F8                     u2260:
 11563   0012F8  0653               	decf	_index^0,f,c
 11564   0012FA  A0D8               	btfss	status,0,c
 11565   0012FC  0654               	decf	(_index+1)^0,f,c
 11566   0012FE                     l3065:
 11567                           
 11568                           ;display_main_menu.c: 30:     clcd_print(menu[index], (0x80 + (3)));
 11569   0012FE  5053               	movf	_index^0,w,c
 11570   001300  0D02               	mullw	2
 11571   001302  50F3               	movf	243,w,c
 11572   001304  0F08               	addlw	low display_main_menu@menu
 11573   001306  6ED9               	movwf	fsr2l,c
 11574   001308  6ADA               	clrf	fsr2h,c
 11575   00130A  CFDE F004          	movff	postinc2,clcd_print@data
 11576   00130E  CFDD F005          	movff	postdec2,clcd_print@data+1
 11577   001312  0E83               	movlw	131
 11578   001314  6E06               	movwf	clcd_print@addr^0,c
 11579   001316  EC9E  F00A         	call	_clcd_print	;wreg free
 11580   00131A                     
 11581                           ;display_main_menu.c: 31:     clcd_print(menu[index + 1], (0xC0 + (3)));
 11582   00131A  5053               	movf	_index^0,w,c
 11583   00131C  0D02               	mullw	2
 11584   00131E  CFF3 F007          	movff	prodl,??_display_main_menu
 11585   001322  0E02               	movlw	2
 11586   001324  2607               	addwf	??_display_main_menu^0,f,c
 11587   001326  5007               	movf	??_display_main_menu^0,w,c
 11588   001328  0F08               	addlw	low display_main_menu@menu
 11589   00132A  6ED9               	movwf	fsr2l,c
 11590   00132C  6ADA               	clrf	fsr2h,c
 11591   00132E  CFDE F004          	movff	postinc2,clcd_print@data
 11592   001332  CFDD F005          	movff	postdec2,clcd_print@data+1
 11593   001336  0EC3               	movlw	195
 11594   001338  6E06               	movwf	clcd_print@addr^0,c
 11595   00133A  EC9E  F00A         	call	_clcd_print	;wreg free
 11596   00133E                     l299:
 11597   00133E  0012               	return		;funcret
 11598   001340                     __end_of_display_main_menu:
 11599                           	callstack 0
 11600                           
 11601 ;; *************** function _read_switches *****************
 11602 ;; Defined at:
 11603 ;;		line 95 in file "matrix_keypad.c"
 11604 ;; Parameters:    Size  Location     Type
 11605 ;;  detection_ty    1    wreg     unsigned char 
 11606 ;; Auto vars:     Size  Location     Type
 11607 ;;  detection_ty    1    0[COMRAM] unsigned char 
 11608 ;; Return value:  Size  Location     Type
 11609 ;;                  1    wreg      unsigned char 
 11610 ;; Registers used:
 11611 ;;		wreg, status,2, status,0, cstack
 11612 ;; Tracked objects:
 11613 ;;		On entry : 0/0
 11614 ;;		On exit  : 0/0
 11615 ;;		Unchanged: 0/0
 11616 ;; Data sizes:     COMRAM   BANK0   BANK1   BANK2   BANK3   BANK4   BANK5
 11617 ;;      Params:         0       0       0       0       0       0       0
 11618 ;;      Locals:         1       0       0       0       0       0       0
 11619 ;;      Temps:          0       0       0       0       0       0       0
 11620 ;;      Totals:         1       0       0       0       0       0       0
 11621 ;;Total ram usage:        1 bytes
 11622 ;; Hardware stack levels used: 1
 11623 ;; Hardware stack levels required when called: 1
 11624 ;; This function calls:
 11625 ;;		_scan_key
 11626 ;; This function is called by:
 11627 ;;		_display_main_menu
 11628 ;;		_view_log
 11629 ;;		_view_dashboard
 11630 ;;		_set_time
 11631 ;; This function uses a non-reentrant model
 11632 ;;
 11633                           
 11634                           	psect	text37
 11635   001456                     __ptext37:
 11636                           	callstack 0
 11637   001456                     _read_switches:
 11638                           	callstack 28
 11639                           
 11640                           ;incstack = 0
 11641                           ;read_switches@detection_type stored from wreg
 11642   001456  6E02               	movwf	read_switches@detection_type^0,c
 11643   001458                     
 11644                           ;matrix_keypad.c: 95: unsigned char read_switches(unsigned char detection_type);matrix_k
      +                          eypad.c: 96: {;matrix_keypad.c: 97:  static unsigned char once = 1, key;;matrix_keypad.c
      +                          : 99:  if (detection_type == 1)
 11645   001458  0402               	decf	read_switches@detection_type^0,w,c
 11646   00145A  A4D8               	btfss	status,2,c
 11647   00145C  EF32  F00A         	goto	u1601
 11648   001460  EF34  F00A         	goto	u1600
 11649   001464                     u1601:
 11650   001464  EF57  F00A         	goto	l2633
 11651   001468                     u1600:
 11652   001468                     
 11653                           ;matrix_keypad.c: 100:  {;matrix_keypad.c: 101:   key = scan_key();
 11654   001468  EC1A  F008         	call	_scan_key	;wreg free
 11655   00146C  6E55               	movwf	read_switches@key^0,c
 11656   00146E                     
 11657                           ;matrix_keypad.c: 102:   if(key != 0xFF && once )
 11658   00146E  2855               	incf	read_switches@key^0,w,c
 11659   001470  B4D8               	btfsc	status,2,c
 11660   001472  EF3D  F00A         	goto	u1611
 11661   001476  EF3F  F00A         	goto	u1610
 11662   00147A                     u1611:
 11663   00147A  EF4B  F00A         	goto	l2629
 11664   00147E                     u1610:
 11665   00147E  505D               	movf	read_switches@once^0,w,c
 11666   001480  B4D8               	btfsc	status,2,c
 11667   001482  EF45  F00A         	goto	u1621
 11668   001486  EF47  F00A         	goto	u1620
 11669   00148A                     u1621:
 11670   00148A  EF4B  F00A         	goto	l2629
 11671   00148E                     u1620:
 11672   00148E                     
 11673                           ;matrix_keypad.c: 103:   {;matrix_keypad.c: 104:    once = 0;
 11674   00148E  6A5D               	clrf	read_switches@once^0,c
 11675   001490                     
 11676                           ;matrix_keypad.c: 105:    return key;
 11677   001490  5055               	movf	read_switches@key^0,w,c
 11678   001492  EF64  F00A         	goto	l116
 11679   001496                     l2629:
 11680   001496  2855               	incf	read_switches@key^0,w,c
 11681   001498  A4D8               	btfss	status,2,c
 11682   00149A  EF51  F00A         	goto	u1631
 11683   00149E  EF53  F00A         	goto	u1630
 11684   0014A2                     u1631:
 11685   0014A2  EF63  F00A         	goto	l2639
 11686   0014A6                     u1630:
 11687   0014A6                     
 11688                           ;matrix_keypad.c: 108:   {;matrix_keypad.c: 109:    once = 1;
 11689   0014A6  0E01               	movlw	1
 11690   0014A8  6E5D               	movwf	read_switches@once^0,c
 11691   0014AA  EF63  F00A         	goto	l2639
 11692   0014AE                     l2633:
 11693   0014AE  5002               	movf	read_switches@detection_type^0,w,c
 11694   0014B0  A4D8               	btfss	status,2,c
 11695   0014B2  EF5D  F00A         	goto	u1641
 11696   0014B6  EF5F  F00A         	goto	u1640
 11697   0014BA                     u1641:
 11698   0014BA  EF63  F00A         	goto	l2639
 11699   0014BE                     u1640:
 11700   0014BE                     
 11701                           ;matrix_keypad.c: 113:  {;matrix_keypad.c: 114:   return scan_key();
 11702   0014BE  EC1A  F008         	call	_scan_key	;wreg free
 11703   0014C2  EF64  F00A         	goto	l116
 11704   0014C6                     l2639:
 11705                           
 11706                           ;matrix_keypad.c: 117:  return 0xFF;
 11707   0014C6  0EFF               	movlw	255
 11708   0014C8                     l116:
 11709   0014C8  0012               	return		;funcret
 11710   0014CA                     __end_of_read_switches:
 11711                           	callstack 0
 11712                           
 11713 ;; *************** function _scan_key *****************
 11714 ;; Defined at:
 11715 ;;		line 25 in file "matrix_keypad.c"
 11716 ;; Parameters:    Size  Location     Type
 11717 ;;		None
 11718 ;; Auto vars:     Size  Location     Type
 11719 ;;		None
 11720 ;; Return value:  Size  Location     Type
 11721 ;;                  1    wreg      unsigned char 
 11722 ;; Registers used:
 11723 ;;		wreg
 11724 ;; Tracked objects:
 11725 ;;		On entry : 0/0
 11726 ;;		On exit  : 0/0
 11727 ;;		Unchanged: 0/0
 11728 ;; Data sizes:     COMRAM   BANK0   BANK1   BANK2   BANK3   BANK4   BANK5
 11729 ;;      Params:         0       0       0       0       0       0       0
 11730 ;;      Locals:         0       0       0       0       0       0       0
 11731 ;;      Temps:          0       0       0       0       0       0       0
 11732 ;;      Totals:         0       0       0       0       0       0       0
 11733 ;;Total ram usage:        0 bytes
 11734 ;; Hardware stack levels used: 1
 11735 ;; Hardware stack levels required when called: 1
 11736 ;; This function calls:
 11737 ;;		Nothing
 11738 ;; This function is called by:
 11739 ;;		_read_switches
 11740 ;; This function uses a non-reentrant model
 11741 ;;
 11742                           
 11743                           	psect	text38
 11744   001034                     __ptext38:
 11745                           	callstack 0
 11746   001034                     _scan_key:
 11747                           	callstack 27
 11748   001034                     
 11749                           ;matrix_keypad.c: 27:  PORTBbits.RB5 = 0;
 11750   001034  9A81               	bcf	129,5,c	;volatile
 11751                           
 11752                           ;matrix_keypad.c: 28:  PORTBbits.RB6 = 1;
 11753   001036  8C81               	bsf	129,6,c	;volatile
 11754                           
 11755                           ;matrix_keypad.c: 29:  PORTBbits.RB7 = 1;
 11756   001038  8E81               	bsf	129,7,c	;volatile
 11757                           
 11758                           ;matrix_keypad.c: 31:  if (PORTBbits.RB1 == 0)
 11759   00103A  B281               	btfsc	129,1,c	;volatile
 11760   00103C  EF22  F008         	goto	u1381
 11761   001040  EF24  F008         	goto	u1380
 11762   001044                     u1381:
 11763   001044  EF27  F008         	goto	l86
 11764   001048                     u1380:
 11765   001048                     
 11766                           ;matrix_keypad.c: 32:  {;matrix_keypad.c: 33:   return 1;
 11767   001048  0E01               	movlw	1
 11768   00104A  EF9D  F008         	goto	l87
 11769   00104E                     l86:
 11770   00104E  B481               	btfsc	129,2,c	;volatile
 11771   001050  EF2C  F008         	goto	u1391
 11772   001054  EF2E  F008         	goto	u1390
 11773   001058                     u1391:
 11774   001058  EF31  F008         	goto	l89
 11775   00105C                     u1390:
 11776   00105C                     
 11777                           ;matrix_keypad.c: 36:  {;matrix_keypad.c: 37:   return 4;
 11778   00105C  0E04               	movlw	4
 11779   00105E  EF9D  F008         	goto	l87
 11780   001062                     l89:
 11781   001062  B681               	btfsc	129,3,c	;volatile
 11782   001064  EF36  F008         	goto	u1401
 11783   001068  EF38  F008         	goto	u1400
 11784   00106C                     u1401:
 11785   00106C  EF3B  F008         	goto	l91
 11786   001070                     u1400:
 11787   001070                     
 11788                           ;matrix_keypad.c: 40:  {;matrix_keypad.c: 41:   return 7;
 11789   001070  0E07               	movlw	7
 11790   001072  EF9D  F008         	goto	l87
 11791   001076                     l91:
 11792   001076  B881               	btfsc	129,4,c	;volatile
 11793   001078  EF40  F008         	goto	u1411
 11794   00107C  EF42  F008         	goto	u1410
 11795   001080                     u1411:
 11796   001080  EF45  F008         	goto	l88
 11797   001084                     u1410:
 11798   001084                     
 11799                           ;matrix_keypad.c: 44:  {;matrix_keypad.c: 45:   return 10;
 11800   001084  0E0A               	movlw	10
 11801   001086  EF9D  F008         	goto	l87
 11802   00108A                     l88:
 11803                           
 11804                           ;matrix_keypad.c: 48:  PORTBbits.RB5 = 1;
 11805   00108A  8A81               	bsf	129,5,c	;volatile
 11806                           
 11807                           ;matrix_keypad.c: 49:  PORTBbits.RB6 = 0;
 11808   00108C  9C81               	bcf	129,6,c	;volatile
 11809                           
 11810                           ;matrix_keypad.c: 50:  PORTBbits.RB7 = 1;
 11811   00108E  8E81               	bsf	129,7,c	;volatile
 11812                           
 11813                           ;matrix_keypad.c: 52:  if (PORTBbits.RB1 == 0)
 11814   001090  B281               	btfsc	129,1,c	;volatile
 11815   001092  EF4D  F008         	goto	u1421
 11816   001096  EF4F  F008         	goto	u1420
 11817   00109A                     u1421:
 11818   00109A  EF52  F008         	goto	l94
 11819   00109E                     u1420:
 11820   00109E                     
 11821                           ;matrix_keypad.c: 53:  {;matrix_keypad.c: 54:   return 2;
 11822   00109E  0E02               	movlw	2
 11823   0010A0  EF9D  F008         	goto	l87
 11824   0010A4                     l94:
 11825   0010A4  B481               	btfsc	129,2,c	;volatile
 11826   0010A6  EF57  F008         	goto	u1431
 11827   0010AA  EF59  F008         	goto	u1430
 11828   0010AE                     u1431:
 11829   0010AE  EF5C  F008         	goto	l96
 11830   0010B2                     u1430:
 11831   0010B2                     
 11832                           ;matrix_keypad.c: 57:  {;matrix_keypad.c: 58:   return 5;
 11833   0010B2  0E05               	movlw	5
 11834   0010B4  EF9D  F008         	goto	l87
 11835   0010B8                     l96:
 11836   0010B8  B681               	btfsc	129,3,c	;volatile
 11837   0010BA  EF61  F008         	goto	u1441
 11838   0010BE  EF63  F008         	goto	u1440
 11839   0010C2                     u1441:
 11840   0010C2  EF66  F008         	goto	l98
 11841   0010C6                     u1440:
 11842   0010C6                     
 11843                           ;matrix_keypad.c: 61:  {;matrix_keypad.c: 62:   return 8;
 11844   0010C6  0E08               	movlw	8
 11845   0010C8  EF9D  F008         	goto	l87
 11846   0010CC                     l98:
 11847   0010CC  B881               	btfsc	129,4,c	;volatile
 11848   0010CE  EF6B  F008         	goto	u1451
 11849   0010D2  EF6D  F008         	goto	u1450
 11850   0010D6                     u1451:
 11851   0010D6  EF70  F008         	goto	l95
 11852   0010DA                     u1450:
 11853   0010DA                     
 11854                           ;matrix_keypad.c: 65:  {;matrix_keypad.c: 66:   return 11;
 11855   0010DA  0E0B               	movlw	11
 11856   0010DC  EF9D  F008         	goto	l87
 11857   0010E0                     l95:
 11858                           
 11859                           ;matrix_keypad.c: 69:  PORTBbits.RB5 = 1;
 11860   0010E0  8A81               	bsf	129,5,c	;volatile
 11861                           
 11862                           ;matrix_keypad.c: 70:  PORTBbits.RB6 = 1;
 11863   0010E2  8C81               	bsf	129,6,c	;volatile
 11864                           
 11865                           ;matrix_keypad.c: 71:  PORTBbits.RB7 = 0;
 11866   0010E4  9E81               	bcf	129,7,c	;volatile
 11867                           
 11868                           ;matrix_keypad.c: 73:  PORTBbits.RB7 = 0;
 11869   0010E6  9E81               	bcf	129,7,c	;volatile
 11870                           
 11871                           ;matrix_keypad.c: 75:  if (PORTBbits.RB1 == 0)
 11872   0010E8  B281               	btfsc	129,1,c	;volatile
 11873   0010EA  EF79  F008         	goto	u1461
 11874   0010EE  EF7B  F008         	goto	u1460
 11875   0010F2                     u1461:
 11876   0010F2  EF7E  F008         	goto	l101
 11877   0010F6                     u1460:
 11878   0010F6                     
 11879                           ;matrix_keypad.c: 76:  {;matrix_keypad.c: 77:   return 3;
 11880   0010F6  0E03               	movlw	3
 11881   0010F8  EF9D  F008         	goto	l87
 11882   0010FC                     l101:
 11883   0010FC  B481               	btfsc	129,2,c	;volatile
 11884   0010FE  EF83  F008         	goto	u1471
 11885   001102  EF85  F008         	goto	u1470
 11886   001106                     u1471:
 11887   001106  EF88  F008         	goto	l103
 11888   00110A                     u1470:
 11889   00110A                     
 11890                           ;matrix_keypad.c: 80:  {;matrix_keypad.c: 81:   return 6;
 11891   00110A  0E06               	movlw	6
 11892   00110C  EF9D  F008         	goto	l87
 11893   001110                     l103:
 11894   001110  B681               	btfsc	129,3,c	;volatile
 11895   001112  EF8D  F008         	goto	u1481
 11896   001116  EF8F  F008         	goto	u1480
 11897   00111A                     u1481:
 11898   00111A  EF92  F008         	goto	l105
 11899   00111E                     u1480:
 11900   00111E                     
 11901                           ;matrix_keypad.c: 84:  {;matrix_keypad.c: 85:   return 9;
 11902   00111E  0E09               	movlw	9
 11903   001120  EF9D  F008         	goto	l87
 11904   001124                     l105:
 11905   001124  B881               	btfsc	129,4,c	;volatile
 11906   001126  EF97  F008         	goto	u1491
 11907   00112A  EF99  F008         	goto	u1490
 11908   00112E                     u1491:
 11909   00112E  EF9C  F008         	goto	l2509
 11910   001132                     u1490:
 11911   001132                     
 11912                           ;matrix_keypad.c: 88:  {;matrix_keypad.c: 89:   return 12;
 11913   001132  0E0C               	movlw	12
 11914   001134  EF9D  F008         	goto	l87
 11915   001138                     l2509:
 11916                           
 11917                           ;matrix_keypad.c: 92:  return 0xFF;
 11918   001138  0EFF               	movlw	255
 11919   00113A                     l87:
 11920   00113A  0012               	return		;funcret
 11921   00113C                     __end_of_scan_key:
 11922                           	callstack 0
 11923                           
 11924 ;; *************** function _clear_clcd *****************
 11925 ;; Defined at:
 11926 ;;		line 84 in file "main.c"
 11927 ;; Parameters:    Size  Location     Type
 11928 ;;		None
 11929 ;; Auto vars:     Size  Location     Type
 11930 ;;		None
 11931 ;; Return value:  Size  Location     Type
 11932 ;;                  1    wreg      void 
 11933 ;; Registers used:
 11934 ;;		wreg, fsr0l, fsr0h, status,2, status,0, tblptrl, tblptrh, tblptru, cstack
 11935 ;; Tracked objects:
 11936 ;;		On entry : 0/0
 11937 ;;		On exit  : 0/0
 11938 ;;		Unchanged: 0/0
 11939 ;; Data sizes:     COMRAM   BANK0   BANK1   BANK2   BANK3   BANK4   BANK5
 11940 ;;      Params:         0       0       0       0       0       0       0
 11941 ;;      Locals:         0       0       0       0       0       0       0
 11942 ;;      Temps:          0       0       0       0       0       0       0
 11943 ;;      Totals:         0       0       0       0       0       0       0
 11944 ;;Total ram usage:        0 bytes
 11945 ;; Hardware stack levels used: 1
 11946 ;; Hardware stack levels required when called: 1
 11947 ;; This function calls:
 11948 ;;		_clcd_print
 11949 ;; This function is called by:
 11950 ;;		_main
 11951 ;;		_display_main_menu
 11952 ;;		_view_log
 11953 ;;		_view_dashboard
 11954 ;;		_set_time
 11955 ;; This function uses a non-reentrant model
 11956 ;;
 11957                           
 11958                           	psect	text39
 11959   00188A                     __ptext39:
 11960                           	callstack 0
 11961   00188A                     _clear_clcd:
 11962                           	callstack 28
 11963   00188A                     
 11964                           ;main.c: 85:     clcd_print("                ", (0x80 + (0)));
 11965   00188A  0E49               	movlw	low STR_12
 11966   00188C  6E04               	movwf	clcd_print@data^0,c
 11967   00188E  0E2F               	movlw	high STR_12
 11968   001890  6E05               	movwf	(clcd_print@data+1)^0,c
 11969   001892  0E80               	movlw	128
 11970   001894  6E06               	movwf	clcd_print@addr^0,c
 11971   001896  EC9E  F00A         	call	_clcd_print	;wreg free
 11972                           
 11973                           ;main.c: 86:     clcd_print("                ", (0xC0 + (0)));
 11974   00189A  0E49               	movlw	low STR_12
 11975   00189C  6E04               	movwf	clcd_print@data^0,c
 11976   00189E  0E2F               	movlw	high STR_12
 11977   0018A0  6E05               	movwf	(clcd_print@data+1)^0,c
 11978   0018A2  0EC0               	movlw	192
 11979   0018A4  6E06               	movwf	clcd_print@addr^0,c
 11980   0018A6  EC9E  F00A         	call	_clcd_print	;wreg free
 11981   0018AA  0012               	return		;funcret
 11982   0018AC                     __end_of_clear_clcd:
 11983                           	callstack 0
 11984                           
 11985 ;; *************** function _clcd_print *****************
 11986 ;; Defined at:
 11987 ;;		line 49 in file "clcd.c"
 11988 ;; Parameters:    Size  Location     Type
 11989 ;;  data            2    2[COMRAM] PTR const unsigned char 
 11990 ;;		 -> STR_29(3), STR_28(3), STR_27(3), STR_26(2), 
 11991 ;;		 -> STR_25(2), sec_str(3), min_str(3), hr_str(3), 
 11992 ;;		 -> STR_24(17), STR_23(17), STR_22(17), STR_21(17), 
 11993 ;;		 -> time(9), speed(4), gear(2), STR_18(11), 
 11994 ;;		 -> STR_17(14), STR_16(14), STR_15(14), STR_14(14), 
 11995 ;;		 -> STR_13(17), STR_12(17), STR_11(17), STR_10(17), 
 11996 ;;		 -> STR_6(17), STR_5(17), STR_4(17), STR_3(4), 
 11997 ;;		 -> STR_2(4), STR_1(17), 
 11998 ;;  addr            1    4[COMRAM] unsigned char 
 11999 ;; Auto vars:     Size  Location     Type
 12000 ;;		None
 12001 ;; Return value:  Size  Location     Type
 12002 ;;                  1    wreg      void 
 12003 ;; Registers used:
 12004 ;;		wreg, fsr0l, fsr0h, status,2, status,0, tblptrl, tblptrh, tblptru, cstack
 12005 ;; Tracked objects:
 12006 ;;		On entry : 0/0
 12007 ;;		On exit  : 0/0
 12008 ;;		Unchanged: 0/0
 12009 ;; Data sizes:     COMRAM   BANK0   BANK1   BANK2   BANK3   BANK4   BANK5
 12010 ;;      Params:         3       0       0       0       0       0       0
 12011 ;;      Locals:         0       0       0       0       0       0       0
 12012 ;;      Temps:          0       0       0       0       0       0       0
 12013 ;;      Totals:         3       0       0       0       0       0       0
 12014 ;;Total ram usage:        3 bytes
 12015 ;; Hardware stack levels used: 1
 12016 ;; Hardware stack levels required when called: 1
 12017 ;; This function calls:
 12018 ;;		_clcd_write
 12019 ;; This function is called by:
 12020 ;;		_main
 12021 ;;		_clear_clcd
 12022 ;;		_display_main_menu
 12023 ;;		_view_log
 12024 ;;		_view_dashboard
 12025 ;;		_download_log
 12026 ;;		_set_time
 12027 ;; This function uses a non-reentrant model
 12028 ;;
 12029                           
 12030                           	psect	text40
 12031   00153C                     __ptext40:
 12032                           	callstack 0
 12033   00153C                     _clcd_print:
 12034                           	callstack 27
 12035   00153C                     
 12036                           ;clcd.c: 49: void clcd_print(const unsigned char *data, unsigned char addr);clcd.c: 50: 
      +                          {;clcd.c: 51:  clcd_write(addr, 0);
 12037   00153C  0E00               	movlw	0
 12038   00153E  6E02               	movwf	clcd_write@control_bit^0,c
 12039   001540  5006               	movf	clcd_print@addr^0,w,c
 12040   001542  ECC9  F00B         	call	_clcd_write
 12041                           
 12042                           ;clcd.c: 52:  while (*data != '\0')
 12043   001546  EFBB  F00A         	goto	l2439
 12044   00154A                     l2435:
 12045                           
 12046                           ;clcd.c: 53:  {;clcd.c: 54:   clcd_write(*data++, 1);
 12047   00154A  0E01               	movlw	1
 12048   00154C  6E02               	movwf	clcd_write@control_bit^0,c
 12049   00154E  C004  FFF6         	movff	clcd_print@data,tblptrl
 12050   001552  C005  FFF7         	movff	clcd_print@data+1,tblptrh
 12051   001556  6AF8               	clrf	tblptru,c
 12052   001558  0E05               	movlw	(high __ramtop+-1)
 12053   00155A  64F7               	cpfsgt	tblptrh,c
 12054   00155C  D003               	bra	u1357
 12055   00155E  0008               	tblrd		*
 12056   001560  50F5               	movf	tablat,w,c
 12057   001562  D005               	bra	u1350
 12058   001564                     u1357:
 12059   001564  CFF6 FFE9          	movff	tblptrl,fsr0l
 12060   001568  CFF7 FFEA          	movff	tblptrh,fsr0h
 12061   00156C  50EF               	movf	indf0,w,c
 12062   00156E                     u1350:
 12063   00156E  ECC9  F00B         	call	_clcd_write
 12064   001572  4A04               	infsnz	clcd_print@data^0,f,c
 12065   001574  2A05               	incf	(clcd_print@data+1)^0,f,c
 12066   001576                     l2439:
 12067                           
 12068                           ;clcd.c: 52:  while (*data != '\0')
 12069   001576  C004  FFF6         	movff	clcd_print@data,tblptrl
 12070   00157A  C005  FFF7         	movff	clcd_print@data+1,tblptrh
 12071   00157E  6AF8               	clrf	tblptru,c
 12072   001580  0E05               	movlw	(high __ramtop+-1)
 12073   001582  64F7               	cpfsgt	tblptrh,c
 12074   001584  D003               	bra	u1367
 12075   001586  0008               	tblrd		*
 12076   001588  50F5               	movf	tablat,w,c
 12077   00158A  D005               	bra	u1360
 12078   00158C                     u1367:
 12079   00158C  CFF6 FFE9          	movff	tblptrl,fsr0l
 12080   001590  CFF7 FFEA          	movff	tblptrh,fsr0h
 12081   001594  50EF               	movf	indf0,w,c
 12082   001596                     u1360:
 12083   001596  0900               	iorlw	0
 12084   001598  A4D8               	btfss	status,2,c
 12085   00159A  EFD1  F00A         	goto	u1371
 12086   00159E  EFD3  F00A         	goto	u1370
 12087   0015A2                     u1371:
 12088   0015A2  EFA5  F00A         	goto	l2435
 12089   0015A6                     u1370:
 12090   0015A6  0012               	return		;funcret
 12091   0015A8                     __end_of_clcd_print:
 12092                           	callstack 0
 12093                           
 12094 ;; *************** function _clcd_write *****************
 12095 ;; Defined at:
 12096 ;;		line 11 in file "clcd.c"
 12097 ;; Parameters:    Size  Location     Type
 12098 ;;  byte            1    wreg     unsigned char 
 12099 ;;  control_bit     1    0[COMRAM] unsigned char 
 12100 ;; Auto vars:     Size  Location     Type
 12101 ;;  byte            1    1[COMRAM] unsigned char 
 12102 ;; Return value:  Size  Location     Type
 12103 ;;                  1    wreg      void 
 12104 ;; Registers used:
 12105 ;;		wreg
 12106 ;; Tracked objects:
 12107 ;;		On entry : 0/0
 12108 ;;		On exit  : 0/0
 12109 ;;		Unchanged: 0/0
 12110 ;; Data sizes:     COMRAM   BANK0   BANK1   BANK2   BANK3   BANK4   BANK5
 12111 ;;      Params:         1       0       0       0       0       0       0
 12112 ;;      Locals:         1       0       0       0       0       0       0
 12113 ;;      Temps:          0       0       0       0       0       0       0
 12114 ;;      Totals:         2       0       0       0       0       0       0
 12115 ;;Total ram usage:        2 bytes
 12116 ;; Hardware stack levels used: 1
 12117 ;; Hardware stack levels required when called: 1
 12118 ;; This function calls:
 12119 ;;		Nothing
 12120 ;; This function is called by:
 12121 ;;		_init_clcd
 12122 ;;		_clcd_print
 12123 ;;		_clcd_putch
 12124 ;; This function uses a non-reentrant model
 12125 ;;
 12126                           
 12127                           	psect	text41
 12128   001792                     __ptext41:
 12129                           	callstack 0
 12130   001792                     _clcd_write:
 12131                           	callstack 26
 12132                           
 12133                           ;incstack = 0
 12134                           ;clcd_write@byte stored from wreg
 12135   001792  6E03               	movwf	clcd_write@byte^0,c
 12136   001794                     
 12137                           ;clcd.c: 11: void clcd_write(unsigned char byte, unsigned char control_bit);clcd.c: 12: 
      +                          {;clcd.c: 13:  RC1 = control_bit;
 12138   001794  B002               	btfsc	clcd_write@control_bit^0,0,c
 12139   001796  EFCF  F00B         	goto	u1321
 12140   00179A  EFD2  F00B         	goto	u1320
 12141   00179E                     u1321:
 12142   00179E  8282               	bsf	3970,1,c	;volatile
 12143   0017A0  EFD3  F00B         	goto	u1335
 12144   0017A4                     u1320:
 12145   0017A4  9282               	bcf	3970,1,c	;volatile
 12146   0017A6                     u1335:
 12147   0017A6                     
 12148                           ;clcd.c: 14:  PORTD = byte;
 12149   0017A6  C003  FF83         	movff	clcd_write@byte,3971	;volatile
 12150   0017AA                     
 12151                           ;clcd.c: 17:  RC2 = 1;
 12152   0017AA  8482               	bsf	3970,2,c	;volatile
 12153   0017AC                     
 12154                           ;clcd.c: 18:  RC2 = 0;
 12155   0017AC  9482               	bcf	3970,2,c	;volatile
 12156   0017AE                     
 12157                           ;clcd.c: 20:  TRISD7 = 0xFF;
 12158   0017AE  8E95               	bsf	3989,7,c	;volatile
 12159   0017B0                     
 12160                           ;clcd.c: 21:  RC0 = 1;
 12161   0017B0  8082               	bsf	3970,0,c	;volatile
 12162   0017B2                     
 12163                           ;clcd.c: 22:  RC1 = 0;
 12164   0017B2  9282               	bcf	3970,1,c	;volatile
 12165   0017B4                     l2405:
 12166                           
 12167                           ;clcd.c: 25:  {;clcd.c: 26:   RC2 = 1;
 12168   0017B4  8482               	bsf	3970,2,c	;volatile
 12169   0017B6                     
 12170                           ;clcd.c: 27:   RC2 = 0;
 12171   0017B6  9482               	bcf	3970,2,c	;volatile
 12172   0017B8                     
 12173                           ;clcd.c: 28:  } while (RD7);
 12174   0017B8  BE83               	btfsc	3971,7,c	;volatile
 12175   0017BA  EFE1  F00B         	goto	u1341
 12176   0017BE  EFE3  F00B         	goto	u1340
 12177   0017C2                     u1341:
 12178   0017C2  EFDA  F00B         	goto	l2405
 12179   0017C6                     u1340:
 12180   0017C6                     
 12181                           ;clcd.c: 30:  RC0 = 0;
 12182   0017C6  9082               	bcf	3970,0,c	;volatile
 12183                           
 12184                           ;clcd.c: 31:  TRISD7 = 0x00;
 12185   0017C8  9E95               	bcf	3989,7,c	;volatile
 12186   0017CA  0012               	return		;funcret
 12187   0017CC                     __end_of_clcd_write:
 12188                           	callstack 0
 12189                           
 12190 ;; *************** function _isr *****************
 12191 ;; Defined at:
 12192 ;;		line 34 in file "timer0.c"
 12193 ;; Parameters:    Size  Location     Type
 12194 ;;		None
 12195 ;; Auto vars:     Size  Location     Type
 12196 ;;		None
 12197 ;; Return value:  Size  Location     Type
 12198 ;;                  1    wreg      void 
 12199 ;; Registers used:
 12200 ;;		wreg, status,2, status,0
 12201 ;; Tracked objects:
 12202 ;;		On entry : 0/0
 12203 ;;		On exit  : 0/0
 12204 ;;		Unchanged: 0/0
 12205 ;; Data sizes:     COMRAM   BANK0   BANK1   BANK2   BANK3   BANK4   BANK5
 12206 ;;      Params:         0       0       0       0       0       0       0
 12207 ;;      Locals:         0       0       0       0       0       0       0
 12208 ;;      Temps:          0       0       0       0       0       0       0
 12209 ;;      Totals:         0       0       0       0       0       0       0
 12210 ;;Total ram usage:        0 bytes
 12211 ;; Hardware stack levels used: 1
 12212 ;; This function calls:
 12213 ;;		Nothing
 12214 ;; This function is called by:
 12215 ;;		Interrupt level 2
 12216 ;; This function uses a non-reentrant model
 12217 ;;
 12218                           
 12219                           	psect	intcode
 12220   000008                     __pintcode:
 12221                           	callstack 0
 12222   000008                     _isr:
 12223                           	callstack 24
 12224                           
 12225                           ;incstack = 0
 12226   000008  8201               	bsf	int$flags,1,c	;set compiler interrupt flag (level 2)
 12227   00000A  EDA0  F009         	call	int_func,f	;refresh shadow registers
 12228                           
 12229                           	psect	intcode_body
 12230   001340                     __pintcode_body:
 12231                           	callstack 24
 12232   001340                     int_func:
 12233                           	callstack 24
 12234   001340  0006               	pop		; remove dummy address from shadow register refresh
 12235   001342                     
 12236                           ;timer0.c: 35:     if(TMR0IF) {
 12237   001342  A4F2               	btfss	4082,2,c	;volatile
 12238   001344  EFA6  F009         	goto	i2u256_41
 12239   001348  EFA8  F009         	goto	i2u256_40
 12240   00134C                     i2u256_41:
 12241   00134C  EFE8  F009         	goto	i2l599
 12242   001350                     i2u256_40:
 12243   001350                     
 12244                           ;timer0.c: 36:         TMR0 = TMR0 + 8;
 12245   001350  0E08               	movlw	8
 12246   001352  24D6               	addwf	214,w,c	;volatile
 12247   001354  6ED6               	movwf	214,c	;volatile
 12248   001356  0E00               	movlw	0
 12249   001358  20D7               	addwfc	215,w,c	;volatile
 12250   00135A  6ED7               	movwf	215,c	;volatile
 12251                           
 12252                           ;timer0.c: 37:         if(state == e_set_time) {
 12253   00135C  0E03               	movlw	3
 12254   00135E  1856               	xorwf	_state^0,w,c
 12255   001360  A4D8               	btfss	status,2,c
 12256   001362  EFB5  F009         	goto	i2u257_41
 12257   001366  EFB7  F009         	goto	i2u257_40
 12258   00136A                     i2u257_41:
 12259   00136A  EFE0  F009         	goto	i2l3337
 12260   00136E                     i2u257_40:
 12261   00136E                     
 12262                           ;timer0.c: 38:             count++;
 12263   00136E  4A41               	infsnz	_count@timer0$F585^0,f,c
 12264   001370  2A42               	incf	(_count@timer0$F585+1)^0,f,c
 12265   001372                     
 12266                           ;timer0.c: 39:             if(count < 10000)
 12267   001372  0E10               	movlw	16
 12268   001374  5C41               	subwf	_count@timer0$F585^0,w,c
 12269   001376  0E27               	movlw	39
 12270   001378  5842               	subwfb	(_count@timer0$F585+1)^0,w,c
 12271   00137A  B0D8               	btfsc	status,0,c
 12272   00137C  EFC2  F009         	goto	i2u258_41
 12273   001380  EFC4  F009         	goto	i2u258_40
 12274   001384                     i2u258_41:
 12275   001384  EFCA  F009         	goto	i2l3331
 12276   001388                     i2u258_40:
 12277   001388                     
 12278                           ;timer0.c: 40:                 toggle = 1;
 12279   001388  0100               	movlb	0	; () banked
 12280   00138A  6B91               	clrf	(_toggle+1)& (0+255),b
 12281   00138C  0E01               	movlw	1
 12282   00138E  6F90               	movwf	_toggle& (0+255),b
 12283   001390  EFE7  F009         	goto	i2l3339
 12284   001394                     i2l3331:
 12285   001394  0E20               	movlw	32
 12286   001396  5C41               	subwf	_count@timer0$F585^0,w,c
 12287   001398  0E4E               	movlw	78
 12288   00139A  5842               	subwfb	(_count@timer0$F585+1)^0,w,c
 12289   00139C  B0D8               	btfsc	status,0,c
 12290   00139E  EFD3  F009         	goto	i2u259_41
 12291   0013A2  EFD5  F009         	goto	i2u259_40
 12292   0013A6                     i2u259_41:
 12293   0013A6  EFDB  F009         	goto	i2l3335
 12294   0013AA                     i2u259_40:
 12295   0013AA                     
 12296                           ;timer0.c: 42:                 toggle = 0;
 12297   0013AA  0100               	movlb	0	; () banked
 12298   0013AC  6B91               	clrf	(_toggle+1)& (0+255),b
 12299   0013AE  0E00               	movlw	0
 12300   0013B0  6F90               	movwf	_toggle& (0+255),b
 12301   0013B2  EFE7  F009         	goto	i2l3339
 12302   0013B6                     i2l3335:
 12303                           
 12304                           ;timer0.c: 44:                 count = 0;
 12305   0013B6  6A42               	clrf	(_count@timer0$F585+1)^0,c
 12306   0013B8  0E00               	movlw	0
 12307   0013BA  6E41               	movwf	_count@timer0$F585^0,c
 12308   0013BC  EFE7  F009         	goto	i2l3339
 12309   0013C0                     i2l3337:
 12310                           
 12311                           ;timer0.c: 47:             count = 0;
 12312   0013C0  6A42               	clrf	(_count@timer0$F585+1)^0,c
 12313   0013C2  0E00               	movlw	0
 12314   0013C4  6E41               	movwf	_count@timer0$F585^0,c
 12315                           
 12316                           ;timer0.c: 48:             toggle = 0;
 12317   0013C6  0100               	movlb	0	; () banked
 12318   0013C8  6B91               	clrf	(_toggle+1)& (0+255),b
 12319   0013CA  0E00               	movlw	0
 12320   0013CC  6F90               	movwf	_toggle& (0+255),b
 12321   0013CE                     i2l3339:
 12322                           
 12323                           ;timer0.c: 50:         TMR0IF=0;
 12324   0013CE  94F2               	bcf	4082,2,c	;volatile
 12325   0013D0                     i2l599:
 12326   0013D0  9201               	bcf	int$flags,1,c	;clear compiler interrupt flag (level 2)
 12327   0013D2  0011               	retfie		f
 12328   0013D4                     __end_of_isr:
 12329                           	callstack 0
 12330                           
 12331                           	psect	rparam
 12332   000001                     ___rparam_used  equ	1
 12333   000000                     ___param_bank   equ	0
 12334   000000                     __Lparam        equ	__Lrparam
 12335   000000                     __Hparam        equ	__Hrparam
 12336   000001                     btemp           set	1	;btemp
 12337   000001                     int$flags       set	1
 12338   000001                     btemp0          set	1
 12339   000002                     btemp1          set	2
 12340                           
 12341                           	psect	idloc
 12342                           
 12343                           ;Config register IDLOC0 @ 0x200000
 12344                           ;	unspecified, using default values
 12345   200000                     	org	2097152
 12346   200000  FF                 	db	255
 12347                           
 12348                           ;Config register IDLOC1 @ 0x200001
 12349                           ;	unspecified, using default values
 12350   200001                     	org	2097153
 12351   200001  FF                 	db	255
 12352                           
 12353                           ;Config register IDLOC2 @ 0x200002
 12354                           ;	unspecified, using default values
 12355   200002                     	org	2097154
 12356   200002  FF                 	db	255
 12357                           
 12358                           ;Config register IDLOC3 @ 0x200003
 12359                           ;	unspecified, using default values
 12360   200003                     	org	2097155
 12361   200003  FF                 	db	255
 12362                           
 12363                           ;Config register IDLOC4 @ 0x200004
 12364                           ;	unspecified, using default values
 12365   200004                     	org	2097156
 12366   200004  FF                 	db	255
 12367                           
 12368                           ;Config register IDLOC5 @ 0x200005
 12369                           ;	unspecified, using default values
 12370   200005                     	org	2097157
 12371   200005  FF                 	db	255
 12372                           
 12373                           ;Config register IDLOC6 @ 0x200006
 12374                           ;	unspecified, using default values
 12375   200006                     	org	2097158
 12376   200006  FF                 	db	255
 12377                           
 12378                           ;Config register IDLOC7 @ 0x200007
 12379                           ;	unspecified, using default values
 12380   200007                     	org	2097159
 12381   200007  FF                 	db	255
 12382                           
 12383                           	psect	config
 12384                           
 12385                           ; Padding undefined space
 12386   300000                     	org	3145728
 12387   300000  FF                 	db	255
 12388                           
 12389                           ;Config register CONFIG1H @ 0x300001
 12390                           ;	unspecified, using default values
 12391                           ;	Oscillator Selection bits
 12392                           ;	OSC = 0x7, unprogrammed default
 12393                           ;	Fail-Safe Clock Monitor Enable bit
 12394                           ;	FCMEN = 0x0, unprogrammed default
 12395                           ;	Internal/External Oscillator Switchover bit
 12396                           ;	IESO = 0x0, unprogrammed default
 12397   300001                     	org	3145729
 12398   300001  07                 	db	7
 12399                           
 12400                           ;Config register CONFIG2L @ 0x300002
 12401                           ;	unspecified, using default values
 12402                           ;	Power-up Timer Enable bit
 12403                           ;	PWRT = 0x1, unprogrammed default
 12404                           ;	Brown-out Reset Enable bits
 12405                           ;	BOREN = 0x3, unprogrammed default
 12406                           ;	Brown-out Reset Voltage bits
 12407                           ;	BORV = 0x3, unprogrammed default
 12408   300002                     	org	3145730
 12409   300002  1F                 	db	31
 12410                           
 12411                           ;Config register CONFIG2H @ 0x300003
 12412                           ;	unspecified, using default values
 12413                           ;	Watchdog Timer Enable bit
 12414                           ;	WDT = 0x1, unprogrammed default
 12415                           ;	Watchdog Timer Postscale Select bits
 12416                           ;	WDTPS = 0xF, unprogrammed default
 12417   300003                     	org	3145731
 12418   300003  1F                 	db	31
 12419                           
 12420                           ; Padding undefined space
 12421   300004                     	org	3145732
 12422   300004  FF                 	db	255
 12423                           
 12424                           ;Config register CONFIG3H @ 0x300005
 12425                           ;	unspecified, using default values
 12426                           ;	PORTB A/D Enable bit
 12427                           ;	PBADEN = 0x1, unprogrammed default
 12428                           ;	Low-Power Timer 1 Oscillator Enable bit
 12429                           ;	LPT1OSC = 0x0, unprogrammed default
 12430                           ;	MCLR Pin Enable bit
 12431                           ;	MCLRE = 0x1, unprogrammed default
 12432   300005                     	org	3145733
 12433   300005  82                 	db	130
 12434                           
 12435                           ;Config register CONFIG4L @ 0x300006
 12436                           ;	unspecified, using default values
 12437                           ;	Stack Full/Underflow Reset Enable bit
 12438                           ;	STVREN = 0x1, unprogrammed default
 12439                           ;	Single-Supply ICSP Enable bit
 12440                           ;	LVP = 0x1, unprogrammed default
 12441                           ;	Boot Block Size Select bit
 12442                           ;	BBSIZ = 0x0, unprogrammed default
 12443                           ;	Extended Instruction Set Enable bit
 12444                           ;	XINST = 0x0, unprogrammed default
 12445                           ;	Background Debugger Enable bit
 12446                           ;	DEBUG = 0x1, unprogrammed default
 12447   300006                     	org	3145734
 12448   300006  85                 	db	133
 12449                           
 12450                           ; Padding undefined space
 12451   300007                     	org	3145735
 12452   300007  FF                 	db	255
 12453                           
 12454                           ;Config register CONFIG5L @ 0x300008
 12455                           ;	unspecified, using default values
 12456                           ;	Code Protection bit
 12457                           ;	CP0 = 0x1, unprogrammed default
 12458                           ;	Code Protection bit
 12459                           ;	CP1 = 0x1, unprogrammed default
 12460                           ;	Code Protection bit
 12461                           ;	CP2 = 0x1, unprogrammed default
 12462                           ;	Code Protection bit
 12463                           ;	CP3 = 0x1, unprogrammed default
 12464   300008                     	org	3145736
 12465   300008  0F                 	db	15
 12466                           
 12467                           ;Config register CONFIG5H @ 0x300009
 12468                           ;	unspecified, using default values
 12469                           ;	Boot Block Code Protection bit
 12470                           ;	CPB = 0x1, unprogrammed default
 12471                           ;	Data EEPROM Code Protection bit
 12472                           ;	CPD = 0x1, unprogrammed default
 12473   300009                     	org	3145737
 12474   300009  C0                 	db	192
 12475                           
 12476                           ;Config register CONFIG6L @ 0x30000A
 12477                           ;	unspecified, using default values
 12478                           ;	Write Protection bit
 12479                           ;	WRT0 = 0x1, unprogrammed default
 12480                           ;	Write Protection bit
 12481                           ;	WRT1 = 0x1, unprogrammed default
 12482                           ;	Write Protection bit
 12483                           ;	WRT2 = 0x1, unprogrammed default
 12484                           ;	Write Protection bit
 12485                           ;	WRT3 = 0x1, unprogrammed default
 12486   30000A                     	org	3145738
 12487   30000A  0F                 	db	15
 12488                           
 12489                           ;Config register CONFIG6H @ 0x30000B
 12490                           ;	unspecified, using default values
 12491                           ;	Configuration Register Write Protection bit
 12492                           ;	WRTC = 0x1, unprogrammed default
 12493                           ;	Boot Block Write Protection bit
 12494                           ;	WRTB = 0x1, unprogrammed default
 12495                           ;	Data EEPROM Write Protection bit
 12496                           ;	WRTD = 0x1, unprogrammed default
 12497   30000B                     	org	3145739
 12498   30000B  E0                 	db	224
 12499                           
 12500                           ;Config register CONFIG7L @ 0x30000C
 12501                           ;	unspecified, using default values
 12502                           ;	Table Read Protection bit
 12503                           ;	EBTR0 = 0x1, unprogrammed default
 12504                           ;	Table Read Protection bit
 12505                           ;	EBTR1 = 0x1, unprogrammed default
 12506                           ;	Table Read Protection bit
 12507                           ;	EBTR2 = 0x1, unprogrammed default
 12508                           ;	Table Read Protection bit
 12509                           ;	EBTR3 = 0x1, unprogrammed default
 12510   30000C                     	org	3145740
 12511   30000C  0F                 	db	15
 12512                           
 12513                           ;Config register CONFIG7H @ 0x30000D
 12514                           ;	unspecified, using default values
 12515                           ;	Boot Block Table Read Protection bit
 12516                           ;	EBTRB = 0x1, unprogrammed default
 12517   30000D                     	org	3145741
 12518   30000D  40                 	db	64
 12519                           tosu	equ	0xFFF
 12520                           tosh	equ	0xFFE
 12521                           tosl	equ	0xFFD
 12522                           stkptr	equ	0xFFC
 12523                           pclatu	equ	0xFFB
 12524                           pclath	equ	0xFFA
 12525                           pcl	equ	0xFF9
 12526                           tblptru	equ	0xFF8
 12527                           tblptrh	equ	0xFF7
 12528                           tblptrl	equ	0xFF6
 12529                           tablat	equ	0xFF5
 12530                           prodh	equ	0xFF4
 12531                           prodl	equ	0xFF3
 12532                           indf0	equ	0xFEF
 12533                           postinc0	equ	0xFEE
 12534                           postdec0	equ	0xFED
 12535                           preinc0	equ	0xFEC
 12536                           plusw0	equ	0xFEB
 12537                           fsr0h	equ	0xFEA
 12538                           fsr0l	equ	0xFE9
 12539                           wreg	equ	0xFE8
 12540                           indf1	equ	0xFE7
 12541                           postinc1	equ	0xFE6
 12542                           postdec1	equ	0xFE5
 12543                           preinc1	equ	0xFE4
 12544                           plusw1	equ	0xFE3
 12545                           fsr1h	equ	0xFE2
 12546                           fsr1l	equ	0xFE1
 12547                           bsr	equ	0xFE0
 12548                           indf2	equ	0xFDF
 12549                           postinc2	equ	0xFDE
 12550                           postdec2	equ	0xFDD
 12551                           preinc2	equ	0xFDC
 12552                           plusw2	equ	0xFDB
 12553                           fsr2h	equ	0xFDA
 12554                           fsr2l	equ	0xFD9
 12555                           status	equ	0xFD8

Data Sizes:
    Strings     351
    Constant    0
    Data        50
    BSS         59
    Persistent  0
    Stack       0

Auto Spaces:
    Space          Size  Autos    Used
    COMRAM           94     60      93
    BANK0           160      0      76
    BANK1           256      0       0
    BANK2           256      0       0
    BANK3           256      0       0
    BANK4           256      0       0
    BANK5           256      0       0

Pointer List with Targets:

    clcd_print@data	PTR const unsigned char  size(2) Largest target is 17
		 -> gear(COMRAM[2]), hr_str(BANK0[3]), min_str(BANK0[3]), sec_str(BANK0[3]), 
		 -> speed(COMRAM[4]), STR_1(CODE[17]), STR_10(CODE[17]), STR_11(CODE[17]), 
		 -> STR_12(CODE[17]), STR_13(CODE[17]), STR_14(CODE[14]), STR_15(CODE[14]), 
		 -> STR_16(CODE[14]), STR_17(CODE[14]), STR_18(CODE[11]), STR_2(CODE[4]), 
		 -> STR_21(CODE[17]), STR_22(CODE[17]), STR_23(CODE[17]), STR_24(CODE[17]), 
		 -> STR_25(CODE[2]), STR_26(CODE[2]), STR_27(CODE[3]), STR_28(CODE[3]), 
		 -> STR_29(CODE[3]), STR_3(CODE[4]), STR_4(CODE[17]), STR_5(CODE[17]), 
		 -> STR_6(CODE[17]), time(BANK0[9]), 

    display_main_menu@F10519	PTR unsigned char [5] size(2) Largest target is 14
		 -> STR_14(CODE[14]), STR_15(CODE[14]), STR_16(CODE[14]), STR_17(CODE[14]), 
		 -> STR_18(CODE[11]), 

    display_main_menu@menu	PTR unsigned char [5] size(2) Largest target is 14
		 -> STR_14(CODE[14]), STR_15(CODE[14]), STR_16(CODE[14]), STR_17(CODE[14]), 
		 -> STR_18(CODE[11]), 

    puts@s	PTR const unsigned char  size(2) Largest target is 35
		 -> download_log@gear(COMRAM[7]), download_log@si_no(COMRAM[10]), download_log@speed(COMRAM[8]), download_log@time(COMRAM[9]), 
		 -> STR_19(CODE[3]), STR_20(CODE[33]), STR_7(CODE[18]), STR_8(CODE[35]), 
		 -> STR_9(CODE[33]), 


Critical Paths under _main in COMRAM

    _main->_view_dashboard
    _view_log->_clcd_print
    _clcd_putch->_clcd_write
    _view_dashboard->___fltol
    _get_time->_read_ds1307
    ___xxtofl->_read_adc
    ___fltol->___fldiv
    ___fldiv->___xxtofl
    _set_time->_bcd_converter
    _bcd_converter->___lwdiv
    _init_config->_init_ds1307
    _init_ds1307->_read_ds1307
    _init_ds1307->_write_ds1307
    _write_ds1307->_i2c_write
    _read_ds1307->_i2c_write
    _init_clcd->_clcd_write
    _download_log->_clcd_print
    _puts->_putch
    _display_main_menu->_clcd_print
    _clear_clcd->_clcd_print
    _clcd_print->_clcd_write

Critical Paths under _isr in COMRAM

    None.

Critical Paths under _main in BANK0

    None.

Critical Paths under _isr in BANK0

    None.

Critical Paths under _main in BANK1

    None.

Critical Paths under _isr in BANK1

    None.

Critical Paths under _main in BANK2

    None.

Critical Paths under _isr in BANK2

    None.

Critical Paths under _main in BANK3

    None.

Critical Paths under _isr in BANK3

    None.

Critical Paths under _main in BANK4

    None.

Critical Paths under _isr in BANK4

    None.

Critical Paths under _main in BANK5

    None.

Critical Paths under _isr in BANK5

    None.

Call Graph Tables:

 ---------------------------------------------------------------------------------
 (Depth) Function   	        Calls       Base Space   Used Autos Params    Refs
 ---------------------------------------------------------------------------------
 (0) _main                                                 2     2      0    7035
                                             58 COMRAM     2     2      0
                         _clcd_print
                         _clear_clcd
                  _display_main_menu
                       _download_log
                        _init_config
                               _puts
                           _set_time
                     _view_dashboard
                           _view_log
 ---------------------------------------------------------------------------------
 (1) _view_log                                             2     2      0     571
                                              5 COMRAM     2     2      0
                         _clcd_print
                         _clcd_putch
                         _clear_clcd
               _read_internal_eeprom
                      _read_switches
 ---------------------------------------------------------------------------------
 (2) _clcd_putch                                           2     1      1     112
                                              2 COMRAM     2     1      1
                         _clcd_write
 ---------------------------------------------------------------------------------
 (1) _view_dashboard                                       2     2      0    2750
                                             56 COMRAM     2     2      0
                            ___fldiv
                            ___fltol
                            ___lwdiv
                            ___lwmod
                           ___xxtofl
                         _clcd_print
                         _clear_clcd
                           _get_time
                           _read_adc
                      _read_switches
              _write_internal_eeprom
 ---------------------------------------------------------------------------------
 (2) _write_internal_eeprom                                2     1      1      61
                                              0 COMRAM     2     1      1
 ---------------------------------------------------------------------------------
 (2) _read_adc                                             7     5      2      52
                                              0 COMRAM     7     5      2
 ---------------------------------------------------------------------------------
 (2) _get_time                                             0     0      0      81
                        _read_ds1307
 ---------------------------------------------------------------------------------
 (2) ___xxtofl                                            14    10      4     337
                                              7 COMRAM    14    10      4
                           _read_adc (ARG)
 ---------------------------------------------------------------------------------
 (2) ___fltol                                             10     6      4     230
                                             46 COMRAM    10     6      4
                            ___fldiv (ARG)
                           ___xxtofl (ARG)
                           _read_adc (ARG)
 ---------------------------------------------------------------------------------
 (2) ___fldiv                                             25    17      8    1123
                                             21 COMRAM    25    17      8
                           ___xxtofl (ARG)
                           _read_adc (ARG)
 ---------------------------------------------------------------------------------
 (1) _set_time                                             5     5      0    1415
                                             10 COMRAM     5     5      0
                            ___lwdiv
                            ___lwmod
                      _bcd_converter
                         _clcd_print
                         _clear_clcd
                      _read_switches
                       _write_ds1307
 ---------------------------------------------------------------------------------
 (2) _bcd_converter                                        3     1      2     484
                                              7 COMRAM     3     1      2
                            ___lwdiv
                            ___lwmod
 ---------------------------------------------------------------------------------
 (3) ___lwmod                                              5     1      4     171
                                              0 COMRAM     5     1      4
 ---------------------------------------------------------------------------------
 (3) ___lwdiv                                              7     3      4     174
                                              0 COMRAM     7     3      4
 ---------------------------------------------------------------------------------
 (1) _init_config                                          0     0      0     296
                           _init_adc
                          _init_clcd
                        _init_ds1307
                           _init_i2c
                 _init_matrix_keypad
                        _init_timer0
                          _init_uart
 ---------------------------------------------------------------------------------
 (2) _init_uart                                            0     0      0       0
 ---------------------------------------------------------------------------------
 (2) _init_timer0                                          0     0      0       0
 ---------------------------------------------------------------------------------
 (2) _init_matrix_keypad                                   0     0      0       0
 ---------------------------------------------------------------------------------
 (2) _init_i2c                                             0     0      0       0
 ---------------------------------------------------------------------------------
 (2) _init_ds1307                                          1     1      0     237
                                              3 COMRAM     1     1      0
                        _read_ds1307
                       _write_ds1307
 ---------------------------------------------------------------------------------
 (3) _write_ds1307                                         2     1      1      87
                                              1 COMRAM     2     1      1
                          _i2c_start
                           _i2c_stop
                          _i2c_write
 ---------------------------------------------------------------------------------
 (3) _read_ds1307                                          2     2      0      81
                                              1 COMRAM     2     2      0
                           _i2c_read
                      _i2c_rep_start
                          _i2c_start
                           _i2c_stop
                          _i2c_write
 ---------------------------------------------------------------------------------
 (4) _i2c_write                                            1     1      0      29
                                              0 COMRAM     1     1      0
                           _i2c_idle
 ---------------------------------------------------------------------------------
 (4) _i2c_stop                                             0     0      0       0
                           _i2c_idle
 ---------------------------------------------------------------------------------
 (4) _i2c_start                                            0     0      0       0
                           _i2c_idle
 ---------------------------------------------------------------------------------
 (4) _i2c_rep_start                                        0     0      0       0
                           _i2c_idle
 ---------------------------------------------------------------------------------
 (4) _i2c_read                                             0     0      0       0
                         _i2c_no_ack
                        _i2c_rx_mode
 ---------------------------------------------------------------------------------
 (5) _i2c_rx_mode                                          0     0      0       0
                           _i2c_idle
 ---------------------------------------------------------------------------------
 (6) _i2c_idle                                             0     0      0       0
 ---------------------------------------------------------------------------------
 (5) _i2c_no_ack                                           0     0      0       0
 ---------------------------------------------------------------------------------
 (2) _init_clcd                                            0     0      0      59
                         _clcd_write
 ---------------------------------------------------------------------------------
 (2) _init_adc                                             0     0      0       0
 ---------------------------------------------------------------------------------
 (1) _download_log                                        36    36      0    1071
                                              5 COMRAM    36    36      0
                         _clcd_print
                               _puts
               _read_internal_eeprom
 ---------------------------------------------------------------------------------
 (2) _read_internal_eeprom                                 1     1      0      29
                                              0 COMRAM     1     1      0
 ---------------------------------------------------------------------------------
 (2) _puts                                                 2     0      2      83
                                              1 COMRAM     2     0      2
                              _putch
 ---------------------------------------------------------------------------------
 (3) _putch                                                1     1      0      29
                                              0 COMRAM     1     1      0
 ---------------------------------------------------------------------------------
 (1) _display_main_menu                                   11    11      0     477
                                              5 COMRAM    11    11      0
                         _clcd_print
                         _clear_clcd
                      _read_switches
 ---------------------------------------------------------------------------------
 (2) _read_switches                                        1     1      0      58
                                              0 COMRAM     1     1      0
                           _scan_key
 ---------------------------------------------------------------------------------
 (3) _scan_key                                             0     0      0       0
 ---------------------------------------------------------------------------------
 (2) _clear_clcd                                           0     0      0     186
                         _clcd_print
 ---------------------------------------------------------------------------------
 (3) _clcd_print                                           3     0      3     186
                                              2 COMRAM     3     0      3
                         _clcd_write
 ---------------------------------------------------------------------------------
 (4) _clcd_write                                           2     1      1      59
                                              0 COMRAM     2     1      1
 ---------------------------------------------------------------------------------
 Estimated maximum stack depth 6
 ---------------------------------------------------------------------------------
 (Depth) Function   	        Calls       Base Space   Used Autos Params    Refs
 ---------------------------------------------------------------------------------
 (7) _isr                                                  0     0      0       0
 ---------------------------------------------------------------------------------
 Estimated maximum stack depth 7
 ---------------------------------------------------------------------------------

 Call Graph Graphs:

 _main (ROOT)
   _clcd_print
     _clcd_write
   _clear_clcd
     _clcd_print
   _display_main_menu
     _clcd_print
     _clear_clcd
     _read_switches
       _scan_key
   _download_log
     _clcd_print
     _puts
       _putch
     _read_internal_eeprom
   _init_config
     _init_adc
     _init_clcd
       _clcd_write
     _init_ds1307
       _read_ds1307
         _i2c_read
           _i2c_no_ack
           _i2c_rx_mode
             _i2c_idle
         _i2c_rep_start
           _i2c_idle
         _i2c_start
           _i2c_idle
         _i2c_stop
           _i2c_idle
         _i2c_write
           _i2c_idle
       _write_ds1307
         _i2c_start
         _i2c_stop
         _i2c_write
     _init_i2c
     _init_matrix_keypad
     _init_timer0
     _init_uart
   _puts
   _set_time
     ___lwdiv
     ___lwmod
     _bcd_converter
       ___lwdiv
       ___lwmod
     _clcd_print
     _clear_clcd
     _read_switches
     _write_ds1307
   _view_dashboard
     ___fldiv
       ___xxtofl (ARG)
         _read_adc (ARG)
       _read_adc (ARG)
     ___fltol
       ___fldiv (ARG)
       ___xxtofl (ARG)
       _read_adc (ARG)
     ___lwdiv
     ___lwmod
     ___xxtofl
     _clcd_print
     _clear_clcd
     _get_time
       _read_ds1307
     _read_adc
     _read_switches
     _write_internal_eeprom
   _view_log
     _clcd_print
     _clcd_putch
       _clcd_write
     _clear_clcd
     _read_internal_eeprom
     _read_switches

 _isr (ROOT)

Address spaces:
Name               Size   Autos  Total    Usage
BIGRAM            1535      0       0      0.0%
BITBIGSFRlll       641      0       0      0.0%
BITBANK5           256      0       0      0.0%
BANK5              256      0       0      0.0%
BITBANK4           256      0       0      0.0%
BANK4              256      0       0      0.0%
BITBANK3           256      0       0      0.0%
BANK3              256      0       0      0.0%
BITBANK2           256      0       0      0.0%
BANK2              256      0       0      0.0%
BITBANK1           256      0       0      0.0%
BANK1              256      0       0      0.0%
BITBANK0           160      0       0      0.0%
BANK0              160      0      76     47.5%
BITCOMRAM           94      0       0      0.0%
COMRAM              94     60      93     98.9%
BITBIGSFRh          82      0       0      0.0%
BITBIGSFRllh        28      0       0      0.0%
BITBIGSFRlh         14      0       0      0.0%
STACK                0      0       0      0.0%
DATA                 0      0     170      0.0%


Microchip Technology PIC18 Macro Assembler V3.10 build 20250813170317 
Symbol Table                                                                                   Wed May  6 14:50:57 2026

                 ___fldiv@aexp 002F                   ___fldiv@bexp 002E                   ___fldiv@sign 0027  
               clcd_print@addr 0006                 clcd_print@data 0004                             l70 18AA  
                           l47 18CA                             l91 1076                             l83 1990  
                           l94 10A4                             l86 104E                             l95 10E0  
                           l87 113A                             l96 10B8                             l88 108A  
                           l89 1062                             _GO 7E11                             l98 10CC  
                           _gr 004D                             _hr 0049             _init_matrix_keypad 1980  
                          l101 10FC                            l103 1110                            l105 1124  
                          l140 17C6                            l116 14C8                            l212 1908  
                          l141 17CA                            l150 15A6                            l215 1888  
                          l144 17FE                            l320 185C                            l209 170E  
                          l321 185E                            l153 193C                            l250 196A  
                          l324 19B4                            l404 1454                            l253 1992  
                          l318 184E                            l255 19A0                            l263 19DC  
                          l256 19A2                            l272 19C0                            l192 1754  
                          l281 19CC                            l425 08B4                            l186 1924  
                          l266 19D4                            l362 0B60                            l451 1032  
                          l275 19EC                            l427 09A6                            l269 19E4  
                          l189 1728                            l278 19F2                            l542 0464  
                          l543 06BC                            l299 133E                            l491 194E  
                          l492 1954                            l564 1790                            l486 18EA  
                          l489 1940                            l498 16C6                            l587 197E  
                          _CKE 7E3E                            _GIE 7F97                            _RC0 7C10  
                          _RC1 7C11                            _RC2 7C12                            _RD7 7C1F  
                          _PEN 7E2A                            _SEN 7E28                            _PSA 7EAB  
                          _RX9 7D5E                            _SMP 7E3F                            _TX9 7D66  
                          _ind 004F                            _key 005E                            _min 0047  
                          _sec 0045                            _isr 0008                            _pgr 008C  
               clcd_putch@addr 0004                            _spd 004B                 clcd_putch@data 0005  
                          wreg 0FE8            ?_init_matrix_keypad 0002                   ___fltol@exp1 0039  
              ?_view_dashboard 0002                           l1009 1240                           l1210 153A  
                         l1203 1532                           l1220 160A                           l1213 1602  
                         l1305 024A                           l3001 0830                           l1306 0268  
                         l1307 02C0                           l3011 0894                           l3003 0850  
                         l1308 02AE                           l3021 08C8                           l3013 08A0  
                         l3005 0856                           l3101 0A92                           l3031 09A2  
                         l3023 08D6                           l3015 08A6                           l3007 0870  
                         l3111 0B12                           l3103 0A9A                           l2401 17B0  
                         l3041 1270                           l3033 1242                           l1601 1962  
                         l3201 06A0                           l3121 03A8                           l3017 08B6  
                         l3009 0882                           l3025 08E4                           l3113 0B36  
                         l3105 0AEE                           l1370 0D14                           l2403 17B2  
                         l3035 1254                           l3211 0ED2                           l2411 19D6  
                         l1603 1964                           l1611 18E2                           l3203 06B6  
                         l3131 0402                           l3123 03BA                           l3027 08FE  
                         l3019 08BA                           l3115 0B44                           l3107 0AF2  
                         l2405 17B4                           l3061 12DE                           l3053 1298  
                         l3045 1278                           l3037 125C                           l3221 0F20  
                         l3213 0EE4                           l3205 0EA8                           l2413 19D8  
                         l2421 19D0                           l1605 1966                           l1621 197A  
                         l1613 18E6                           l3141 045C                           l3133 0412  
                         l3125 03E4                           l1381 0CAC                           l3029 0906  
                         l3117 0B52                           l3109 0B02                           l3301 0E1A  
                         l1294 039E                           l1374 0C50                           l2407 17B6  
                         l3063 12F8                           l3055 12A8                           l3047 128A  
                         l3039 126E                           l3231 0F4E                           l3223 0F24  
                         l3215 0EFA                           l3207 0EAE                           l2423 19DE  
                         l2415 19B8                           l1607 1968                           l1623 197C  
                         l1615 18E8                           l3151 0526                           l3135 0422  
                         l3127 03EE                           l3119 03A0                           l1367 0BB8  
                         l3071 09B0                           l3303 0E2A                           l3311 0E5A  
                         l1296 0204                           l2409 17B8                           l2433 153C  
                         l2505 1132                           l2441 1034                           l3065 12FE  
                         l3057 12C4                           l3049 128E                           l3241 0F8A  
                         l3233 0F5C                           l3225 0F28                           l3217 0F0E  
                         l3209 0EC0                           l2425 19E0                           l2417 19BC  
                         l2521 1876                           l2513 1862                           l2601 16FA  
                         l1617 196C                           l1609 18CC                           l3161 057A  
                         l3153 0534                           l3145 046C                           l3137 043A  
                         l3129 03F8                           l3081 0A18                           l3073 09C0  
                         l3305 0E3E                           l2435 154A                           l2611 188A  
                         l2443 1048                           l3067 131A                           l3059 12CC  
                         l2603 166A                           l3251 0FC2                           l3243 0F98  
                         l3235 0F6A                           l3227 0F34                           l3219 0F1A  
                         l2427 19C2                           l2419 19CE                           l2523 1882  
                         l2515 1866                           l2531 18F8                           l1635 1980  
                         l1619 1974                           l3163 058E                           l3171 05D6  
                         l3155 0544                           l3147 0508                           l3139 0458  
                         l1299 01C8                           l3083 0A20                           l3075 09DA  
                         l2437 1572                           l2509 1138                           l2461 1084  
                         l2621 148E                           l2613 1458                           l2605 166E  
                         l3253 0FCC                           l3245 0F9C                           l3237 0F78  
                         l3229 0F40                           l3261 0FF0                           l1581 190A  
                         l2429 19CA                           l2517 186C                           l2533 18FE  
                         l1637 1988                           l2541 14CA                           l3181 061C  
                         l3173 05E6                           l3165 05A0                           l3157 0552  
                         l3149 0516                           l2701 1434                           l3085 0A32  
                         l3093 0A4A                           l3077 09E4                           l3069 09A8  
                         l2391 1794                           l2439 1576                           l2471 10B2  
                         l2455 1070                           l2631 14A6                           l2623 1490  
                         l2615 1468                           l2607 1692                           l3263 1006  
                         l3255 0FD6                           l3247 0FAA                           l3239 0F7C  
                         l2383 1992                           l2519 1872                           l2535 1904  
                         l2527 18EE                           l1639 198A                           l2551 1500  
                         l2543 14D0                           l2711 1770                           l3191 0666  
                         l3183 0630                           l3175 05EA                           l3167 05B4  
                         l3159 0566                           l2703 143C                           l3095 0A5E  
                         l3087 0A38                           l3079 09F6                           l3271 0D36  
                         l2393 17A6                           l2465 109E                           l2449 105C  
                         l2617 146E                           l2633 14AE                           l2537 1940  
                         l2609 1696                           l3257 0FE0                           l3249 0FB8  
                         l2385 19E6                           l2529 18F2                           l2561 152C  
                         l2553 1506                           l2545 14E2                           l2713 1776  
                         l3193 066A                           l3185 0634                           l3177 0600  
                         l3169 05C6                           l2801 0202                           l2721 001E  
                         l2705 1452                           l3097 0A6C                           l3089 0A42  
                         l3361 0E6E                           l3281 0D94                           l3273 0D56  
                         l3265 0D16                           l2395 17AA                           l2483 10DA  
                         l2635 14BE                           l2619 147E                           l2539 1950  
                         l3259 0FEC                           l2387 19E8                           l2555 151C  
                         l2547 14EA                           l2571 15D8                           l2563 15A8  
                         l2715 178E                           l2707 1756                           l3195 0680  
                         l3187 064A                           l3179 060A                           l2811 0248  
                         l2803 0214                           l2731 005E                           l2723 002C  
                         l2651 174C                           l2643 1928                           l3099 0A78  
                         l3291 0DEE                           l3283 0D9C                           l3275 0D5E  
                         l3267 0D1E                           l2397 17AC                           l2493 110A  
                         l2477 10C6                           l2629 1496                           l2581 17CE  
                         l2389 19EE                           l1597 1956                           l2557 1524  
                         l2549 14F2                           l2573 15EE                           l2565 15BA  
                         l2709 1758                           l3197 068A                           l3189 0654  
                         l2821 02D0                           l2805 022A                           l2813 025A  
                         l2741 0082                           l2733 0060                           l2725 002E  
                         l2901 0B74                           l2645 1712                           l2661 183C  
                         l3293 0DF2                           l3285 0DB4                           l3277 0D70  
                         l3269 0D2E                           l2399 17AE                           l2487 10F6  
                         l2639 14C6                           l2591 17F4                           l2583 17D4  
                         l1599 195A                           l2559 1526                           l2575 15F6  
                         l2567 15C2                           l3199 069C                           l2831 0332  
                         l2823 02DC                           l2815 0278                           l2807 0230  
                         l2751 00C2                           l2743 0090                           l2727 003E  
                         l2735 0066                           l2719 0012                           l2911 0BF2  
                         l2903 0B82                           l2647 1726                           l2671 184A  
                         l2663 183E                           l2655 1832                           l3295 0DF6  
                         l3287 0DC6                           l3279 0D84                           l2681 19AE  
                         l2585 17D6                           l2593 16C8                           l2577 15FC  
                         l2569 15CA                           l2841 037E                           l2833 0348  
                         l2825 02EA                           l2817 02A6                           l2809 023A  
                         l2761 0100                           l2753 00C4                           l2745 0092  
                         l2737 0076                           l2729 004E                           l2921 0C46  
                         l2913 0BFA                           l2905 0BC8                           l2649 1736  
                         l2673 184C                           l2665 1840                           l2657 1836  
                         l3297 0E0C                           l3289 0DD6                           l2499 111E  
                         l2683 19B0                           l2675 19A6                           l2587 17E0  
                         l2579 17CC                           l2595 16D0                           l2843 038C  
                         l2835 0362                           l2827 0314                           l2771 0130  
                         l2763 0108                           l2747 00A2                           l2755 00CA  
                         l2739 007C                           l2931 0CBC                           l2923 0C82  
                         l2915 0C06                           l2907 0BDE                           l2691 13EC  
                         l2667 1842                           l2659 183A                           l3299 0E14  
                         l2685 19B2                           l2677 19AA                           l2589 17EA  
                         l2597 16DC                           l2845 0392                           l2837 0378  
                         l2829 0318                           l2781 016E                           l2773 0130  
                         l2765 010C                           l2757 00DA                           l2749 00B2  
                         l2861 1166                           l2941 0D04                           l2933 0CC0  
                         l2925 0C8E                           l2917 0C38                           l2693 13FA  
                         l2669 1846                           l2679 19AC                           l2599 16F0  
                         l2951 18B8                           l2847 0394                           l2839 037A  
                         l2791 01B8                           l2783 017E                           l2759 00F0  
                         l2871 11B4                           l2863 1190                           l2855 113C  
                         l2935 0CE4                           l2927 0C9C                           l2919 0C3A  
                         l2695 1412                           l2953 18BC                           l2945 18AC  
                         l2793 01C6                           l2785 018E                           l2777 0144  
                         l2769 0120                           l2881 11E0                           l2865 1192  
                         l2857 1152                           l2937 0CF4                           l2929 0CBA  
                         l2697 1426                           l2689 13D4                           l2961 06BE  
                         l2955 18C0                           l2947 18B0                           l2795 01D2  
                         l2787 0194                           l2779 015E                           l2891 1210  
                         l2867 11A2                           l2939 0D02                           l2699 142A  
                         l2971 06FA                           l2963 06C6                           l2957 18C4  
                         l2949 18B4                           l2797 01F0                           l2789 01A4  
                         l2893 1220                           l2877 11CC                           l2869 11A6  
                         l2981 0742                           l2973 0710                           l2965 06D8  
                         l2959 18C8                           l2799 01F2                           l2895 1230  
                         l2887 11F4                           l2879 11D6                           l2991 077E  
                         l2983 0754                           l2975 0718                           l2967 06E2  
                         l2889 1200                           l2993 0792                           l2985 075C  
                         l2977 072A                           l2969 06EA                           l2899 0B64  
                         l2995 07EE                           l2987 0770                           l2979 073C  
                         l2997 07F4                           l2989 0778                           l2999 080C  
                         _ADFM 7E07                           ?_isr 0002                           _ADON 7E10  
                         STR_1 2F7C                           STR_2 2FF8                           STR_3 2F56  
                         STR_4 2F8D                           STR_5 2F9E                           STR_6 2F6B  
                         STR_7 2F04                           STR_8 2E9F                           STR_9 2EE3  
                         _BRGH 7D62                           _CREN 7D5C                           _T0CS 7EAD  
                         u2000 0BDE                           u2001 0BDA                           u2010 0C34  
                         u2011 0C30                           u2020 0C7E                           u2100 0710  
                         u2021 0C7A                           u2101 070C                           u1310 19A0  
                         u2030 0C9C                           u2110 072A                           u1311 199C  
                         u2031 0C98                           u2111 0726                           u1320 17A4  
                         u1400 1070                           u2040 0CAC                           u2120 073C  
                         u1321 179E                           u1401 106C                           u2201 124C  
                         u2041 0CA8                           u2121 0738                           u1410 1084  
                         u2210 126E                           u2050 0CBA                           u2130 0754  
                         u1411 1080                           u2211 126A                           u2051 0CB6  
                         u2131 0750                           u1340 17C6                           u1420 109E  
                         u2220 128A                           u1500 194E                           u2060 0CF4  
                         u2140 0770                           u2300 0A18                           u1341 17C2  
                         u1421 109A                           u2221 1286                           u1501 194A  
                         u2061 0CF0                           u2141 076C                           u2301 0A14  
                         u1350 156E                           u1430 10B2                           u2230 12A8  
                         u1510 14E2                           u2070 0D02                           u2150 0792  
                         u2310 0A32                           u1335 17A6                           u1431 10AE  
                         u2231 12A4                           u1511 14DE                           u2071 0CFE  
                         u2151 078E                           u2311 0A2E                           u1360 1596  
                         u1440 10C6                           u1600 1468                           u2240 12C4  
                         u1520 1500                           u2400 0600                           u2160 0882  
                         u2080 06D8                           u2320 0A5E                           u1441 10C2  
                         u1601 1464                           u2241 12C0                           u1521 14FC  
                         u2401 05FC                           u2161 087E                           u2081 06D4  
                         u2321 0A5A                           u1370 15A6                           u1450 10DA  
                         u1610 147E                           u2250 12DE                           u1530 151C  
                         u2410 061C                           u2170 0890                           u2090 06FA  
                         u2330 0A92                           u1371 15A2                           u1451 10D6  
                         u1611 147A                           u2251 12DA                           u1531 1518  
                         u2411 0618                           u2171 088C                           u2091 06F6  
                         u2331 0A8E                           u1460 10F6                           u1380 1048  
                         u1620 148E                           u2260 12F8                           u1540 15BA  
                         u2420 0630                           u2340 03BA                           u1700 004E  
                         u2180 08B4                           u1357 1564                           u1461 10F2  
                         u1381 1044                           u1621 148A                           u2261 12F4  
                         u2501 0EDC                           u1541 15B6                           u2421 062C  
                         u2341 03B6                           u1701 004A                           u2181 08B0  
                         u1470 110A                           u1390 105C                           u1630 14A6  
                         u1550 15D8                           u2430 064A                           u2350 0566  
                         u1710 0090                           u2190 08FE                           u2270 09C0  
                         u1367 158C                           u1471 1106                           u1391 1058  
                         u1631 14A2                           u2511 0EEE                           u1551 15D4  
                         u2431 0646                           u2351 0562                           u1711 008C  
                         u2191 08FA                           u2271 09BC                           u1480 111E  
                         u1640 14BE                           u2520 0F0E                           u1560 15EE  
                         u2440 0666                           u2360 057A                           u1800 022A  
                         u1720 00A2                           u2280 09DA                           u1481 111A  
                         u1641 14BA                           u2521 0F0A                           u1561 15EA  
                         u2441 0662                           u2361 0576                           u1801 0226  
                         u1721 009E                           u2281 09D6                           u1490 1132  
                         u1570 168E                           u2530 1006                           u2450 0680  
                         u2370 05A0                           u1810 0248                           u1730 00B2  
                         u1650 1736                           u2290 09F6                           u1491 112E  
                         u2531 1002                           u2451 067C                           u2371 059C  
                         u1811 0244                           u1731 00AE                           u1651 1732  
                         u2291 09F2                           u1580 16B6                           u2460 069C  
                         u2380 05C6                           u1900 038C                           u1820 0268  
                         u1740 00F0                           u1660 185C                           u2540 0D70  
                         u2461 0698                           u2381 05C2                           u1901 0388  
                         u1821 0264                           u1741 00EC                           u1661 1858  
                         u2541 0D6C                           u1590 16C6                           u2470 06B6  
                         u2390 05E6                           u1830 0278                           u1750 0130  
                         u1910 1152                           u1670 13FA                           u2550 0DC6  
                         u1591 16C2                           u2471 06B2                           u2391 05E2  
                         u1831 0274                           u1751 012C                           u1911 114E  
                         u1671 13F6                           u2607 0E00                           u2551 0DC2  
                         u1840 02A6                           u1760 01A4                           u1680 002C  
                         u1920 1186                           u1577 1684                           u2481 0EB8  
                         u1841 02A2                           u1761 01A0                           u1681 0028  
                         u2617 0E48                           u1850 02BC                           u1770 01C6  
                         u1690 003E                           u1930 11B4                           u1587 16AC  
                         u2491 0ECA                           u2627 042C                           u1851 02B8  
                         u1771 01C2                           u1691 003A                           u1931 11B0  
                         u1860 02D0                           u1780 01F0                           u1940 11C8  
                         u1861 02CC                           u1781 01EC                           u1941 11C4  
                         u1925 117C                           u1870 02EA                           u1790 0214  
                         u1950 11F0                           u1871 02E6                           u1791 0210  
                         u1951 11EC                           u1880 0332                           u1960 1210  
                         u1881 032E                           u1961 120C                           u1890 0362  
                         u1970 1220                           u1891 035E                           u1971 121C  
                         u1980 0B74                           u1981 0B70                           u1990 0B82  
                         u1991 0B7E                           _RCEN 7E2B                           _RCIF 7CF5  
                         _RBPU 7F8F                           _TMR0 0FD6                           _SPEN 7D5F  
                         _RSEN 7E29                           _TXEN 7D65                           _TXIF 7CF4  
                         _SYNC 7D64                           _gear 005B                           _flag 0094  
                         _main 0D16                           _from 0098                           _pind 008E  
                         _time 009A                           fsr0h 0FEA                           indf0 0FEF  
                         fsr2h 0FDA                           fsr0l 0FE9                           indf2 0FDF  
                         fsr1l 0FE1                           fsr2l 0FD9                           btemp 0001  
                         _puts 166A                           prodl 0FF3                           start 000E  
              ___fldiv@new_exp 0028           ??_init_matrix_keypad 0002                   ___param_bank 0000  
               clcd_write@byte 0003                  _i2c_rep_start 19DE                  ??_i2c_rx_mode 0002  
                        ??_isr 0002                   ?_init_ds1307 0002                  ___fltol@sign1 0038  
                        _ADCS0 7E00                          _ADCS1 7E01                          _ADCS2 7E02  
                        ?_main 0002                   ?_read_ds1307 0002                          _ACKEN 7E2C  
                        _ACKDT 7E2D                          _BCLIF 7D0B                __end_of___fldiv 03A0  
                        _ACQT0 7E03                          _ACQT1 7E04                          _ACQT2 7E05  
                        _EEADR 0FA9                          STR_10 2F5A                          STR_11 2FAF  
                        STR_12 2F49                          STR_20 2EC2                          STR_13 2F49  
                        STR_21 2F27                          STR_22 2F38                          STR_14 2FCE  
                        STR_23 2F16                          STR_15 2FC0                          STR_24 2FAF  
                        _BRG16 7DC3                          STR_16 2FEA                          STR_25 2FFC  
                        STR_17 2FDC                          STR_26 2FFC                          STR_18 2F4F  
                        STR_19 2EBF                          STR_27 2F57                          STR_28 2F57  
                        STR_29 2F57                __end_of___fltol 1242                          ?_puts 0003  
              __end_of___lwdiv 153C                __end_of___lwmod 160C                   ?_init_config 0002  
                        i2l599 13D0                          _VCFG0 7E0C                          _VCFG1 7E0D  
                        _RCREG 0FAE                          _SENDB 7D63                          _SPBRG 0FAF  
                        _PORTB 0F81                          _PORTD 0F83                          _TRISB 0F93  
                        _TRISC 0F94                          _TRISD 0F95                          _SSPIF 7CF3  
                        _TXREG 0FAD                   ?_init_timer0 0002                          _field 0043  
                        _count 0092                          _index 0053                          _speed 0057  
                        btemp0 0001                          btemp1 0002                          _state 0056  
                        _putch 193E                          tablat 0FF5                          plusw1 0FE3  
                        plusw2 0FDB                          puts@s 0003                          status 0FD8  
      ??_write_internal_eeprom 0003               init_ds1307@dummy 0005                     _i2c_no_ack 19EE  
              __initialization 160C                 ?_i2c_rep_start 0002                   __end_of_main 0EA8  
                 __end_of_puts 16C8               __end_of_i2c_idle 19A4               __end_of_i2c_read 19CE  
             __end_of_i2c_stop 19D6                  ?_download_log 0002                         ??_main 003C  
                       ??_puts 0005                  __activetblptr 0002            __end_of_i2c_rx_mode 19EE  
                       _ADCON0 0FC2                         _ADCON1 0FC1               read_switches@key 0055  
                       _ADRESH 0FC4                         _ADRESL 0FC3                         _EEDATA 0FA8  
                       _EECON2 0FA7                         _T08BIT 7EAE                         ?_putch 0002  
                       _GODONE 7E11                         i2l3321 1342                         i2l3331 1394  
                       i2l3323 1350                         i2l3333 13AA                         i2l3325 136E  
                       i2l3335 13B6                         i2l3327 1372                         i2l3329 1388  
                       i2l3337 13C0                         i2l3339 13CE                   _write_ds1307 18EC  
                       _TMR0IE 7F95                         _TMR0IF 7F92                         _TMR0ON 7EAF  
                       _SSPADD 0FC8                         _TRISC3 7CA3                         _TRISC4 7CA4  
                       _TRISC6 7CA6                         _TRISC7 7CA7                         _TRISD7 7CAF  
                       _SSPBUF 0FC9               __end_of___xxtofl 0D16               __end_of_get_time 1456  
                    ??___fldiv 001F                      ??___fltol 0034                      ??___lwdiv 0006  
                    ??___lwmod 0006               __end_of_init_i2c 196C               __end_of_init_adc 1926  
                       _hr_str 00A9               __end_of_read_adc 1756                         clear_0 164A  
                       clear_1 1656                 ??_download_log 0007                         isa$std 0001  
             __end_of_scan_key 113C                         _toggle 0090                   __pdataCOMRAM 005D  
             __end_of_set_time 06BE                   __mediumconst 2E9E                         tblptrh 0FF7  
                       tblptrl 0FF6                         tblptru 0FF8               __end_of_view_log 0B62  
                _bcd_converter 1756                   ___xxtofl@arg 0013                   ___xxtofl@exp 0012  
                 ___xxtofl@val 0009                     __accesstop 0060        __end_of__initialization 165C  
                ___rparam_used 0001                     ___fltol@f1 0030                ??_i2c_rep_start 0002  
                  ?_i2c_no_ack 0002                 __pcstackCOMRAM 0002                   __pidataBANK0 1800  
                  _i2c_rx_mode 19E6                  __end_of_putch 1956              __end_of_i2c_start 19DE  
            __end_of_i2c_write 19C2               ??_view_dashboard 003A                 ?_bcd_converter 0009  
                      ??_putch 0002                     __pbssBANK0 0090                      ?_i2c_idle 0002  
                    ?_i2c_read 0002                      ?_i2c_stop 0002                     _clcd_print 153C  
                   _clcd_putch 1926                     _clcd_write 1792                     _clear_clcd 188A  
              read_ds1307@data 0004              read_switches@once 005D                        _ACKSTAT 7E2E  
                    ?___xxtofl 0009                        _SSPCON1 0FC6                      ?_get_time 0002  
                _read_switches 1456                     ??_i2c_idle 0002                     ??_i2c_read 0002  
                   ??_i2c_stop 0002                      ?_init_i2c 0002           __end_of_download_log 1034  
  read_internal_eeprom@address 0002                      ?_init_adc 0002                      ?_read_adc 0002  
                    ?_scan_key 0002  __end_of_write_internal_eeprom 1860                        __Hparam 0000  
                      __Lparam 0000                      ?_set_time 0002                        ___fldiv 0012  
                    ?_view_log 0002                        ___fltol 113C                        ___lwdiv 14CA  
                      ___lwmod 15A8                        __pcinit 160C                        __ramtop 0600  
                      __ptext0 0D16                        __ptext1 09A8                        __ptext2 1926  
                      __ptext3 06BE                        __ptext4 1830                        __ptext5 1710  
                      __ptext6 13D4                        __ptext7 0B62                        __ptext8 113C  
                      __ptext9 0012                        _of_flag 0096              __end_of_init_clcd 1800  
              ??_bcd_converter 000B                     ??___xxtofl 000D                        _log_num 0051  
                      _min_str 00A6              __end_of_init_uart 18EC                        _sec_str 00A3  
    write_internal_eeprom@data 0002                 ?_read_switches 0002                     ??_get_time 0005  
               __pintcode_body 1340           end_of_initialization 165C                     ??_init_i2c 0002  
                   ??_init_adc 0002                  __Lmediumconst 2E9E                     ??_read_adc 0004  
                      int_func 1340                     ??_scan_key 0002                    ?_clcd_print 0004  
                  ?_clcd_putch 0004                    ?_clcd_write 0002                    ?_clear_clcd 0002  
                   ??_set_time 000C                        postdec1 0FE5                        postdec2 0FDD  
                      postinc0 0FEE                        postinc2 0FDE                     ??_view_log 0007  
                    _PORTBbits 0F81                read_adc@channel 0008                  i2c_write@data 0002  
                ___xxtofl@sign 0011                read_adc@reg_val 0006                    ___fldiv@grs 002A  
                  ___fldiv@rem 0023              _count@timer0$F585 0041                   ??_i2c_no_ack 0002  
 __end_of_read_internal_eeprom 19B6                   ?_i2c_rx_mode 0002                  __pidataCOMRAM 19F4  
          start_initialization 160C                ??_read_switches 0002                      _i2c_start 19D6  
                  __end_of_isr 13D4                      _i2c_write 19B6             __end_of_i2c_no_ack 19F4  
        __end_of_i2c_rep_start 19E6                 set_time@minute 000F                 set_time@second 0010  
                ??_init_ds1307 0005                    __pdataBANK0 0060                  ??_read_ds1307 0003  
                 _download_log 0EA8    read_switches@detection_type 0002                  ??_init_config 0006  
                    ___fldiv@a 001B                      ___fldiv@b 0017                  ??_init_timer0 0002  
                  __pbssCOMRAM 003E                     ?_i2c_start 0002                     ?_i2c_write 0002  
             ___lwdiv@dividend 0002        display_main_menu@F10519 006A                      __pintcode 0008  
                __pmediumconst 2E9E                       ?___fldiv 0017                       ?___fltol 0030  
           read_ds1307@address 0003                       ?___lwdiv 0002                      _clock_reg 003E  
                     ?___lwmod 0002          display_main_menu@menu 0008                    __smallconst 2E9E  
          __end_of_init_ds1307 1710            __end_of_read_ds1307 188A              _display_main_menu 1242  
             ___lwdiv@quotient 0006                      _init_clcd 17CC            __end_of_init_config 18CC  
                    _init_uart 18CC           _read_internal_eeprom 19A4             ?_display_main_menu 0002  
                ?_write_ds1307 0003            __end_of_init_timer0 1980                   ??_clcd_print 0007  
                 ??_clcd_putch 0005     __end_of_init_matrix_keypad 1992                   ??_clcd_write 0003  
          ??_display_main_menu 0007                   ??_clear_clcd 0007                       i2u256_40 1350  
                     i2u256_41 134C                       i2u257_40 136E                       i2u257_41 136A  
                     i2u258_40 1388                       i2u258_41 1384                       i2u259_40 13AA  
                     i2u259_41 13A6                       _PIR2bits 0FA1          _write_internal_eeprom 1830  
              view_dashboard@i 003A          clcd_write@control_bit 0002      __end_of_display_main_menu 1340  
        __end_of_bcd_converter 1792                    ??_i2c_start 0002             __end_of_clcd_print 15A8  
                  ??_i2c_write 0002             __end_of_clcd_putch 193E             __end_of_clcd_write 17CC  
                   ?_init_clcd 0002             __end_of_clear_clcd 18AC                     ?_init_uart 0002  
        ?_read_internal_eeprom 0002                      copy_data0 1620                 ??_write_ds1307 0004  
                     _i2c_idle 1992                       _i2c_read 19C2                       _i2c_stop 19CE  
                   _EECON1bits 0FA6                       __Hrparam 0000                       __Lrparam 0000  
                  _init_ds1307 16C8                    _read_ds1307 1860                    _init_config 18AC  
                     ___xxtofl 0B62            write_ds1307@address 0004                    _init_timer0 196C  
              ___lwdiv@divisor 0004                ___lwdiv@counter 0008                       __ptext10 03A0  
                     __ptext11 1756                       __ptext20 18EC                       __ptext12 15A8  
                     __ptext21 1860                       __ptext13 14CA                       __ptext30 17CC  
                     __ptext22 19B6                       __ptext14 18AC                       __ptext31 190A  
                     __ptext23 19CE                       __ptext15 18CC                       __ptext40 153C  
                     __ptext32 0EA8                       __ptext24 19D6                       __ptext16 196C  
                     __ptext41 1792                       __ptext33 19A4                       __ptext25 19DE  
                     __ptext17 1980                       __ptext34 166A                       __ptext26 19C2  
                     __ptext18 1956                       __ptext35 193E                       __ptext27 19E6  
                     __ptext19 16C8                       __ptext36 1242                       __ptext28 1992  
                     __ptext37 1456                       __ptext29 19EE                       __ptext38 1034  
                     __ptext39 188A                       _get_time 13D4                       _init_i2c 1956  
                     _init_adc 190A                       _read_adc 1710                       _scan_key 1034  
       ?_write_internal_eeprom 0002                       _set_time 03A0                       isa$xinst 0000  
                     int$flags 0001                       _view_log 09A8                      putch@byte 0002  
                 set_time@hour 000E         ??_read_internal_eeprom 0002                    ??_init_clcd 0004  
        __end_of_read_switches 14CA                    ??_init_uart 0002                       intlevel2 0000  
               _view_dashboard 06BE               ___lwmod@dividend 0002             download_log@F10521 007D  
           download_log@F10523 0085             download_log@F10525 0074             download_log@F10519 0060  
         __end_of_write_ds1307 190A                ___lwmod@divisor 0004                ___lwmod@counter 0006  
             bcd_converter@num 0009         __end_of_view_dashboard 09A8               write_ds1307@data 0003  
              bcd_converter@ch 000B              download_log@si_no 000E              download_log@speed 0018  
             download_log@gear 0007   write_internal_eeprom@address 0003               download_log@time 0020  
              download_log@ind 0029  
